document_id,stock_code,ticker,report_year,market
MDA_0012_3A_2020,0012,3A,2020,Main
MDA_0012_3A_2021,0012,3A,2021,Main
MDA_0012_3A_2022,0012,3A,2022,Main
MDA_0012_3A_2023,0012,3A,2023,Main
MDA_0012_3A_2024,0012,3A,2024,Main
MDA_0212_SDS_2020,0212,SDS,2020,Main
MDA_0212_SDS_2021,0212,SDS,2021,Main
MDA_0212_SDS_2022,0212,SDS,2022,Main
MDA_0212_SDS_2023,0212,SDS,2023,Main
MDA_0212_SDS_2024,0212,SDS,2024,Main
MDA_2658_AJI_2020,2658,AJI,2020,Main
MDA_2658_AJI_2021,2658,AJI,2021,Main
MDA_2658_AJI_2022,2658,AJI,2022,Main
MDA_2658_AJI_2023,2658,AJI,2023,Main
MDA_2658_AJI_2024,2658,AJI,2024,Main
MDA_2828_CIHLDG_2020,2828,CIHLDG,2020,Main
MDA_2828_CIHLDG_2021,2828,CIHLDG,2021,Main
MDA_2828_CIHLDG_2022,2828,CIHLDG,2022,Main
MDA_2828_CIHLDG_2023,2828,CIHLDG,2023,Main
MDA_2828_CIHLDG_2024,2828,CIHLDG,2024,Main
MDA_2836_CARLSBG_2020,2836,CARLSBG,2020,Main
MDA_2836_CARLSBG_2021,2836,CARLSBG,2021,Main
MDA_2836_CARLSBG_2022,2836,CARLSBG,2022,Main
MDA_2836_CARLSBG_2023,2836,CARLSBG,2023,Main
MDA_2836_CARLSBG_2024,2836,CARLSBG,2024,Main
MDA_3026_DLADY_2020,3026,DLADY,2020,Main
MDA_3026_DLADY_2021,3026,DLADY,2021,Main
MDA_3026_DLADY_2022,3026,DLADY,2022,Main
MDA_3026_DLADY_2023,3026,DLADY,2023,Main
MDA_3026_DLADY_2024,3026,DLADY,2024,Main
MDA_3255_HEIM_2020,3255,HEIM,2020,Main
MDA_3255_HEIM_2021,3255,HEIM,2021,Main
MDA_3255_HEIM_2022,3255,HEIM,2022,Main
MDA_3255_HEIM_2023,3255,HEIM,2023,Main
MDA_3255_HEIM_2024,3255,HEIM,2024,Main
MDA_3662_MFLOUR_2020,3662,MFLOUR,2020,Main
MDA_3662_MFLOUR_2021,3662,MFLOUR,2021,Main
MDA_3662_MFLOUR_2022,3662,MFLOUR,2022,Main
MDA_3662_MFLOUR_2023,3662,MFLOUR,2023,Main
MDA_3662_MFLOUR_2024,3662,MFLOUR,2024,Main
MDA_3689_FN_2020,3689,FN,2020,Main
MDA_3689_FN_2021,3689,FN,2021,Main
MDA_3689_FN_2022,3689,FN,2022,Main
MDA_3689_FN_2023,3689,FN,2023,Main
MDA_4065_PPB_2020,4065,PPB,2020,Main
MDA_4065_PPB_2021,4065,PPB,2021,Main
MDA_4065_PPB_2022,4065,PPB,2022,Main
MDA_4065_PPB_2023,4065,PPB,2023,Main
MDA_4065_PPB_2024,4065,PPB,2024,Main
MDA_4707_NESTLE_2020,4707,NESTLE,2020,Main
MDA_4707_NESTLE_2021,4707,NESTLE,2021,Main
MDA_4707_NESTLE_2022,4707,NESTLE,2022,Main
MDA_4707_NESTLE_2023,4707,NESTLE,2023,Main
MDA_4707_NESTLE_2024,4707,NESTLE,2024,Main
MDA_5008_HARISON_2021,5008,HARISON,2021,Main
MDA_5008_HARISON_2022,5008,HARISON,2022,Main
MDA_5008_HARISON_2023,5008,HARISON,2023,Main
MDA_5008_HARISON_2024,5008,HARISON,2024,Main
MDA_5102_GCB_2020,5102,GCB,2020,Main
MDA_5102_GCB_2021,5102,GCB,2021,Main
MDA_5102_GCB_2022,5102,GCB,2022,Main
MDA_5102_GCB_2023,5102,GCB,2023,Main
MDA_5102_GCB_2024,5102,GCB,2024,Main
MDA_5157_SG_2020,5157,SG,2020,Main
MDA_5157_SG_2021,5157,SG,2021,Main
MDA_5157_SG_2022,5157,SG,2022,Main
MDA_5157_SG_2023,5157,SG,2023,Main
MDA_5157_SG_2024,5157,SG,2024,Main
MDA_5187_HBGLOB_2020,5187,HBGLOB,2020,Main
MDA_5187_HBGLOB_2021,5187,HBGLOB,2021,Main
MDA_5187_HBGLOB_2022,5187,HBGLOB,2022,Main
MDA_5187_HBGLOB_2023,5187,HBGLOB,2023,Main
MDA_5187_HBGLOB_2024,5187,HBGLOB,2024,Main
MDA_5188_CNOUHUA_2020,5188,CNOUHUA,2020,Main
MDA_5188_CNOUHUA_2021,5188,CNOUHUA,2021,Main
MDA_5188_CNOUHUA_2022,5188,CNOUHUA,2022,Main
MDA_5188_CNOUHUA_2023,5188,CNOUHUA,2023,Main
MDA_5188_CNOUHUA_2024,5188,CNOUHUA,2024,Main
MDA_5202_MSM_2020,5202,MSM,2020,Main
MDA_5202_MSM_2021,5202,MSM,2021,Main
MDA_5202_MSM_2022,5202,MSM,2022,Main
MDA_5202_MSM_2023,5202,MSM,2023,Main
MDA_5202_MSM_2024,5202,MSM,2024,Main
MDA_5306_FFB_2022,5306,FFB,2022,Main
MDA_5306_FFB_2023,5306,FFB,2023,Main
MDA_5306_FFB_2024,5306,FFB,2024,Main
MDA_5533_OCB_2020,5533,OCB,2020,Main
MDA_5533_OCB_2021,5533,OCB,2021,Main
MDA_5533_OCB_2022,5533,OCB,2022,Main
MDA_5533_OCB_2023,5533,OCB,2023,Main
MDA_5533_OCB_2024,5533,OCB,2024,Main
MDA_6203_KHEESAN_2021,6203,KHEESAN,2021,Main
MDA_6203_KHEESAN_2022,6203,KHEESAN,2022,Main
MDA_6203_KHEESAN_2023,6203,KHEESAN,2023,Main
MDA_6203_KHEESAN_2024,6203,KHEESAN,2024,Main
MDA_6432_APOLLO_2020,6432,APOLLO,2020,Main
MDA_6432_APOLLO_2021,6432,APOLLO,2021,Main
MDA_6432_APOLLO_2022,6432,APOLLO,2022,Main
MDA_6432_APOLLO_2023,6432,APOLLO,2023,Main
MDA_6432_APOLLO_2024,6432,APOLLO,2024,Main
MDA_7035_CCK_2020,7035,CCK,2020,Main
MDA_7035_CCK_2021,7035,CCK,2021,Main
MDA_7035_CCK_2022,7035,CCK,2022,Main
MDA_7035_CCK_2023,7035,CCK,2023,Main
MDA_7035_CCK_2024,7035,CCK,2024,Main
MDA_7103_SPRITZER_2020,7103,SPRITZER,2020,Main
MDA_7103_SPRITZER_2021,7103,SPRITZER,2021,Main
MDA_7103_SPRITZER_2022,7103,SPRITZER,2022,Main
MDA_7103_SPRITZER_2023,7103,SPRITZER,2023,Main
MDA_7103_SPRITZER_2024,7103,SPRITZER,2024,Main
MDA_7107_OFI_2020,7107,OFI,2020,Main
MDA_7107_OFI_2021,7107,OFI,2021,Main
MDA_7107_OFI_2022,7107,OFI,2022,Main
MDA_7107_OFI_2023,7107,OFI,2023,Main
MDA_7167_ABLEGLOB_2020,7167,ABLEGLOB,2020,Main
MDA_7167_ABLEGLOB_2021,7167,ABLEGLOB,2021,Main
MDA_7167_ABLEGLOB_2022,7167,ABLEGLOB,2022,Main
MDA_7167_ABLEGLOB_2023,7167,ABLEGLOB,2023,Main
MDA_7167_ABLEGLOB_2024,7167,ABLEGLOB,2024,Main
MDA_7216_KAWAN_2020,7216,KAWAN,2020,Main
MDA_7216_KAWAN_2021,7216,KAWAN,2021,Main
MDA_7216_KAWAN_2022,7216,KAWAN,2022,Main
MDA_7216_KAWAN_2023,7216,KAWAN,2023,Main
MDA_7216_KAWAN_2024,7216,KAWAN,2024,Main
MDA_7237_PWROOT_2020,7237,PWROOT,2020,Main
MDA_7237_PWROOT_2021,7237,PWROOT,2021,Main
MDA_7237_PWROOT_2022,7237,PWROOT,2022,Main
MDA_7237_PWROOT_2023,7237,PWROOT,2023,Main
MDA_7237_PWROOT_2024,7237,PWROOT,2024,Main
MDA_7243_MAGMA_2020,7243,MAGMA,2020,Main
MDA_7243_MAGMA_2021,7243,MAGMA,2021,Main
MDA_7243_MAGMA_2022,7243,MAGMA,2022,Main
MDA_7243_MAGMA_2023,7243,MAGMA,2023,Main
MDA_7243_MAGMA_2024,7243,MAGMA,2024,Main
MDA_8303_LOTUS_2020,8303,LOTUS,2020,Main
MDA_8303_LOTUS_2021,8303,LOTUS,2021,Main
MDA_8303_LOTUS_2022,8303,LOTUS,2022,Main
MDA_8303_LOTUS_2023,8303,LOTUS,2023,Main
MDA_8303_LOTUS_2024,8303,LOTUS,2024,Main
MDA_8478_HWATAI_2020,8478,HWATAI,2020,Main
MDA_8478_HWATAI_2021,8478,HWATAI,2021,Main
MDA_8478_HWATAI_2022,8478,HWATAI,2022,Main
MDA_8478_HWATAI_2023,8478,HWATAI,2023,Main
MDA_8478_HWATAI_2024,8478,HWATAI,2024,Main
MDA_9946_ETA_2020,9946,ETA,2020,Main
MDA_9946_ETA_2021,9946,ETA,2021,Main
MDA_9946_ETA_2022,9946,ETA,2022,Main
MDA_9946_ETA_2023,9946,ETA,2023,Main
MDA_9946_ETA_2024,9946,ETA,2024,Main
