document_id,doc_type,include_flag,stock_code,ticker,company_name,report_year,extraction_status,text_path,source_path,source_file_sha256,notes
MDA_0012_3A_2020,mda,Yes,0012,3A,Three-A Resources Berhad,2020,success,02_extracted_text/mda/MDA_0012_3A_2020.txt,01_raw_annual_reports/0012_3A_THREE_A_RESOURCES_BERHAD/2020/0012_3A_AR_2020.pdf,0012_3A_AR_2020.pdf:4e4e84e6cb5e89dd8ebcf7f00b07fd6588fd6d0bfe7c0987809f35bde0582b3b,detected_heading=MANAGEMENT DISCUSSION AND ANALYSIS; section_type_norm=STRICT_OR_STRONG_EQUIVALENT_MDA; confidence=HIGH; codex_final_status=CODEX_FINAL_PASS; char_count=10959
MDA_0012_3A_2021,mda,Yes,0012,3A,Three-A Resources Berhad,2021,success,02_extracted_text/mda/MDA_0012_3A_2021.txt,01_raw_annual_reports/0012_3A_THREE_A_RESOURCES_BERHAD/2021/0012_3A_AR_2021.pdf,0012_3A_AR_2021.pdf:59607846c2d1ff41f430c2b3b0af1128a70dc0cfa7109ce9f2fb3430987193e6,detected_heading=MANAGEMENT DISCUSSION AND ANALYSIS; section_type_norm=STRICT_OR_STRONG_EQUIVALENT_MDA; confidence=HIGH; codex_final_status=CODEX_FINAL_PASS; char_count=8767
MDA_0012_3A_2022,mda,Yes,0012,3A,Three-A Resources Berhad,2022,success,02_extracted_text/mda/MDA_0012_3A_2022.txt,01_raw_annual_reports/0012_3A_THREE_A_RESOURCES_BERHAD/2022/0012_3A_AR_2022.pdf,0012_3A_AR_2022.pdf:b7e485336cc1666e271ee0937f8f2168c80e67df45f881be4689f7f96b4716b8,detected_heading=MANAGEMENT DISCUSSION AND ANALYSIS; section_type_norm=STRICT_OR_STRONG_EQUIVALENT_MDA; confidence=HIGH; codex_final_status=CODEX_FINAL_PASS; char_count=16100
MDA_0012_3A_2023,mda,Yes,0012,3A,Three-A Resources Berhad,2023,success,02_extracted_text/mda/MDA_0012_3A_2023.txt,01_raw_annual_reports/0012_3A_THREE_A_RESOURCES_BERHAD/2023/0012_3A_AR_2023.pdf,0012_3A_AR_2023.pdf:4beb36152c1d67afc3e3435213fcb1747de62aaf82ff57fcce7014f0c4d1e09f,detected_heading=MANAGEMENT DISCUSSION AND ANALYSIS; section_type_norm=STRICT_OR_STRONG_EQUIVALENT_MDA; confidence=HIGH; codex_final_status=CODEX_FINAL_PASS; char_count=15476
MDA_0012_3A_2024,mda,Yes,0012,3A,Three-A Resources Berhad,2024,success,02_extracted_text/mda/MDA_0012_3A_2024.txt,01_raw_annual_reports/0012_3A_THREE_A_RESOURCES_BERHAD/2024/0012_3A_AR_2024.pdf,0012_3A_AR_2024.pdf:57bd9e243da88a11351c9a09a88bad8fe54b2865c302fa2cc1cffb79679e8289,detected_heading=MANAGEMENT DISCUSSION AND ANALYSIS; section_type_norm=STRICT_OR_STRONG_EQUIVALENT_MDA; confidence=HIGH; codex_final_status=CODEX_FINAL_PASS; char_count=8235
MDA_0212_SDS_2020,mda,Yes,0212,SDS,SDSG,2020,success,02_extracted_text/mda/MDA_0212_SDS_2020.txt,01_raw_annual_reports/0212_SDS_SDS_GROUP_BERHAD/2020/0212_SDS_AR_2020.pdf,0212_SDS_AR_2020.pdf:1c61d96274fec03dcd0d5656899a022f3196ad90ee67712e771ee40a0cfab194,detected_heading=management discussion and analysis; section_type_norm=STRICT_OR_STRONG_EQUIVALENT_MDA; confidence=HIGH; codex_final_status=CODEX_FINAL_PASS; char_count=14763
MDA_0212_SDS_2021,mda,Yes,0212,SDS,SDSG,2021,success,02_extracted_text/mda/MDA_0212_SDS_2021.txt,01_raw_annual_reports/0212_SDS_SDS_GROUP_BERHAD/2021/0212_SDS_AR_2021.pdf,0212_SDS_AR_2021.pdf:3e74ab453e2517eb9315e652728ee58532397e8a542301e4990e42127027aea9,detected_heading=MANAGEMENT DISCUSSION AND ANALYSIS; section_type_norm=STRICT_OR_STRONG_EQUIVALENT_MDA; confidence=HIGH; codex_final_status=CODEX_FINAL_PASS; char_count=19430
MDA_0212_SDS_2022,mda,Yes,0212,SDS,SDSG,2022,success,02_extracted_text/mda/MDA_0212_SDS_2022.txt,01_raw_annual_reports/0212_SDS_SDS_GROUP_BERHAD/2022/0212_SDS_AR_2022_part1.pdf; 01_raw_annual_reports/0212_SDS_SDS_GROUP_BERHAD/2022/0212_SDS_AR_2022_part2.pdf,0212_SDS_AR_2022_part1.pdf:2d309565ea1ebfe276362cfe48afab10f56d4391cf9546ba093f0cfbe3f0538c; 0212_SDS_AR_2022_part2.pdf:e40cbf4badd954597a5af5919367e302bd06c6fe383cce800523e0a533847520,detected_heading=MANAGEMENT DISCUSSION AND ANALYSIS; section_type_norm=STRICT_OR_STRONG_EQUIVALENT_MDA; confidence=HIGH; codex_final_status=CODEX_FINAL_PASS; char_count=15213
MDA_0212_SDS_2023,mda,Yes,0212,SDS,SDSG,2023,success,02_extracted_text/mda/MDA_0212_SDS_2023.txt,01_raw_annual_reports/0212_SDS_SDS_GROUP_BERHAD/2023/0212_SDS_AR_2023.pdf,0212_SDS_AR_2023.pdf:2a564fb378d227a86fd26c14d9c2663f2642acdb2d9a7119fb5415c39317b901,detected_heading=Management Discussion and Analysis; section_type_norm=STRICT_OR_STRONG_EQUIVALENT_MDA; confidence=HIGH; codex_final_status=CODEX_FINAL_PASS; char_count=18956
MDA_0212_SDS_2024,mda,Yes,0212,SDS,SDSG,2024,success,02_extracted_text/mda/MDA_0212_SDS_2024.txt,01_raw_annual_reports/0212_SDS_SDS_GROUP_BERHAD/2024/0212_SDS_AR_2024.pdf,0212_SDS_AR_2024.pdf:2490b516654e4b065674512967af176c0d7bbc8745391887729f6b24d401cfc2,detected_heading=Management Discussion and Analysis; section_type_norm=STRICT_OR_STRONG_EQUIVALENT_MDA; confidence=HIGH; codex_final_status=CODEX_FINAL_PASS; char_count=18696
MDA_2658_AJI_2020,mda,Yes,2658,AJI,Ajinomoto,2020,success,02_extracted_text/mda/MDA_2658_AJI_2020.txt,01_raw_annual_reports/2658_AJI_AJINOMOTO_MALAYSIA_BERHAD/2020/2658_AJI_AR_2020.pdf,2658_AJI_AR_2020.pdf:cb0bfacd6b5519d68d50ad7e2ff29100846f7217c564be1418d2df2dcbd5894e,detected_heading=MANAGEMENT DISCUSSION & ANALYSIS; section_type_norm=STRICT_OR_STRONG_EQUIVALENT_MDA; confidence=HIGH; codex_final_status=CODEX_FINAL_PASS; char_count=8343
MDA_2658_AJI_2021,mda,Yes,2658,AJI,Ajinomoto,2021,success,02_extracted_text/mda/MDA_2658_AJI_2021.txt,01_raw_annual_reports/2658_AJI_AJINOMOTO_MALAYSIA_BERHAD/2021/2658_AJI_AR_2021_part1.pdf; 01_raw_annual_reports/2658_AJI_AJINOMOTO_MALAYSIA_BERHAD/2021/2658_AJI_AR_2021_part2.pdf,2658_AJI_AR_2021_part1.pdf:2edc101bbfc768b54852033c4c48c02a324de47c36c5c3b0ae2858d4ded585ca; 2658_AJI_AR_2021_part2.pdf:84721e6d7510b969396889999913b87db744d4f7999cc092cc2cd19ed3f0f49d,detected_heading=MANAGEMENT DISCUSSION & ANALYSIS; section_type_norm=STRICT_OR_STRONG_EQUIVALENT_MDA; confidence=HIGH; codex_final_status=CODEX_FINAL_PASS; char_count=7992
MDA_2658_AJI_2022,mda,Yes,2658,AJI,Ajinomoto,2022,success,02_extracted_text/mda/MDA_2658_AJI_2022.txt,01_raw_annual_reports/2658_AJI_AJINOMOTO_MALAYSIA_BERHAD/2022/2658_AJI_AR_2022_part1.pdf; 01_raw_annual_reports/2658_AJI_AJINOMOTO_MALAYSIA_BERHAD/2022/2658_AJI_AR_2022_part2.pdf,2658_AJI_AR_2022_part1.pdf:7bc477499ece91a66cb0b0cdd70081272d1b97e1797ca1c49ea468270486098e; 2658_AJI_AR_2022_part2.pdf:5c6debe8e6d97d259b0e2fd858d0285835b0175d0d8f737676507fdd75d1cf7c,detected_heading=MANAGEMENT DISCUSSION & ANALYSIS; section_type_norm=STRICT_OR_STRONG_EQUIVALENT_MDA; confidence=HIGH; codex_final_status=CODEX_FINAL_PASS; char_count=9898
MDA_2658_AJI_2023,mda,Yes,2658,AJI,Ajinomoto,2023,success,02_extracted_text/mda/MDA_2658_AJI_2023.txt,01_raw_annual_reports/2658_AJI_AJINOMOTO_MALAYSIA_BERHAD/2023/2658_AJI_AR_2023_part1.pdf; 01_raw_annual_reports/2658_AJI_AJINOMOTO_MALAYSIA_BERHAD/2023/2658_AJI_AR_2023_part2.pdf,2658_AJI_AR_2023_part1.pdf:ad15d5b2846607f5717dd388a971b130a524ba62ce776e5d07c5c7c070d63dd5; 2658_AJI_AR_2023_part2.pdf:8ee007f5e1cb0c7cc894bf3658afeabc8cdb0d28b1c8c58a9d1d7dccd7ed51d3,detected_heading=MANAGEMENT DISCUSSION & ANALYSIS; section_type_norm=STRICT_OR_STRONG_EQUIVALENT_MDA; confidence=HIGH; codex_final_status=CODEX_FINAL_PASS; char_count=28103.0
MDA_2658_AJI_2024,mda,Yes,2658,AJI,Ajinomoto,2024,success,02_extracted_text/mda/MDA_2658_AJI_2024.txt,01_raw_annual_reports/2658_AJI_AJINOMOTO_MALAYSIA_BERHAD/2024/2658_AJI_AR_2024_part1.pdf; 01_raw_annual_reports/2658_AJI_AJINOMOTO_MALAYSIA_BERHAD/2024/2658_AJI_AR_2024_part2.pdf,2658_AJI_AR_2024_part1.pdf:6cebcfbeda3e7198c276da79383a29e8eb19b32ce4e0069073dfd837ea0aff9f; 2658_AJI_AR_2024_part2.pdf:d8b42482905b548d5d17e5b1bd8787e60ea26f26d19eda454c22cb4db8870729,detected_heading=MANAGEMENT DISCUSSION & ANALYSIS; section_type_norm=STRICT_OR_STRONG_EQUIVALENT_MDA; confidence=HIGH; codex_final_status=CODEX_FINAL_PASS; char_count=24017
MDA_2828_CIHLDG_2020,mda,Yes,2828,CIHLDG,CIHB,2020,success,02_extracted_text/mda/MDA_2828_CIHLDG_2020.txt,01_raw_annual_reports/2828_CIHLDG_C_I_HOLDINGS_BERHAD/2020/2828_CIHLDG_AR_2020.pdf,2828_CIHLDG_AR_2020.pdf:3322a32ba031e1c7d70b44799e519c656e64f548691dd6e658c0c4f1d1f946df,detected_heading=MANAGEMENT DISCUSSION AND ANALYSIS; section_type_norm=STRICT_OR_STRONG_EQUIVALENT_MDA; confidence=HIGH; codex_final_status=CODEX_FINAL_PASS; char_count=14818
MDA_2828_CIHLDG_2021,mda,Yes,2828,CIHLDG,CIHB,2021,success,02_extracted_text/mda/MDA_2828_CIHLDG_2021.txt,01_raw_annual_reports/2828_CIHLDG_C_I_HOLDINGS_BERHAD/2021/2828_CIHLDG_AR_2021.pdf,2828_CIHLDG_AR_2021.pdf:12d08cbc5ff170c15cae554d8a03fd36691d6f99c58835632823e017215511f7,detected_heading=Management Discussion And Analysis; section_type_norm=STRICT_OR_STRONG_EQUIVALENT_MDA; confidence=HIGH; codex_final_status=CODEX_FINAL_PASS; char_count=11694
MDA_2828_CIHLDG_2022,mda,Yes,2828,CIHLDG,CIHB,2022,success,02_extracted_text/mda/MDA_2828_CIHLDG_2022.txt,01_raw_annual_reports/2828_CIHLDG_C_I_HOLDINGS_BERHAD/2022/2828_CIHLDG_AR_2022.pdf,2828_CIHLDG_AR_2022.pdf:9a831122cb62bace026330003fb32123a1bdfd409411320f40072ae2f90c2c86,detected_heading=MANAGEMENT DISCUSSION AND ANALYSIS; section_type_norm=STRICT_OR_STRONG_EQUIVALENT_MDA; confidence=HIGH; codex_final_status=CODEX_FINAL_PASS; char_count=15342
MDA_2828_CIHLDG_2023,mda,Yes,2828,CIHLDG,CIHB,2023,success,02_extracted_text/mda/MDA_2828_CIHLDG_2023.txt,01_raw_annual_reports/2828_CIHLDG_C_I_HOLDINGS_BERHAD/2023/2828_CIHLDG_AR_2023.pdf,2828_CIHLDG_AR_2023.pdf:d6cf66652499baef46fb1e5ea50dd78fa68cdab30d94b647ddbbfb59b7fbe5d5,detected_heading=MANAGEMENT DISCUSSION AND ANALYSIS; section_type_norm=STRICT_OR_STRONG_EQUIVALENT_MDA; confidence=HIGH; codex_final_status=CODEX_FINAL_PASS; char_count=15056
MDA_2828_CIHLDG_2024,mda,Yes,2828,CIHLDG,CIHB,2024,success,02_extracted_text/mda/MDA_2828_CIHLDG_2024.txt,01_raw_annual_reports/2828_CIHLDG_C_I_HOLDINGS_BERHAD/2024/2828_CIHLDG_AR_2024.pdf,2828_CIHLDG_AR_2024.pdf:bfdb105cd8f9fc8a72b82497591a6516b1eb219d09f339d9a2373ef324bada5a,detected_heading=MANAGEMENT DISCUSSION AND ANALYSIS; section_type_norm=STRICT_OR_STRONG_EQUIVALENT_MDA; confidence=HIGH; codex_final_status=CODEX_FINAL_PASS; char_count=27000.0
MDA_2836_CARLSBG_2020,mda,Yes,2836,CARLSBG,Carlsberg Brewery Malaysia Berhad,2020,success,02_extracted_text/mda/MDA_2836_CARLSBG_2020.txt,01_raw_annual_reports_source_remediation/2836_CARLSBG_2020_source_remediated_part1_57d40682.pdf; 01_raw_annual_reports_source_remediation/2836_CARLSBG_2020_source_remediated_part2_c63427bd.pdf; 01_raw_annual_reports_source_remediation/2836_CARLSBG_2020_source_remediated_part3_dad1f19f.pdf,2836_CARLSBG_2020_source_remediated_part1_57d40682.pdf:57d40682bfccebcd90713019691638f75200c3facf792c886b56d0b7226d0f1c; 2836_CARLSBG_2020_source_remediated_part2_c63427bd.pdf:c63427bdd34d5224fbc833b0e06d57c36ed21fd30779211f87caab817975c612; 2836_CARLSBG_2020_source_remediated_part3_dad1f19f.pdf:dad1f19fc6a31b322a9ed7e44c177421fbed783376c95f10b017ca84fba6163a,detected_heading=MANAGEMENT DISCUSSION & ANALYSIS; section_type_norm=STRICT_OR_STRONG_EQUIVALENT_MDA; confidence=HIGH; codex_final_status=CODEX_FINAL_PASS; char_count=43522
MDA_2836_CARLSBG_2021,mda,Yes,2836,CARLSBG,Carlsberg Brewery Malaysia Berhad,2021,success,02_extracted_text/mda/MDA_2836_CARLSBG_2021.txt,01_raw_annual_reports/2836_CARLSBG_CARLSBERG_BREWERY_AR_REPORT_2020_PART_1/2021/2836_CARLSBG_AR_2021_part1.pdf; 01_raw_annual_reports/2836_CARLSBG_CARLSBERG_BREWERY_AR_REPORT_2020_PART_1/2021/2836_CARLSBG_AR_2021_part2.pdf; 01_raw_annual_reports/2836_CARLSBG_CARLSBERG_BREWERY_AR_REPORT_2020_PART_1/2021/2836_CARLSBG_AR_2021_part3.pdf,2836_CARLSBG_AR_2021_part1.pdf:c4add0c28b9d836bd82ab56b462379ccb66ed415a5b3362f0308447ff4a5d8e6; 2836_CARLSBG_AR_2021_part2.pdf:80257e01da8d5d91aa4863389042ae12690de5b5f979f0324505229cb201f2b7; 2836_CARLSBG_AR_2021_part3.pdf:d3ebf7c7bacd215be15f3269b859e37c4b194e06f8f845db8260c8aea1f40dc2,detected_heading=MANAGEMENT DISCUSSION & ANALYSIS; section_type_norm=STRICT_OR_STRONG_EQUIVALENT_MDA; confidence=HIGH; codex_final_status=CODEX_FINAL_PASS; char_count=50655.0
MDA_2836_CARLSBG_2022,mda,Yes,2836,CARLSBG,Carlsberg Brewery Malaysia Berhad,2022,success,02_extracted_text/mda/MDA_2836_CARLSBG_2022.txt,01_raw_annual_reports/2836_CARLSBG_CARLSBERG_BREWERY_AR_REPORT_2020_PART_1/2022/2836_CARLSBG_AR_2022_part1.pdf; 01_raw_annual_reports/2836_CARLSBG_CARLSBERG_BREWERY_AR_REPORT_2020_PART_1/2022/2836_CARLSBG_AR_2022_part2.pdf; 01_raw_annual_reports/2836_CARLSBG_CARLSBERG_BREWERY_AR_REPORT_2020_PART_1/2022/2836_CARLSBG_AR_2022_part3.pdf,2836_CARLSBG_AR_2022_part1.pdf:7ea6d6f3c7a851a05e3482f0a33e85fae7378bc620d0d303d6119bf3e7ba198d; 2836_CARLSBG_AR_2022_part2.pdf:7479d326c76545312d1dc555030845a904b40a5e1a3cc1f54543414d60a4d8ac; 2836_CARLSBG_AR_2022_part3.pdf:7df8f45ca5995f09baf74dba97606f0c01eee7eacd54b6340569d05bdb830d7b,detected_heading=MANAGEMENT DISCUSSION AND ANALYSIS; section_type_norm=STRICT_OR_STRONG_EQUIVALENT_MDA; confidence=HIGH; codex_final_status=CODEX_FINAL_PASS; char_count=64509
MDA_2836_CARLSBG_2023,mda,Yes,2836,CARLSBG,Carlsberg Brewery Malaysia Berhad,2023,success,02_extracted_text/mda/MDA_2836_CARLSBG_2023.txt,01_raw_annual_reports/2836_CARLSBG_CARLSBERG_BREWERY_AR_REPORT_2020_PART_1/2023/2836_CARLSBG_AR_2023_part1.pdf; 01_raw_annual_reports/2836_CARLSBG_CARLSBERG_BREWERY_AR_REPORT_2020_PART_1/2023/2836_CARLSBG_AR_2023_part2.pdf; 01_raw_annual_reports/2836_CARLSBG_CARLSBERG_BREWERY_AR_REPORT_2020_PART_1/2023/2836_CARLSBG_AR_2023_part3.pdf; 01_raw_annual_reports/2836_CARLSBG_CARLSBERG_BREWERY_AR_REPORT_2020_PART_1/2023/2836_CARLSBG_AR_2023_part4.pdf,2836_CARLSBG_AR_2023_part1.pdf:24f7d64838754be629f455a748b90368786a1a1c82ef10dd68d5bd55f040cd1f; 2836_CARLSBG_AR_2023_part2.pdf:d1f3fc702808391155f4bc6392221785725f7ba2bb49a10d891052bcc104af50; 2836_CARLSBG_AR_2023_part3.pdf:7c89f8fea3a1144612e192b5b18f11d0e2fed39f44320689c5b723e3fbcb2522; 2836_CARLSBG_AR_2023_part4.pdf:f0570003465d14cae7bdd9c52abfc6f9e4b8f8ff606e4573a5e9197e94b5ee32,detected_heading=MANAGEMENT DISCUSSION AND ANALYSIS; section_type_norm=STRICT_OR_STRONG_EQUIVALENT_MDA; confidence=HIGH; codex_final_status=CODEX_FINAL_PASS; char_count=3323
MDA_2836_CARLSBG_2024,mda,Yes,2836,CARLSBG,Carlsberg Brewery Malaysia Berhad,2024,success,02_extracted_text/mda/MDA_2836_CARLSBG_2024.txt,01_raw_annual_reports/2836_CARLSBG_CARLSBERG_BREWERY_AR_REPORT_2020_PART_1/2024/2836_CARLSBG_AR_2024_part1.pdf; 01_raw_annual_reports/2836_CARLSBG_CARLSBERG_BREWERY_AR_REPORT_2020_PART_1/2024/2836_CARLSBG_AR_2024_part2.pdf; 01_raw_annual_reports/2836_CARLSBG_CARLSBERG_BREWERY_AR_REPORT_2020_PART_1/2024/2836_CARLSBG_AR_2024_part3.pdf,2836_CARLSBG_AR_2024_part1.pdf:fd6f2508639806796c6e008a443eb5781a404207f5be5b36377067c7c91ffc17; 2836_CARLSBG_AR_2024_part2.pdf:b84a267b5449da0f0d052f3fc6f03ab2531ee0649c3fe0500eb1d8e014696919; 2836_CARLSBG_AR_2024_part3.pdf:393193f61f2cf78e1b92e8a70249aa8f17d5dd2b9bbec90a4a54fbe9117b615c; 2836_CARLSBG_AR_2024.pdf:fd6f2508639806796c6e008a443eb5781a404207f5be5b36377067c7c91ffc17,detected_heading=MANAGEMENT DISCUSSION AND ANALYSIS; section_type_norm=STRICT_OR_STRONG_EQUIVALENT_MDA; confidence=HIGH; codex_final_status=CODEX_FINAL_PASS; char_count=2270
MDA_3026_DLADY_2020,mda,Yes,3026,DLADY,DL,2020,success,02_extracted_text/mda/MDA_3026_DLADY_2020.txt,01_raw_annual_reports/3026_DLADY_DUTCH_LADY_MILK_INDUSTRIES_BERHAD/2020/3026_DLADY_AR_2020_part1.pdf; 01_raw_annual_reports/3026_DLADY_DUTCH_LADY_MILK_INDUSTRIES_BERHAD/2020/3026_DLADY_AR_2020_part2.pdf; 01_raw_annual_reports/3026_DLADY_DUTCH_LADY_MILK_INDUSTRIES_BERHAD/2020/3026_DLADY_AR_2020_part3.pdf; 01_raw_annual_reports/3026_DLADY_DUTCH_LADY_MILK_INDUSTRIES_BERHAD/2020/3026_DLADY_AR_2020.pdf,3026_DLADY_AR_2020_part1.pdf:dfe1328545d2d1ec5d8b908c0111a425a5983f5469a10e7aa4be3a3b8da35eea; 3026_DLADY_AR_2020_part2.pdf:5b9fc395eb0db3022caedb30e38fd53a85314d246b35fa9f06c4fcf6d86568f2; 3026_DLADY_AR_2020_part3.pdf:b1fc4efe18557035717b6299f7fea26e40ffed568e3e20d6ab4afc44179b5272; 3026_DLADY_AR_2020.pdf:dfe1328545d2d1ec5d8b908c0111a425a5983f5469a10e7aa4be3a3b8da35eea,detected_heading=MANAGEMENT DISCUSSION & ANALYSIS; section_type_norm=STRICT_OR_STRONG_EQUIVALENT_MDA; confidence=HIGH; codex_final_status=CODEX_FINAL_PASS; char_count=21471.0
MDA_3026_DLADY_2021,mda,Yes,3026,DLADY,DL,2021,success,02_extracted_text/mda/MDA_3026_DLADY_2021.txt,01_raw_annual_reports/3026_DLADY_DUTCH_LADY_MILK_INDUSTRIES_BERHAD/2021/3026_DLADY_AR_2021_part1.pdf; 01_raw_annual_reports/3026_DLADY_DUTCH_LADY_MILK_INDUSTRIES_BERHAD/2021/3026_DLADY_AR_2021_part2.pdf,3026_DLADY_AR_2021_part1.pdf:c96d53c4e96d84a61fd86797424e13f84a8321458bf4419eda5a1639154393e4; 3026_DLADY_AR_2021_part2.pdf:56e8ba2cd67ae4d99c4ada4e52cfa149038c3645b754f4eba1a5366c5a4e3ac8,detected_heading=MANAGEMENT DISCUSSION & ANALYSIS; section_type_norm=STRICT_OR_STRONG_EQUIVALENT_MDA; confidence=HIGH; codex_final_status=CODEX_FINAL_PASS; char_count=26648.0
MDA_3026_DLADY_2022,mda,Yes,3026,DLADY,DL,2022,success,02_extracted_text/mda/MDA_3026_DLADY_2022.txt,01_raw_annual_reports/3026_DLADY_DUTCH_LADY_MILK_INDUSTRIES_BERHAD/2022/3026_DLADY_AR_2022_part1.pdf; 01_raw_annual_reports/3026_DLADY_DUTCH_LADY_MILK_INDUSTRIES_BERHAD/2022/3026_DLADY_AR_2022_part2.pdf,3026_DLADY_AR_2022_part1.pdf:1347712ffe3ac8ae6454df98c31634a83d8c8484bfaa889063ffc50cca146d51; 3026_DLADY_AR_2022_part2.pdf:6971e81973010560e51315954175522bcb5d99efd3a202549ce9e6a245e07f18,detected_heading=Management Discussion & Analysis; section_type_norm=STRICT_OR_STRONG_EQUIVALENT_MDA; confidence=HIGH; codex_final_status=CODEX_FINAL_PASS; char_count=43416.0
MDA_3026_DLADY_2023,mda,Yes,3026,DLADY,DL,2023,success,02_extracted_text/mda/MDA_3026_DLADY_2023.txt,01_raw_annual_reports/3026_DLADY_DUTCH_LADY_MILK_INDUSTRIES_BERHAD/2023/3026_DLADY_AR_2023_part1.pdf; 01_raw_annual_reports/3026_DLADY_DUTCH_LADY_MILK_INDUSTRIES_BERHAD/2023/3026_DLADY_AR_2023_part2.pdf; 01_raw_annual_reports/3026_DLADY_DUTCH_LADY_MILK_INDUSTRIES_BERHAD/2023/3026_DLADY_AR_2023.pdf,3026_DLADY_AR_2023_part1.pdf:3ecd9ef89ecf4d32a2914bc35207fd7aded8acda853785398433e2ac05e0720f; 3026_DLADY_AR_2023_part2.pdf:680740c3424dd526df97e93215cf9fcab4680eb692e3dbed7881cecc6aae9afc; 3026_DLADY_AR_2023.pdf:3ecd9ef89ecf4d32a2914bc35207fd7aded8acda853785398433e2ac05e0720f,detected_heading=Management Discussion & Analysis – Strategic Review | 04 | 05 | 06 | 07 |; section_type_norm=STRICT_OR_STRONG_EQUIVALENT_MDA; confidence=HIGH; codex_final_status=CODEX_FINAL_PASS; char_count=66486.0
MDA_3026_DLADY_2024,mda,Yes,3026,DLADY,DL,2024,success,02_extracted_text/mda/MDA_3026_DLADY_2024.txt,01_raw_annual_reports/3026_DLADY_DUTCH_LADY_MILK_INDUSTRIES_BERHAD/2024/3026_DLADY_AR_2024_part1.pdf; 01_raw_annual_reports/3026_DLADY_DUTCH_LADY_MILK_INDUSTRIES_BERHAD/2024/3026_DLADY_AR_2024_part2.pdf,3026_DLADY_AR_2024_part1.pdf:0fbcfea59716cf9b96c044feea0bf7e2a00572bbe2ba7cfc7f4ab3fdd3656550; 3026_DLADY_AR_2024_part2.pdf:7c488a345fe45654a8d0bb0e343609414eecce0f0118828b78cbfa19ef4a9431,detected_heading=Managing Director's Report / Finance Director's Analysis / Product Highlights; section_type_norm=FUNCTIONAL_EQUIVALENT_MDA; confidence=HIGH; codex_final_status=CODEX_FINAL_PASS; char_count=70696
MDA_3255_HEIM_2020,mda,Yes,3255,HEIM,Heineken,2020,success,02_extracted_text/mda/MDA_3255_HEIM_2020.txt,01_raw_annual_reports/3255_HEIM_HEINEKEN_MALAYSIA_BERHAD/2020/3255_HEIM_AR_2020_part1.pdf; 01_raw_annual_reports/3255_HEIM_HEINEKEN_MALAYSIA_BERHAD/2020/3255_HEIM_AR_2020_part2.pdf,3255_HEIM_AR_2020_part1.pdf:61e966daddf5cc2faab0f852e2b8e302971f252b3bc31f626ad9876847e81ae7; 3255_HEIM_AR_2020_part2.pdf:e51a3ddef20f2c573cdc7d1502d868da7b18d7414403e7b95efd6f0c1b42f074,detected_heading=Management Discussion & Analysis; section_type_norm=STRICT_OR_STRONG_EQUIVALENT_MDA; confidence=HIGH; codex_final_status=CODEX_FINAL_PASS; char_count=67167
MDA_3255_HEIM_2021,mda,Yes,3255,HEIM,Heineken,2021,success,02_extracted_text/mda/MDA_3255_HEIM_2021.txt,01_raw_annual_reports/3255_HEIM_HEINEKEN_MALAYSIA_BERHAD/2021/3255_HEIM_AR_2021_part1.pdf; 01_raw_annual_reports/3255_HEIM_HEINEKEN_MALAYSIA_BERHAD/2021/3255_HEIM_AR_2021_part2.pdf,3255_HEIM_AR_2021_part1.pdf:dab83610f6786c1169a55e8e06213ac8b712df5c9b4051955941f29c4dc0580d; 3255_HEIM_AR_2021_part2.pdf:5d835e069bdca457bb4041d1f115d1404db6f7bb284c9bdc4a12642a926fec8d,detected_heading=Management Discussion & Analysis; section_type_norm=STRICT_OR_STRONG_EQUIVALENT_MDA; confidence=HIGH; codex_final_status=CODEX_FINAL_PASS; char_count=69166
MDA_3255_HEIM_2022,mda,Yes,3255,HEIM,Heineken,2022,success,02_extracted_text/mda/MDA_3255_HEIM_2022.txt,01_raw_annual_reports/3255_HEIM_HEINEKEN_MALAYSIA_BERHAD/2022/3255_HEIM_AR_2022_part1.pdf; 01_raw_annual_reports/3255_HEIM_HEINEKEN_MALAYSIA_BERHAD/2022/3255_HEIM_AR_2022_part2.pdf; 01_raw_annual_reports/3255_HEIM_HEINEKEN_MALAYSIA_BERHAD/2022/3255_HEIM_AR_2022_part3.pdf,3255_HEIM_AR_2022_part1.pdf:40b4d30bb238c0b2f9f5b74368f650b0b8cf1f5f753e534fa828d87ad2448ea7; 3255_HEIM_AR_2022_part2.pdf:97b81f59c13323182705eaeb887d0e1aea606ba75157e778f3598fdbfce0b073; 3255_HEIM_AR_2022_part3.pdf:12b49f4e79d2b0896a2bd29d4141e71d66a3680743528e427cb8356ac6c794a0,detected_heading=Management Discussion & Analysis; section_type_norm=STRICT_OR_STRONG_EQUIVALENT_MDA; confidence=HIGH; codex_final_status=CODEX_FINAL_PASS; char_count=33869
MDA_3255_HEIM_2023,mda,Yes,3255,HEIM,Heineken,2023,success,02_extracted_text/mda/MDA_3255_HEIM_2023.txt,01_raw_annual_reports/3255_HEIM_HEINEKEN_MALAYSIA_BERHAD/2023/3255_HEIM_AR_2023_part1.pdf; 01_raw_annual_reports/3255_HEIM_HEINEKEN_MALAYSIA_BERHAD/2023/3255_HEIM_AR_2023_part2.pdf; 01_raw_annual_reports/3255_HEIM_HEINEKEN_MALAYSIA_BERHAD/2023/3255_HEIM_AR_2023_part3.pdf,3255_HEIM_AR_2023_part1.pdf:b25560088f9e8b46566fb8cd822b04886fa0e1880a2fbf96cea6d61642dc5b68; 3255_HEIM_AR_2023_part2.pdf:4c212c6e376d656f55204f5c2d788371d5dc7eb18342e2afe15dc8c4dd63f2b2; 3255_HEIM_AR_2023_part3.pdf:b7d312b776312f4402b850ccbbfc707eb71f23e39a137e5a18e9424c4f1696ba,detected_heading=Management Discussion & Analysis; section_type_norm=STRICT_OR_STRONG_EQUIVALENT_MDA; confidence=HIGH; codex_final_status=CODEX_FINAL_PASS; char_count=58020
MDA_3255_HEIM_2024,mda,Yes,3255,HEIM,Heineken,2024,success,02_extracted_text/mda/MDA_3255_HEIM_2024.txt,01_raw_annual_reports/3255_HEIM_HEINEKEN_MALAYSIA_BERHAD/2024/3255_HEIM_AR_2024_part1.pdf; 01_raw_annual_reports/3255_HEIM_HEINEKEN_MALAYSIA_BERHAD/2024/3255_HEIM_AR_2024_part2.pdf,3255_HEIM_AR_2024_part1.pdf:b4206be91fe0a4baabf7473057da0cd39b53d738e6fab29e64fd4318f39bb2bb; 3255_HEIM_AR_2024_part2.pdf:84ec53e13afbc1a4ef15f037f15401c4ce33cb06be153cc334cfee37b05a2fc7,detected_heading=Management Discussion & Analysis; section_type_norm=STRICT_OR_STRONG_EQUIVALENT_MDA; confidence=HIGH; codex_final_status=CODEX_FINAL_PASS; char_count=42158
MDA_3662_MFLOUR_2020,mda,Yes,3662,MFLOUR,MFM,2020,success,02_extracted_text/mda/MDA_3662_MFLOUR_2020.txt,01_raw_annual_reports/3662_MFLOUR_MALAYAN_FLOUR_MILLS_BERHAD/2020/3662_MFLOUR_AR_2020_part1.pdf; 01_raw_annual_reports/3662_MFLOUR_MALAYAN_FLOUR_MILLS_BERHAD/2020/3662_MFLOUR_AR_2020_part2.pdf; 01_raw_annual_reports/3662_MFLOUR_MALAYAN_FLOUR_MILLS_BERHAD/2020/3662_MFLOUR_AR_2020_part3.pdf,3662_MFLOUR_AR_2020_part1.pdf:3878522a4f76293946dca0eb75d8c25cafffa6b326b2e27a2c919db564d2a18c; 3662_MFLOUR_AR_2020_part2.pdf:c4f3a1f01a7ab8d1a4e33a81696aae145f124bb8c03fdef59b92fcc234c72ea4; 3662_MFLOUR_AR_2020_part3.pdf:45ad1da035758aeb60199787840b4934257e0b9147ba23052c445c7627831ae6,detected_heading=MANAGEMENT DISCUSSION AND ANALYSIS; section_type_norm=STRICT_OR_STRONG_EQUIVALENT_MDA; confidence=HIGH; codex_final_status=CODEX_FINAL_PASS; char_count=6600.0
MDA_3662_MFLOUR_2021,mda,Yes,3662,MFLOUR,MFM,2021,success,02_extracted_text/mda/MDA_3662_MFLOUR_2021.txt,01_raw_annual_reports/3662_MFLOUR_MALAYAN_FLOUR_MILLS_BERHAD/2021/3662_MFLOUR_AR_2021_part1.pdf; 01_raw_annual_reports/3662_MFLOUR_MALAYAN_FLOUR_MILLS_BERHAD/2021/3662_MFLOUR_AR_2021_part2.pdf; 01_raw_annual_reports/3662_MFLOUR_MALAYAN_FLOUR_MILLS_BERHAD/2021/3662_MFLOUR_AR_2021_part3.pdf,3662_MFLOUR_AR_2021_part1.pdf:f3af9ed5acbc129ec35d9c0fbf5be2706c03b10c15ea74e4c8882cd4033752c9; 3662_MFLOUR_AR_2021_part2.pdf:372bdbaf620b844060bbf8f8542c17745524604ae1393ad65d6af4d841af2677; 3662_MFLOUR_AR_2021_part3.pdf:327c3e7912b997edf99d2d5d5f1b6348cf3b4a713fe7c4ff0e12bd661843ab33,detected_heading=MANAGEMENT DISCUSSION AND ANALYSIS; section_type_norm=STRICT_OR_STRONG_EQUIVALENT_MDA; confidence=HIGH; codex_final_status=CODEX_FINAL_PASS; char_count=5690
MDA_3662_MFLOUR_2022,mda,Yes,3662,MFLOUR,MFM,2022,success,02_extracted_text/mda/MDA_3662_MFLOUR_2022.txt,01_raw_annual_reports/3662_MFLOUR_MALAYAN_FLOUR_MILLS_BERHAD/2022/3662_MFLOUR_AR_2022_part1.pdf; 01_raw_annual_reports/3662_MFLOUR_MALAYAN_FLOUR_MILLS_BERHAD/2022/3662_MFLOUR_AR_2022_part2.pdf; 01_raw_annual_reports/3662_MFLOUR_MALAYAN_FLOUR_MILLS_BERHAD/2022/3662_MFLOUR_AR_2022_part3.pdf,3662_MFLOUR_AR_2022_part1.pdf:efbc86053dd3f8af388291e2d8b8813b02964690e46d8f693b605460c7c7a1a6; 3662_MFLOUR_AR_2022_part2.pdf:21f8a1e7f03bdd061c702b9e88a01c2dbb4a88051d41ec524cd556e16f0933b1; 3662_MFLOUR_AR_2022_part3.pdf:8540fd1a2163da2614d3f3a91b99a169cfe7dad0f7c32371738b8283ce622c5a,detected_heading=MANAGEMENT DISCUSSION AND ANALYSIS; section_type_norm=STRICT_OR_STRONG_EQUIVALENT_MDA; confidence=HIGH; codex_final_status=CODEX_FINAL_PASS; char_count=9751
MDA_3662_MFLOUR_2023,mda,Yes,3662,MFLOUR,MFM,2023,success,02_extracted_text/mda/MDA_3662_MFLOUR_2023.txt,01_raw_annual_reports/3662_MFLOUR_MALAYAN_FLOUR_MILLS_BERHAD/2023/3662_MFLOUR_AR_2023_part1.pdf; 01_raw_annual_reports/3662_MFLOUR_MALAYAN_FLOUR_MILLS_BERHAD/2023/3662_MFLOUR_AR_2023_part2.pdf,3662_MFLOUR_AR_2023_part1.pdf:9bef73ac3a10e4b6acba7ea0446acfd613f730ad6ef9a46d2d92c2c637099c0e; 3662_MFLOUR_AR_2023_part2.pdf:31253ad7ee6d16a1a3bd6873ee84ec922dc8c541c5f2f839c7939ddcd5ee5557,detected_heading=MANAGEMENT DISCUSSION AND ANALYSIS; section_type_norm=STRICT_OR_STRONG_EQUIVALENT_MDA; confidence=HIGH; codex_final_status=CODEX_FINAL_PASS; char_count=15441
MDA_3662_MFLOUR_2024,mda,Yes,3662,MFLOUR,MFM,2024,success,02_extracted_text/mda/MDA_3662_MFLOUR_2024.txt,01_raw_annual_reports/3662_MFLOUR_MALAYAN_FLOUR_MILLS_BERHAD/2024/3662_MFLOUR_AR_2024_part1.pdf; 01_raw_annual_reports/3662_MFLOUR_MALAYAN_FLOUR_MILLS_BERHAD/2024/3662_MFLOUR_AR_2024_part2.pdf; 01_raw_annual_reports/3662_MFLOUR_MALAYAN_FLOUR_MILLS_BERHAD/2024/3662_MFLOUR_AR_2024_part3.pdf; 01_raw_annual_reports/3662_MFLOUR_MALAYAN_FLOUR_MILLS_BERHAD/2024/3662_MFLOUR_AR_2024_part4.pdf,3662_MFLOUR_AR_2024_part1.pdf:41dddf8c830cfd4c463194bf4de4efae1718ce8302bd642635586b6559ca3f2d; 3662_MFLOUR_AR_2024_part2.pdf:672e91ce90add2775cfb1f72df59d342ff442ea92af696b9c2af53c57053b332; 3662_MFLOUR_AR_2024_part3.pdf:766642b591966e1e05c8f2cd109d29c3f7b14a370d5d8ac4910b7ecf3ef3532c; 3662_MFLOUR_AR_2024_part4.pdf:ed9d936a11a35b87b6cccd4ab5ee951042a9f51eab9121b6789214ef9afcaf58,detected_heading=Management Discussion and Analysis; section_type_norm=STRICT_OR_STRONG_EQUIVALENT_MDA; confidence=HIGH; codex_final_status=CODEX_FINAL_PASS; char_count=11822
MDA_3689_FN_2020,mda,Yes,3689,FN,FNHB,2020,success,02_extracted_text/mda/MDA_3689_FN_2020.txt,01_raw_annual_reports/3689_F_AND_N_FRASER_AND_NEAVE_HOLDINGS_BHD/2020/3689_F_AND_N_AR_2020_part1.pdf; 01_raw_annual_reports/3689_F_AND_N_FRASER_AND_NEAVE_HOLDINGS_BHD/2020/3689_F_AND_N_AR_2020_part2.pdf,3689_F_AND_N_AR_2020_part1.pdf:f2cbc1030c3ade11fe0f13c68f3ca046be849b86072d884b46e4011a020234c6; 3689_F_AND_N_AR_2020_part2.pdf:d4b0ba48443706c82fe6646ace8420d361391f1e3df8178abb8816f6d163add3,detected_heading=BUSINESS REVIEW:; section_type_norm=STRICT_OR_STRONG_EQUIVALENT_MDA; confidence=HIGH; codex_final_status=CODEX_FINAL_PASS; char_count=31114.0
MDA_3689_FN_2021,mda,Yes,3689,FN,FNHB,2021,success,02_extracted_text/mda/MDA_3689_FN_2021.txt,01_raw_annual_reports/3689_F_AND_N_FRASER_AND_NEAVE_HOLDINGS_BHD/2021/3689_F_AND_N_AR_2021_part1.pdf; 01_raw_annual_reports/3689_F_AND_N_FRASER_AND_NEAVE_HOLDINGS_BHD/2021/3689_F_AND_N_AR_2021_part2.pdf,3689_F_AND_N_AR_2021_part1.pdf:ac77d475bb49a1adb523fd8ffabe05e6fdc9fb7ec6ae88ea556e865beb767010; 3689_F_AND_N_AR_2021_part2.pdf:ef1c7c8fb4e14de263aaa493fc183bd51aa217eec73209585ec0b8bae9e3314a,detected_heading=Management Discussion & Analysis; section_type_norm=STRICT_OR_STRONG_EQUIVALENT_MDA; confidence=HIGH; codex_final_status=CODEX_FINAL_PASS; char_count=77451.0
MDA_3689_FN_2022,mda,Yes,3689,FN,FNHB,2022,success,02_extracted_text/mda/MDA_3689_FN_2022.txt,01_raw_annual_reports/3689_F_AND_N_FRASER_AND_NEAVE_HOLDINGS_BHD/2022/3689_F_AND_N_AR_2022_part1.pdf; 01_raw_annual_reports/3689_F_AND_N_FRASER_AND_NEAVE_HOLDINGS_BHD/2022/3689_F_AND_N_AR_2022_part2.pdf,3689_F_AND_N_AR_2022_part1.pdf:b1dd6a3e492503fceb749a173a88868b61d6ddba08b317e51173fc6d3df2bd44; 3689_F_AND_N_AR_2022_part2.pdf:0466cbee15032d9af6ef052acd794c1b28bda7cf1443afaeafe25f5e52f845ad,detected_heading=Management Discussion & Analysis; section_type_norm=STRICT_OR_STRONG_EQUIVALENT_MDA; confidence=HIGH; codex_final_status=CODEX_FINAL_PASS; char_count=69829.0
MDA_3689_FN_2023,mda,Yes,3689,FN,FNHB,2023,success,02_extracted_text/mda/MDA_3689_FN_2023.txt,01_raw_annual_reports/3689_F_AND_N_FRASER_AND_NEAVE_HOLDINGS_BHD/2023/3689_F_AND_N_AR_2023_part1.pdf; 01_raw_annual_reports/3689_F_AND_N_FRASER_AND_NEAVE_HOLDINGS_BHD/2023/3689_F_AND_N_AR_2023_part2.pdf,3689_F_AND_N_AR_2023_part1.pdf:f8474b6cbe0801220a6fe29241717c05f98a44d9d476844212614a2402c47722; 3689_F_AND_N_AR_2023_part2.pdf:a822370fa03b80ca234aab285bff24737ee84a85513089604ea7f735b1e462d2,detected_heading=MANAGEMENT DISCUSSION & ANALYSIS; section_type_norm=STRICT_OR_STRONG_EQUIVALENT_MDA; confidence=HIGH; codex_final_status=CODEX_FINAL_PASS; char_count=31909.0
MDA_4065_PPB_2020,mda,Yes,4065,PPB,PPB,2020,success,02_extracted_text/mda/MDA_4065_PPB_2020.txt,01_raw_annual_reports/4065_PPB_PPB_GROUP_BERHAD/2020/4065_PPB_AR_2020_part1.pdf; 01_raw_annual_reports/4065_PPB_PPB_GROUP_BERHAD/2020/4065_PPB_AR_2020_part2.pdf; 01_raw_annual_reports/4065_PPB_PPB_GROUP_BERHAD/2020/4065_PPB_AR_2020_part3.pdf,4065_PPB_AR_2020_part1.pdf:d43bba2d3d3d640f41b1a5c04f9fc6f7f18767f45843fd9e1bd9922172d7999f; 4065_PPB_AR_2020_part2.pdf:81341077e9fe56564eb305a5cafdce2e7327f385198a1e4550b16d9a3b218c4f; 4065_PPB_AR_2020_part3.pdf:a56f1702b6662233aa304e31cae17c3ce2cfd148167a24ab30e89b180c80d794,detected_heading=Financial Review; section_type_norm=STRICT_OR_STRONG_EQUIVALENT_MDA; confidence=HIGH; codex_final_status=CODEX_FINAL_PASS; char_count=11688.0
MDA_4065_PPB_2021,mda,Yes,4065,PPB,PPB,2021,success,02_extracted_text/mda/MDA_4065_PPB_2021.txt,01_raw_annual_reports/4065_PPB_PPB_GROUP_BERHAD/2021/4065_PPB_AR_2021_part1.pdf; 01_raw_annual_reports/4065_PPB_PPB_GROUP_BERHAD/2021/4065_PPB_AR_2021_part2.pdf,4065_PPB_AR_2021_part1.pdf:a89af2bba7fba8797e42a4e1cf0306237b224ef27cac1156ecd934a10a7468db; 4065_PPB_AR_2021_part2.pdf:e6c62f8dfe9dc1a3a4ab93e909dc6faae837e49990a490cf2cd365c302a1083b,detected_heading=Annual Report for a more detailed management discussion and analysis; section_type_norm=STRICT_OR_STRONG_EQUIVALENT_MDA; confidence=HIGH; codex_final_status=CODEX_FINAL_PASS; char_count=33087
MDA_4065_PPB_2022,mda,Yes,4065,PPB,PPB,2022,success,02_extracted_text/mda/MDA_4065_PPB_2022.txt,01_raw_annual_reports/4065_PPB_PPB_GROUP_BERHAD/2022/4065_PPB_AR_2022_part1.pdf; 01_raw_annual_reports/4065_PPB_PPB_GROUP_BERHAD/2022/4065_PPB_AR_2022_part2.pdf; 01_raw_annual_reports/4065_PPB_PPB_GROUP_BERHAD/2022/4065_PPB_AR_2022_part3.pdf,4065_PPB_AR_2022_part1.pdf:f01b087ee634b2c466e468b640a1ab90743573a33b361dc7b9e8d294d3fecb7d; 4065_PPB_AR_2022_part2.pdf:2736eea6470eb7339f5e96c13183f390f6d55100921320a8b73edaf8315e51c9; 4065_PPB_AR_2022_part3.pdf:90c1a61b1896ce409afd46ad4ef98ed49108aabc9ce8678285a79d3c39e93ce1,detected_heading=Managing director's review / Performance Review; section_type_norm=FUNCTIONAL_EQUIVALENT_MDA; confidence=HIGH; codex_final_status=CODEX_FINAL_PASS; char_count=29214
MDA_4065_PPB_2023,mda,Yes,4065,PPB,PPB,2023,success,02_extracted_text/mda/MDA_4065_PPB_2023.txt,01_raw_annual_reports/4065_PPB_PPB_GROUP_BERHAD/2023/4065_PPB_AR_2023_part1.pdf; 01_raw_annual_reports/4065_PPB_PPB_GROUP_BERHAD/2023/4065_PPB_AR_2023_part2.pdf,4065_PPB_AR_2023_part1.pdf:bf9575495597662b0c327da76fcea3a47f02f3b5d728d4e6470719dfabd6ef93; 4065_PPB_AR_2023_part2.pdf:52bcb34b87ed368bdccf9c63861ce6694cb8e692399613141fd5f086fa5f109d,detected_heading=Managing director's review / Group Financial Performance; section_type_norm=FUNCTIONAL_EQUIVALENT_MDA; confidence=HIGH; codex_final_status=CODEX_FINAL_PASS; char_count=29186
MDA_4065_PPB_2024,mda,Yes,4065,PPB,PPB,2024,success,02_extracted_text/mda/MDA_4065_PPB_2024.txt,01_raw_annual_reports/4065_PPB_PPB_GROUP_BERHAD/2024/4065_PPB_AR_2024_part1.pdf; 01_raw_annual_reports/4065_PPB_PPB_GROUP_BERHAD/2024/4065_PPB_AR_2024_part2.pdf,4065_PPB_AR_2024_part1.pdf:c76aa7bfdb48f5dbfe44c3f4a846c24ce893358331a70fcd38f4c6aa869bc9c7; 4065_PPB_AR_2024_part2.pdf:4443ea64f59dd4859ba7732ecd3e872f6e771029af9c4f494e800be823501f93,detected_heading=PERFORMANCE REVIEW; section_type_norm=STRICT_OR_STRONG_EQUIVALENT_MDA; confidence=HIGH; codex_final_status=CODEX_FINAL_PASS; char_count=4021.0
MDA_4707_NESTLE_2020,mda,Yes,4707,NESTLE,Nestle Malaysia Berhad,2020,success,02_extracted_text/mda/MDA_4707_NESTLE_2020.txt,01_raw_annual_reports/4707_NESTLE_NESTLE_MALAYSIA_BERHAD/2020/4707_NESTLE_AR_2020.pdf,4707_NESTLE_AR_2020.pdf:a9f5c62b6edf4d6274bee1bcfecded9c2cd15dda9714c8a09c3b1efbf01e7644,detected_heading=Management Discussion & Analysis; section_type_norm=STRICT_OR_STRONG_EQUIVALENT_MDA; confidence=HIGH; codex_final_status=CODEX_FINAL_PASS; char_count=19000.0
MDA_4707_NESTLE_2021,mda,Yes,4707,NESTLE,Nestle Malaysia Berhad,2021,success,02_extracted_text/mda/MDA_4707_NESTLE_2021.txt,01_raw_annual_reports/4707_NESTLE_NESTLE_MALAYSIA_BERHAD/2021/4707_NESTLE_AR_2021.pdf,4707_NESTLE_AR_2021.pdf:d95e0bfade791c0958b91de6bdf9faee2d938f650d7080e3884b4855d2e99ec3,detected_heading=Management Discussion and Analysis; section_type_norm=STRICT_OR_STRONG_EQUIVALENT_MDA; confidence=HIGH; codex_final_status=CODEX_FINAL_PASS; char_count=13304
MDA_4707_NESTLE_2022,mda,Yes,4707,NESTLE,Nestle Malaysia Berhad,2022,success,02_extracted_text/mda/MDA_4707_NESTLE_2022.txt,01_raw_annual_reports/4707_NESTLE_NESTLE_MALAYSIA_BERHAD/2022/4707_NESTLE_AR_2022.pdf,4707_NESTLE_AR_2022.pdf:5bbf3f8d92826385155374200e6786da1922770475214e8e9589f46601b9ffd7,detected_heading=Management Discussion and Analysis; section_type_norm=STRICT_OR_STRONG_EQUIVALENT_MDA; confidence=HIGH; codex_final_status=CODEX_FINAL_PASS; char_count=13050
MDA_4707_NESTLE_2023,mda,Yes,4707,NESTLE,Nestle Malaysia Berhad,2023,success,02_extracted_text/mda/MDA_4707_NESTLE_2023.txt,01_raw_annual_reports/4707_NESTLE_NESTLE_MALAYSIA_BERHAD/2023/4707_NESTLE_AR_2023.pdf,4707_NESTLE_AR_2023.pdf:009b5f618a6f92e17f75654402260b6a79ae3a1db06c4152ea62a3dc4e6d983e,detected_heading=Management Discussion and Analysis; section_type_norm=STRICT_OR_STRONG_EQUIVALENT_MDA; confidence=HIGH; codex_final_status=CODEX_FINAL_PASS; char_count=8384
MDA_4707_NESTLE_2024,mda,Yes,4707,NESTLE,Nestle Malaysia Berhad,2024,success,02_extracted_text/mda/MDA_4707_NESTLE_2024.txt,01_raw_annual_reports/4707_NESTLE_NESTLE_MALAYSIA_BERHAD/2024/4707_NESTLE_AR_2024.pdf,4707_NESTLE_AR_2024.pdf:d3a78c30c3a5be7fb12a7181de929d968461953c65424c94780f643f0c895fdd,detected_heading=Management Discussion and Analysis; section_type_norm=STRICT_MDA; confidence=HIGH; codex_final_status=CODEX_FINAL_PASS; char_count=21340
MDA_5008_HARISON_2021,mda,Yes,5008,HARISON,Harrisons Holdings (Malaysia) Berhad - 2020,2021,success,02_extracted_text/mda/MDA_5008_HARISON_2021.txt,01_raw_annual_reports_source_remediation/5008_HARISON_2021_source_remediated_part1_8838da65.pdf; 01_raw_annual_reports_source_remediation/5008_HARISON_2021_source_remediated_part2_96dc310f.pdf,5008_HARISON_2021_source_remediated_part1_8838da65.pdf:8838da65452239d516cf8e1656be5602ee796572f1468add50acb6a246955396; 5008_HARISON_2021_source_remediated_part2_96dc310f.pdf:96dc310ff4608be76045b356dd3fa6961d254066c89cb7c0812d0d641a6c73ad,detected_heading=Performance Review; section_type_norm=STRICT_OR_STRONG_EQUIVALENT_MDA; confidence=HIGH; codex_final_status=CODEX_FINAL_PASS; char_count=7496
MDA_5008_HARISON_2022,mda,Yes,5008,HARISON,Harrisons Holdings (Malaysia) Berhad - 2020,2022,success,02_extracted_text/mda/MDA_5008_HARISON_2022.txt,01_raw_annual_reports/5008_HARISON_HARRISONS_HOLDINGS_MALAYSIA_BERHAD_2020/2022/5008_HARISON_AR_2022.pdf,5008_HARISON_AR_2022.pdf:e77e10d266be559345cc20f68682086d4272c7d77d2494e340d7e4ed9effa74f,detected_heading=MANAGEMENT DISCUSSION AND ANALYSIS; section_type_norm=STRICT_OR_STRONG_EQUIVALENT_MDA; confidence=HIGH; codex_final_status=CODEX_FINAL_PASS; char_count=6250
MDA_5008_HARISON_2023,mda,Yes,5008,HARISON,Harrisons Holdings (Malaysia) Berhad - 2020,2023,success,02_extracted_text/mda/MDA_5008_HARISON_2023.txt,01_raw_annual_reports/5008_HARISON_HARRISONS_HOLDINGS_MALAYSIA_BERHAD_2020/2023/5008_HARISON_AR_2023.pdf,5008_HARISON_AR_2023.pdf:04865d33250af7d805dec0addfa49e15f285c075276c19fb43b8d1a6c662800a,detected_heading=MANAGEMENT DISCUSSION AND ANALYSIS; section_type_norm=STRICT_OR_STRONG_EQUIVALENT_MDA; confidence=HIGH; codex_final_status=CODEX_FINAL_PASS; char_count=8688
MDA_5008_HARISON_2024,mda,Yes,5008,HARISON,Harrisons Holdings (Malaysia) Berhad - 2020,2024,success,02_extracted_text/mda/MDA_5008_HARISON_2024.txt,01_raw_annual_reports/5008_HARISON_HARRISONS_HOLDINGS_MALAYSIA_BERHAD_2020/2024/5008_HARISON_AR_2024.pdf,5008_HARISON_AR_2024.pdf:40470db627ffd8e22d8cdf987a76cbbb5be5f91b4a725bd7115d9c561638af06,detected_heading=MANAGEMENT DISCUSSION AND ANALYSIS; section_type_norm=STRICT_OR_STRONG_EQUIVALENT_MDA; confidence=HIGH; codex_final_status=CODEX_FINAL_PASS; char_count=8894
MDA_5102_GCB_2020,mda,Yes,5102,GCB,GCB,2020,success,02_extracted_text/mda/MDA_5102_GCB_2020.txt,01_raw_annual_reports/5102_GCB_GUAN_CHONG_BERHAD/2020/5102_GCB_AR_2020.pdf,5102_GCB_AR_2020.pdf:787a80e2132e2bb53120f5be7c1a0300b82ae2c9cd6b5cb4caeafd00bf0471a1,detected_heading=Management Discussion & Analysis; section_type_norm=STRICT_OR_STRONG_EQUIVALENT_MDA; confidence=HIGH; codex_final_status=CODEX_FINAL_PASS; char_count=15506
MDA_5102_GCB_2021,mda,Yes,5102,GCB,GCB,2021,success,02_extracted_text/mda/MDA_5102_GCB_2021.txt,01_raw_annual_reports/5102_GCB_GUAN_CHONG_BERHAD/2021/5102_GCB_AR_2021.pdf,5102_GCB_AR_2021.pdf:62d398adf62613edb34e0094eee57044aa69515b4e874a866d205cfdeeff4b5b,detected_heading=Management Discussion & Analysis; section_type_norm=STRICT_OR_STRONG_EQUIVALENT_MDA; confidence=HIGH; codex_final_status=CODEX_FINAL_PASS; char_count=102235
MDA_5102_GCB_2022,mda,Yes,5102,GCB,GCB,2022,success,02_extracted_text/mda/MDA_5102_GCB_2022.txt,01_raw_annual_reports/5102_GCB_GUAN_CHONG_BERHAD/2022/5102_GCB_AR_2022_part1.pdf; 01_raw_annual_reports/5102_GCB_GUAN_CHONG_BERHAD/2022/5102_GCB_AR_2022_part2.pdf; 01_raw_annual_reports/5102_GCB_GUAN_CHONG_BERHAD/2022/5102_GCB_AR_2022_part3.pdf,5102_GCB_AR_2022_part1.pdf:e004f66cd46c451787fc912362405fe56fb373d28280b45630f01a5a08d5430d; 5102_GCB_AR_2022_part2.pdf:53207545b0ac49a47391412ac4b9b8f201a03c6acf13a7db69e42c38c9f24506; 5102_GCB_AR_2022_part3.pdf:47c71080fa16cac3db6545429e23a5e7d7326b268c901adc6d9692c035be1e17,detected_heading=Management Discussion & Analysis; section_type_norm=STRICT_OR_STRONG_EQUIVALENT_MDA; confidence=HIGH; codex_final_status=CODEX_FINAL_PASS; char_count=69891
MDA_5102_GCB_2023,mda,Yes,5102,GCB,GCB,2023,success,02_extracted_text/mda/MDA_5102_GCB_2023.txt,01_raw_annual_reports/5102_GCB_GUAN_CHONG_BERHAD/2023/5102_GCB_AR_2023_part1.pdf; 01_raw_annual_reports/5102_GCB_GUAN_CHONG_BERHAD/2023/5102_GCB_AR_2023_part2.pdf,5102_GCB_AR_2023_part1.pdf:ec289f02fdb13e3ef16fadfa5607270c769f35de9bc5c48291f5c6bb011e6575; 5102_GCB_AR_2023_part2.pdf:ff2498d2a2b056605f98b7795c344ea28440b4a5750354c3302832a6a7476d7b,detected_heading=MANAGEMENT DISCUSSION & ANALYSIS; section_type_norm=STRICT_OR_STRONG_EQUIVALENT_MDA; confidence=HIGH; codex_final_status=CODEX_FINAL_PASS; char_count=75621
MDA_5102_GCB_2024,mda,Yes,5102,GCB,GCB,2024,success,02_extracted_text/mda/MDA_5102_GCB_2024.txt,01_raw_annual_reports/5102_GCB_GUAN_CHONG_BERHAD/2024/5102_GCB_AR_2024_part1.pdf; 01_raw_annual_reports/5102_GCB_GUAN_CHONG_BERHAD/2024/5102_GCB_AR_2024_part2.pdf; 01_raw_annual_reports/5102_GCB_GUAN_CHONG_BERHAD/2024/5102_GCB_AR_2024_part3.pdf,5102_GCB_AR_2024_part1.pdf:9fb308b85affc297745b83e57d3d811535ef7cbc7bdbe7e5d9a1d6f4e12e193d; 5102_GCB_AR_2024_part2.pdf:f0f70d59f33ae2af63778a059ec83e99f7feb48e5c206197e8da583e452df8e9; 5102_GCB_AR_2024_part3.pdf:ddd062eff428bdc86915501156933a2612c61cb50cc035e7e74b27338385b2d6,detected_heading=MANAGEMENT DISCUSSION & ANALYSIS; section_type_norm=STRICT_OR_STRONG_EQUIVALENT_MDA; confidence=HIGH; codex_final_status=CODEX_FINAL_PASS; char_count=11938
MDA_5157_SG_2020,mda,Yes,5157,SG,Saudee Group Berhad,2020,success,02_extracted_text/mda/MDA_5157_SG_2020.txt,01_raw_annual_reports/5157_SG_SAUDEE_GROUP_BERHAD/2020/5157_SG_AR_2020.pdf,5157_SG_AR_2020.pdf:37355959d3f1956b53b9241458bc0c38f912bf055c3425694576523e8465254f,detected_heading=MANAGEMENT DISCUSSION & ANALYSIS; section_type_norm=STRICT_OR_STRONG_EQUIVALENT_MDA; confidence=HIGH; codex_final_status=CODEX_FINAL_PASS; char_count=10394
MDA_5157_SG_2021,mda,Yes,5157,SG,Saudee Group Berhad,2021,success,02_extracted_text/mda/MDA_5157_SG_2021.txt,01_raw_annual_reports/5157_SG_SAUDEE_GROUP_BERHAD/2021/5157_SG_AR_2021.pdf,5157_SG_AR_2021.pdf:3288bb4c1c8658f9c98e93a24c0dedd456b5dcd0616c1b12fb4e0a7a068d9436,detected_heading=MANAGEMENT DISCUSSION & ANALYSIS; section_type_norm=STRICT_OR_STRONG_EQUIVALENT_MDA; confidence=HIGH; codex_final_status=CODEX_FINAL_PASS; char_count=15674
MDA_5157_SG_2022,mda,Yes,5157,SG,Saudee Group Berhad,2022,success,02_extracted_text/mda/MDA_5157_SG_2022.txt,01_raw_annual_reports/5157_SG_SAUDEE_GROUP_BERHAD/2022/5157_SG_AR_2022.pdf,5157_SG_AR_2022.pdf:9c71e145d68f7ac6b2c079bf5482fcbeb1c224e4b095eda6cd7d7a0f9224bdb1,detected_heading=MANAGEMENT DISCUSSION & ANALYSIS; section_type_norm=STRICT_OR_STRONG_EQUIVALENT_MDA; confidence=HIGH; codex_final_status=CODEX_FINAL_PASS; char_count=17799
MDA_5157_SG_2023,mda,Yes,5157,SG,Saudee Group Berhad,2023,success,02_extracted_text/mda/MDA_5157_SG_2023.txt,01_raw_annual_reports/5157_SG_SAUDEE_GROUP_BERHAD/2023/5157_SG_AR_2023.pdf,5157_SG_AR_2023.pdf:efa4f39ce8a072907320daffd02ed0e45ad0fb471a1cd8402df942d0e1e6bb3b,detected_heading=MANAGEMENT DISCUSSION & ANALYSIS; section_type_norm=STRICT_OR_STRONG_EQUIVALENT_MDA; confidence=HIGH; codex_final_status=CODEX_FINAL_PASS; char_count=14149
MDA_5157_SG_2024,mda,Yes,5157,SG,Saudee Group Berhad,2024,success,02_extracted_text/mda/MDA_5157_SG_2024.txt,01_raw_annual_reports/5157_SG_SAUDEE_GROUP_BERHAD/2024/5157_SG_AR_2024.pdf,5157_SG_AR_2024.pdf:780d08caa6b1e19c3f0f7898fec8c04f90c0de735e8bb7340b2d60abe59758c1,detected_heading=MANAGEMENT DISCUSSION & ANALYSIS; section_type_norm=STRICT_OR_STRONG_EQUIVALENT_MDA; confidence=HIGH; codex_final_status=CODEX_FINAL_PASS; char_count=11205
MDA_5187_HBGLOB_2020,mda,Yes,5187,HBGLOB,HB Global Limited,2020,success,02_extracted_text/mda/MDA_5187_HBGLOB_2020.txt,01_raw_annual_reports/5187_HBGLOB_HB_GLOBAL_LIMITED/2020/5187_HBGLOB_AR_2020.pdf,5187_HBGLOB_AR_2020.pdf:581ee7b6bf83c2931dd3588ad905046072414ef756dc187a95a1e038f0bee2ac,detected_heading=MANAGEMENT DISCUSSION AND ANALYSIS; section_type_norm=STRICT_OR_STRONG_EQUIVALENT_MDA; confidence=HIGH; codex_final_status=CODEX_FINAL_PASS; char_count=5109
MDA_5187_HBGLOB_2021,mda,Yes,5187,HBGLOB,HB Global Limited,2021,success,02_extracted_text/mda/MDA_5187_HBGLOB_2021.txt,01_raw_annual_reports/5187_HBGLOB_HB_GLOBAL_LIMITED/2021/5187_HBGLOB_AR_2021.pdf,5187_HBGLOB_AR_2021.pdf:1da3860dd2874ac0dc50ff57969a17df66c0845007bb8af2ff1ab125cfdcc760,detected_heading=Management Discussion and Analysis; section_type_norm=STRICT_MDA; confidence=HIGH; codex_final_status=CODEX_FINAL_PASS; char_count=9903
MDA_5187_HBGLOB_2022,mda,Yes,5187,HBGLOB,HB Global Limited,2022,success,02_extracted_text/mda/MDA_5187_HBGLOB_2022.txt,01_raw_annual_reports/5187_HBGLOB_HB_GLOBAL_LIMITED/2022/5187_HBGLOB_AR_2022.pdf,5187_HBGLOB_AR_2022.pdf:aefea5c9503dc0b943ab458868d02e5d0e67b6697b9a2fc68811fe2bc4af25b8,detected_heading=MANAGEMENT DISCUSSION AND ANALYSIS; section_type_norm=STRICT_OR_STRONG_EQUIVALENT_MDA; confidence=HIGH; codex_final_status=CODEX_FINAL_PASS; char_count=13243
MDA_5187_HBGLOB_2023,mda,Yes,5187,HBGLOB,HB Global Limited,2023,success,02_extracted_text/mda/MDA_5187_HBGLOB_2023.txt,01_raw_annual_reports/5187_HBGLOB_HB_GLOBAL_LIMITED/2023/5187_HBGLOB_AR_2023.pdf,5187_HBGLOB_AR_2023.pdf:f37b4c10a7dd7f7f8c2a141f585c572f35b5aebffafb112a1373b3c02435182a,detected_heading=MANAGEMENT DISCUSSION AND ANALYSIS; section_type_norm=STRICT_OR_STRONG_EQUIVALENT_MDA; confidence=HIGH; codex_final_status=CODEX_FINAL_PASS; char_count=10698
MDA_5187_HBGLOB_2024,mda,Yes,5187,HBGLOB,HB Global Limited,2024,success,02_extracted_text/mda/MDA_5187_HBGLOB_2024.txt,01_raw_annual_reports/5187_HBGLOB_HB_GLOBAL_LIMITED/2024/5187_HBGLOB_AR_2024.pdf,5187_HBGLOB_AR_2024.pdf:7ab57156ff1d2d5ef47a0689aa2676ba47e7ce429904645bd5d33024e6ce093b,detected_heading=MANAGEMENT DISCUSSION AND ANALYSIS; section_type_norm=STRICT_OR_STRONG_EQUIVALENT_MDA; confidence=HIGH; codex_final_status=CODEX_FINAL_PASS; char_count=13923.0
MDA_5188_CNOUHUA_2020,mda,Yes,5188,CNOUHUA,China Ouhua Winery Holdings Limited,2020,success,02_extracted_text/mda/MDA_5188_CNOUHUA_2020.txt,01_raw_annual_reports/5188_CNOUHUA_CHINA_OUHUA_WINERY_HOLDINGS_LIMITED/2020/5188_CNOUHUA_AR_2020_part1.pdf; 01_raw_annual_reports/5188_CNOUHUA_CHINA_OUHUA_WINERY_HOLDINGS_LIMITED/2020/5188_CNOUHUA_AR_2020_part2.pdf,5188_CNOUHUA_AR_2020_part1.pdf:aaa3894901dcc52a1c8684c2d2d03754f2ab014ebbb6c09af8d4ff42e81f7301; 5188_CNOUHUA_AR_2020_part2.pdf:93845d51651a5bc546633ec92b963c4c650771de6ec9298373c49f5b369b9e1d,detected_heading=Management Discussion and Analysis; section_type_norm=STRICT_OR_STRONG_EQUIVALENT_MDA; confidence=HIGH; codex_final_status=CODEX_FINAL_PASS; char_count=1935
MDA_5188_CNOUHUA_2021,mda,Yes,5188,CNOUHUA,China Ouhua Winery Holdings Limited,2021,success,02_extracted_text/mda/MDA_5188_CNOUHUA_2021.txt,01_raw_annual_reports/5188_CNOUHUA_CHINA_OUHUA_WINERY_HOLDINGS_LIMITED/2021/5188_CNOUHUA_AR_2021_part1.pdf; 01_raw_annual_reports/5188_CNOUHUA_CHINA_OUHUA_WINERY_HOLDINGS_LIMITED/2021/5188_CNOUHUA_AR_2021_part2.pdf,5188_CNOUHUA_AR_2021_part1.pdf:82b66bdc2b67e2406d9f0d0739ea3a832ffc0083d772b2f31d574bc2c7f74bde; 5188_CNOUHUA_AR_2021_part2.pdf:448291119076ab99bd3cc48232531dfc080ead3559230320e2565d01087d6fc2,detected_heading=Management Discussion and Analysis; section_type_norm=STRICT_OR_STRONG_EQUIVALENT_MDA; confidence=HIGH; codex_final_status=CODEX_FINAL_PASS; char_count=2193
MDA_5188_CNOUHUA_2022,mda,Yes,5188,CNOUHUA,China Ouhua Winery Holdings Limited,2022,success,02_extracted_text/mda/MDA_5188_CNOUHUA_2022.txt,01_raw_annual_reports/5188_CNOUHUA_CHINA_OUHUA_WINERY_HOLDINGS_LIMITED/2022/5188_CNOUHUA_AR_2022_part1.pdf; 01_raw_annual_reports/5188_CNOUHUA_CHINA_OUHUA_WINERY_HOLDINGS_LIMITED/2022/5188_CNOUHUA_AR_2022_part2.pdf,5188_CNOUHUA_AR_2022_part1.pdf:c07a6d9aa25e96555c1384a55a98bc928000f387644fbd04bb3cb9022f7376b1; 5188_CNOUHUA_AR_2022_part2.pdf:4fcbe19ca859d9f15fc3991b38334446c3b37745da36dd7dbe377bb91c9c076e,detected_heading=Management Discussion and Analysis; section_type_norm=STRICT_OR_STRONG_EQUIVALENT_MDA; confidence=HIGH; codex_final_status=CODEX_FINAL_PASS; char_count=2112
MDA_5188_CNOUHUA_2023,mda,Yes,5188,CNOUHUA,China Ouhua Winery Holdings Limited,2023,success,02_extracted_text/mda/MDA_5188_CNOUHUA_2023.txt,01_raw_annual_reports/5188_CNOUHUA_CHINA_OUHUA_WINERY_HOLDINGS_LIMITED/2023/5188_CNOUHUA_AR_2023_part1.pdf; 01_raw_annual_reports/5188_CNOUHUA_CHINA_OUHUA_WINERY_HOLDINGS_LIMITED/2023/5188_CNOUHUA_AR_2023_part2.pdf,5188_CNOUHUA_AR_2023_part1.pdf:008e53c3a8c6336526f4ee979a031d40cb3bc7856308b469de05c2081c278de3; 5188_CNOUHUA_AR_2023_part2.pdf:b8b59e2640ec7bce02c719fcb674a4402781a2d7d65c202170983a2365b4f9c5,detected_heading=Management Discussion and Analysis; section_type_norm=STRICT_OR_STRONG_EQUIVALENT_MDA; confidence=HIGH; codex_final_status=CODEX_FINAL_PASS; char_count=2078
MDA_5188_CNOUHUA_2024,mda,Yes,5188,CNOUHUA,China Ouhua Winery Holdings Limited,2024,success,02_extracted_text/mda/MDA_5188_CNOUHUA_2024.txt,01_raw_annual_reports/5188_CNOUHUA_CHINA_OUHUA_WINERY_HOLDINGS_LIMITED/2024/5188_CNOUHUA_AR_2024_part1.pdf; 01_raw_annual_reports/5188_CNOUHUA_CHINA_OUHUA_WINERY_HOLDINGS_LIMITED/2024/5188_CNOUHUA_AR_2024_part2.pdf,5188_CNOUHUA_AR_2024_part1.pdf:29360c3fad014e989ebea3458febfe710a6cf32c1ac8ff3a1ebae0ce779a66c1; 5188_CNOUHUA_AR_2024_part2.pdf:eeb4056588206a70ceaf08ffc7c5017ff2068de2d28855a4e8a8f8f33edb1d73,detected_heading=Management Discussion and Analysis; section_type_norm=STRICT_OR_STRONG_EQUIVALENT_MDA; confidence=HIGH; codex_final_status=CODEX_FINAL_PASS; char_count=2135
MDA_5202_MSM_2020,mda,Yes,5202,MSM,MSM,2020,success,02_extracted_text/mda/MDA_5202_MSM_2020.txt,01_raw_annual_reports/5202_MSM_MSM_MALAYSIA_HOLDINGS_BERHAD/2020/5202_MSM_AR_2020.pdf,5202_MSM_AR_2020.pdf:9c5158460c6f7cf78a05a770af162717642c4071a4e1aaca11bf02f11e8d291a,detected_heading=Group Chief Executive Officer Review / Group Financial Review / Business Review; section_type_norm=FUNCTIONAL_EQUIVALENT_MDA; confidence=HIGH; codex_final_status=CODEX_FINAL_PASS; char_count=73728
MDA_5202_MSM_2021,mda,Yes,5202,MSM,MSM,2021,success,02_extracted_text/mda/MDA_5202_MSM_2021.txt,01_raw_annual_reports/5202_MSM_MSM_MALAYSIA_HOLDINGS_BERHAD/2021/5202_MSM_AR_2021_part1.pdf; 01_raw_annual_reports/5202_MSM_MSM_MALAYSIA_HOLDINGS_BERHAD/2021/5202_MSM_AR_2021_part2.pdf; 01_raw_annual_reports/5202_MSM_MSM_MALAYSIA_HOLDINGS_BERHAD/2021/5202_MSM_AR_2021_part3.pdf; 01_raw_annual_reports/5202_MSM_MSM_MALAYSIA_HOLDINGS_BERHAD/2021/5202_MSM_AR_2021_part4.pdf,5202_MSM_AR_2021_part1.pdf:2ce9c48e40bc09e09adc0484e00eace3985f176265642e2d4b19355fe68c9342; 5202_MSM_AR_2021_part2.pdf:ae273fb676fbeb9cd342ca5ce750677836f62b3bbb96c9c10b2d26856eb3ebbf; 5202_MSM_AR_2021_part3.pdf:cd1d36a8fd1fc02a8953746c54c6ad25deacdb3109a9a5a545b9664898919bf6; 5202_MSM_AR_2021_part4.pdf:f1addb79c0e4e79be03ad398257199ed9c9eebf119eab0771d3e547267a2571f,detected_heading=GROUP FINANCIAL REVIEW; section_type_norm=STRICT_OR_STRONG_EQUIVALENT_MDA; confidence=HIGH; codex_final_status=CODEX_FINAL_PASS; char_count=5551
MDA_5202_MSM_2022,mda,Yes,5202,MSM,MSM,2022,success,02_extracted_text/mda/MDA_5202_MSM_2022.txt,01_raw_annual_reports/5202_MSM_MSM_MALAYSIA_HOLDINGS_BERHAD/2022/5202_MSM_AR_2022_part1.pdf; 01_raw_annual_reports/5202_MSM_MSM_MALAYSIA_HOLDINGS_BERHAD/2022/5202_MSM_AR_2022_part2.pdf,5202_MSM_AR_2022_part1.pdf:375302c8ed34303d07559805de0119c0b08f0ac9b881b582b0888085c5c54715; 5202_MSM_AR_2022_part2.pdf:06cd811619216d1bf71499e0a042fd8b2eca854e4d4bb7d7e54160d69df62187; 5202_MSM_AR_2022.pdf:375302c8ed34303d07559805de0119c0b08f0ac9b881b582b0888085c5c54715,detected_heading=Business Review; section_type_norm=STRICT_OR_STRONG_EQUIVALENT_MDA; confidence=HIGH; codex_final_status=CODEX_FINAL_PASS; char_count=81137
MDA_5202_MSM_2023,mda,Yes,5202,MSM,MSM,2023,success,02_extracted_text/mda/MDA_5202_MSM_2023.txt,01_raw_annual_reports/5202_MSM_MSM_MALAYSIA_HOLDINGS_BERHAD/2023/5202_MSM_AR_2023_part1.pdf; 01_raw_annual_reports/5202_MSM_MSM_MALAYSIA_HOLDINGS_BERHAD/2023/5202_MSM_AR_2023_part2.pdf; 01_raw_annual_reports/5202_MSM_MSM_MALAYSIA_HOLDINGS_BERHAD/2023/5202_MSM_AR_2023_part3.pdf,5202_MSM_AR_2023_part1.pdf:037d6f6fd911e20ea61dd3e7aa7cb62bec05b73404f5cfed00ec8055119202d3; 5202_MSM_AR_2023_part2.pdf:15e5943aef8abef632afd489e3f0cda3a9a07ce16f3dfb865ddeec10d88a2e1a; 5202_MSM_AR_2023_part3.pdf:12eae6840d25cf3d06cba0bee5c0949118035c295c22271fe0b917a2f90f95c1; 5202_MSM_AR_2023.pdf:037d6f6fd911e20ea61dd3e7aa7cb62bec05b73404f5cfed00ec8055119202d3,detected_heading=Group Financial Overview / Business Review; section_type_norm=FUNCTIONAL_EQUIVALENT_MDA; confidence=HIGH; codex_final_status=CODEX_FINAL_PASS; char_count=64922
MDA_5202_MSM_2024,mda,Yes,5202,MSM,MSM,2024,success,02_extracted_text/mda/MDA_5202_MSM_2024.txt,01_raw_annual_reports/5202_MSM_MSM_MALAYSIA_HOLDINGS_BERHAD/2024/5202_MSM_AR_2024_part1.pdf; 01_raw_annual_reports/5202_MSM_MSM_MALAYSIA_HOLDINGS_BERHAD/2024/5202_MSM_AR_2024_part2.pdf,5202_MSM_AR_2024_part1.pdf:20d7008a0c351d38fd3ea3bdffb29c9bfa89edb756b87b36a87e1f27382a1055; 5202_MSM_AR_2024_part2.pdf:af4f4d9c3b2966efaefbdf9a5e0b82b8141293cebfaba12ad2c82b6dc4ad7b2d; 5202_MSM_AR_2024.pdf:20d7008a0c351d38fd3ea3bdffb29c9bfa89edb756b87b36a87e1f27382a1055,detected_heading=Discussion and Analysis (MD&A).; section_type_norm=UNKNOWN_OR_WEAK_EQUIVALENT; confidence=HIGH; codex_final_status=CODEX_FINAL_PASS; char_count=2043
MDA_5306_FFB_2022,mda,Yes,5306,FFB,FarmFresh,2022,success,02_extracted_text/mda/MDA_5306_FFB_2022.txt,01_raw_annual_reports/5306_FFB_FARM_FRESH_BERHAD/2022/5306_FFB_AR_2022_part1.pdf; 01_raw_annual_reports/5306_FFB_FARM_FRESH_BERHAD/2022/5306_FFB_AR_2022_part2.pdf,5306_FFB_AR_2022_part1.pdf:26e24833433abc01969a835cb8cda06eaf5a6c9467bcbf89a3791368cfb4a8cd; 5306_FFB_AR_2022_part2.pdf:a6cff25b96e13c8a6aa8ac1649067087096ac1262e5433bc5035d6eb49fac673,detected_heading=MANAGEMENT DISCUSSION AND ANALYSIS; section_type_norm=STRICT_OR_STRONG_EQUIVALENT_MDA; confidence=HIGH; codex_final_status=CODEX_FINAL_PASS; char_count=40091.0
MDA_5306_FFB_2023,mda,Yes,5306,FFB,FarmFresh,2023,success,02_extracted_text/mda/MDA_5306_FFB_2023.txt,01_raw_annual_reports/5306_FFB_FARM_FRESH_BERHAD/2023/5306_FFB_AR_2023_part1.pdf; 01_raw_annual_reports/5306_FFB_FARM_FRESH_BERHAD/2023/5306_FFB_AR_2023_part2.pdf; 01_raw_annual_reports/5306_FFB_FARM_FRESH_BERHAD/2023/5306_FFB_AR_2023_part3.pdf,5306_FFB_AR_2023_part1.pdf:ad9cdaeab05f311c98af5ff86ceb82650593771af323290c64dfe858055d365d; 5306_FFB_AR_2023_part2.pdf:5640b0de618c02a0983d235a27b1ccb4164cca5bd084bb69d1e4aebf4cca62d8; 5306_FFB_AR_2023_part3.pdf:684bf9597944eb93e2441d4a1996d20ab3a3f29f35d7f281a0230bf8d156bd66,detected_heading=Management Discussion and Analysis; section_type_norm=STRICT_OR_STRONG_EQUIVALENT_MDA; confidence=HIGH; codex_final_status=CODEX_FINAL_PASS; char_count=49871.0
MDA_5306_FFB_2024,mda,Yes,5306,FFB,FarmFresh,2024,success,02_extracted_text/mda/MDA_5306_FFB_2024.txt,01_raw_annual_reports/5306_FFB_FARM_FRESH_BERHAD/2024/5306_FFB_AR_2024_part1.pdf; 01_raw_annual_reports/5306_FFB_FARM_FRESH_BERHAD/2024/5306_FFB_AR_2024_part2.pdf; 01_raw_annual_reports/5306_FFB_FARM_FRESH_BERHAD/2024/5306_FFB_AR_2024_part3.pdf; 01_raw_annual_reports/5306_FFB_FARM_FRESH_BERHAD/2024/5306_FFB_AR_2024_part4.pdf,5306_FFB_AR_2024_part1.pdf:dc6207fcbd7b31f6a79bf96976aec9deac1de6f3396b52b1786195b0fcf286d0; 5306_FFB_AR_2024_part2.pdf:b7978878aa4168d419f1d3a785e0e2d0f14d100a23c1f0adfa48618e18f10af2; 5306_FFB_AR_2024_part3.pdf:180c00035c2ef2ebe6dd5ba6be8901cee67a56e6ce90248a2dc1c83ff18521e3; 5306_FFB_AR_2024_part4.pdf:ec2bc38454be25cdc1bbc6f4c3e4c2242996b3d8bbf1d59a7f704d0c43d705a3,detected_heading=Management Discussion and Analysis - Operational Review; section_type_norm=STRICT_MDA; confidence=HIGH; codex_final_status=CODEX_FINAL_PASS; char_count=12300
MDA_5533_OCB_2020,mda,Yes,5533,OCB,OCB Berhad,2020,success,02_extracted_text/mda/MDA_5533_OCB_2020.txt,01_raw_annual_reports/5533_OCB_OCB_BERHAD/2020/5533_OCB_AR_2020.pdf,5533_OCB_AR_2020.pdf:5478584119c1b2b4c24c58d470d6b0bcb1184fe364d71d74009d0d763f3ab41e,detected_heading=MANAGEMENT DISCUSSION AND ANALYSIS; section_type_norm=STRICT_OR_STRONG_EQUIVALENT_MDA; confidence=HIGH; codex_final_status=CODEX_FINAL_PASS; char_count=12674
MDA_5533_OCB_2021,mda,Yes,5533,OCB,OCB Berhad,2021,success,02_extracted_text/mda/MDA_5533_OCB_2021.txt,01_raw_annual_reports/5533_OCB_OCB_BERHAD/2021/5533_OCB_AR_2021.pdf,5533_OCB_AR_2021.pdf:cbc0f5d77744b723b765319812e33506841668caf2493a5753d8874162ba9792,detected_heading=Management Discussion and Analysis; section_type_norm=STRICT_OR_STRONG_EQUIVALENT_MDA; confidence=HIGH; codex_final_status=CODEX_FINAL_PASS; char_count=14082
MDA_5533_OCB_2022,mda,Yes,5533,OCB,OCB Berhad,2022,success,02_extracted_text/mda/MDA_5533_OCB_2022.txt,01_raw_annual_reports/5533_OCB_OCB_BERHAD/2022/5533_OCB_AR_2022.pdf,5533_OCB_AR_2022.pdf:3fe0785f53baf84327a186688f019c1af9e31b8d99d47cbfb1ed3c50cfaad03f,detected_heading=Management Discussion and Analysis; section_type_norm=STRICT_OR_STRONG_EQUIVALENT_MDA; confidence=HIGH; codex_final_status=CODEX_FINAL_PASS; char_count=28921
MDA_5533_OCB_2023,mda,Yes,5533,OCB,OCB Berhad,2023,success,02_extracted_text/mda/MDA_5533_OCB_2023.txt,01_raw_annual_reports/5533_OCB_OCB_BERHAD/2023/5533_OCB_AR_2023.pdf,5533_OCB_AR_2023.pdf:164cc8e767504537e9c38c19482c2a35839bdfd15450df35b44d9746360cc3f3,detected_heading=MANAGEMENT DISCUSSION AND ANALYSIS; section_type_norm=STRICT_OR_STRONG_EQUIVALENT_MDA; confidence=HIGH; codex_final_status=CODEX_FINAL_PASS; char_count=28927
MDA_5533_OCB_2024,mda,Yes,5533,OCB,OCB Berhad,2024,success,02_extracted_text/mda/MDA_5533_OCB_2024.txt,01_raw_annual_reports/5533_OCB_OCB_BERHAD/2024/5533_OCB_AR_2024.pdf,5533_OCB_AR_2024.pdf:c13ee0e7c3af9163328a6b5e9f193ac644e72bcdb2f5f92216ac451d3763dc6f,detected_heading=MANAGEMENT DISCUSSION AND ANALYSIS; section_type_norm=STRICT_OR_STRONG_EQUIVALENT_MDA; confidence=HIGH; codex_final_status=CODEX_FINAL_PASS; char_count=13046
MDA_6203_KHEESAN_2021,mda,Yes,6203,KHEESAN,Khee San Berhad,2021,success,02_extracted_text/mda/MDA_6203_KHEESAN_2021.txt,01_raw_annual_reports/6203_KHEESAN_KHEE_SAN_BERHAD/2021/6203_KHEESAN_AR_2021.pdf,6203_KHEESAN_AR_2021.pdf:cd61522c8d4aabfa43e879e2326779eb354cc42af4de9c82bfa31ba929614683,detected_heading=MANAGEMENT DISCUSSION & ANALYSIS (cont’d); section_type_norm=STRICT_OR_STRONG_EQUIVALENT_MDA; confidence=HIGH; codex_final_status=CODEX_FINAL_PASS; char_count=8986
MDA_6203_KHEESAN_2022,mda,Yes,6203,KHEESAN,Khee San Berhad,2022,success,02_extracted_text/mda/MDA_6203_KHEESAN_2022.txt,01_raw_annual_reports/6203_KHEESAN_KHEE_SAN_BERHAD/2022/6203_KHEESAN_AR_2022.pdf,6203_KHEESAN_AR_2022.pdf:ccf324081df800cdeed6dcde8bce3bc65208f65208da2127efe85b1187bf242f,detected_heading=MANAGEMENT DISCUSSION & ANALYSIS; section_type_norm=STRICT_OR_STRONG_EQUIVALENT_MDA; confidence=HIGH; codex_final_status=CODEX_FINAL_PASS; char_count=8492
MDA_6203_KHEESAN_2023,mda,Yes,6203,KHEESAN,Khee San Berhad,2023,success,02_extracted_text/mda/MDA_6203_KHEESAN_2023.txt,01_raw_annual_reports/6203_KHEESAN_KHEE_SAN_BERHAD/2023/6203_KHEESAN_AR_2023.pdf,6203_KHEESAN_AR_2023.pdf:d5edd2f1ff51a68d0381512cebb6e6ae8adb39d94330987701eb544a23aabe4c,detected_heading=MANAGEMENT DISCUSSION & ANALYSIS; section_type_norm=STRICT_OR_STRONG_EQUIVALENT_MDA; confidence=HIGH; codex_final_status=CODEX_FINAL_PASS; char_count=13640.0
MDA_6203_KHEESAN_2024,mda,Yes,6203,KHEESAN,Khee San Berhad,2024,success,02_extracted_text/mda/MDA_6203_KHEESAN_2024.txt,01_raw_annual_reports/6203_KHEESAN_KHEE_SAN_BERHAD/2024/6203_KHEESAN_AR_2024.pdf,6203_KHEESAN_AR_2024.pdf:bdad85e7d51de0f15e864938ab778824ea41e48761f8c1e0eef3d1db3ccb399d,detected_heading=MANAGEMENT DISCUSSION AND ANALYSIS; section_type_norm=STRICT_OR_STRONG_EQUIVALENT_MDA; confidence=HIGH; codex_final_status=CODEX_FINAL_PASS; char_count=12984
MDA_6432_APOLLO_2020,mda,Yes,6432,APOLLO,Apollo,2020,success,02_extracted_text/mda/MDA_6432_APOLLO_2020.txt,01_raw_annual_reports/6432_APOLLO_APOLLO_FOOD_HOLDINGS_BERHAD/2020/6432_APOLLO_AR_2020.pdf,6432_APOLLO_AR_2020.pdf:8598903c862a2ca298115f833db6092904dd01c713d9e31c489c27ba3027b71d,detected_heading=MANAGEMENT DISCUSSION AND ANALYSIS; section_type_norm=STRICT_OR_STRONG_EQUIVALENT_MDA; confidence=HIGH; codex_final_status=CODEX_FINAL_PASS; char_count=7520
MDA_6432_APOLLO_2021,mda,Yes,6432,APOLLO,Apollo,2021,success,02_extracted_text/mda/MDA_6432_APOLLO_2021.txt,01_raw_annual_reports/6432_APOLLO_APOLLO_FOOD_HOLDINGS_BERHAD/2021/6432_APOLLO_AR_2021.pdf,6432_APOLLO_AR_2021.pdf:06a5cb693ffbd04026b30c68006918e87702c52996635baf2271d03e0d99b97a,detected_heading=MANAGEMENT DISCUSSION AND ANALYSIS; section_type_norm=STRICT_OR_STRONG_EQUIVALENT_MDA; confidence=HIGH; codex_final_status=CODEX_FINAL_PASS; char_count=7652
MDA_6432_APOLLO_2022,mda,Yes,6432,APOLLO,Apollo,2022,success,02_extracted_text/mda/MDA_6432_APOLLO_2022.txt,01_raw_annual_reports/6432_APOLLO_APOLLO_FOOD_HOLDINGS_BERHAD/2022/6432_APOLLO_AR_2022.pdf,6432_APOLLO_AR_2022.pdf:282e45886706dcf5b7e9416caac615f1cbbcaa2d95653a30c343bdfc51b245b3,detected_heading=MANAGEMENT DISCUSSION AND ANALYSIS; section_type_norm=STRICT_OR_STRONG_EQUIVALENT_MDA; confidence=HIGH; codex_final_status=CODEX_FINAL_PASS; char_count=5921
MDA_6432_APOLLO_2023,mda,Yes,6432,APOLLO,Apollo,2023,success,02_extracted_text/mda/MDA_6432_APOLLO_2023.txt,01_raw_annual_reports/6432_APOLLO_APOLLO_FOOD_HOLDINGS_BERHAD/2023/6432_APOLLO_AR_2023.pdf,6432_APOLLO_AR_2023.pdf:b652447e107bd251e6b1c7436b064de24383f12d253f954698c5ef0babe330a1,detected_heading=MANAGEMENT DISCUSSION AND ANALYSIS; section_type_norm=STRICT_OR_STRONG_EQUIVALENT_MDA; confidence=HIGH; codex_final_status=CODEX_FINAL_PASS; char_count=7404
MDA_6432_APOLLO_2024,mda,Yes,6432,APOLLO,Apollo,2024,success,02_extracted_text/mda/MDA_6432_APOLLO_2024.txt,01_raw_annual_reports/6432_APOLLO_APOLLO_FOOD_HOLDINGS_BERHAD/2024/6432_APOLLO_AR_2024.pdf,6432_APOLLO_AR_2024.pdf:136576fd5daed5f7bdab290e4e3bbc390b6becd613bf6a600b2f26e733e16f4a,detected_heading=MANAGEMENT DISCUSSION AND ANALYSIS; section_type_norm=STRICT_OR_STRONG_EQUIVALENT_MDA; confidence=HIGH; codex_final_status=CODEX_FINAL_PASS; char_count=7612
MDA_7035_CCK_2020,mda,Yes,7035,CCK,CCK,2020,success,02_extracted_text/mda/MDA_7035_CCK_2020.txt,01_raw_annual_reports/7035_CCK_CCK_CONSOLIDATED_HOLDINGS_BERHAD/2020/7035_CCK_AR_2020_part1.pdf; 01_raw_annual_reports/7035_CCK_CCK_CONSOLIDATED_HOLDINGS_BERHAD/2020/7035_CCK_AR_2020_part2.pdf,7035_CCK_AR_2020_part1.pdf:d279a663917b356a6bc84fe2c690602b9b62d40c7fccea921ad771b96493c7ee; 7035_CCK_AR_2020_part2.pdf:b78720153a15c6a0e2c52a3c5ae6f81d1258b33f4bba09a6afd0d611bf269d4a,detected_heading=MANAGEMENT DISCUSSION & ANALYSIS (CONT’D); section_type_norm=STRICT_OR_STRONG_EQUIVALENT_MDA; confidence=HIGH; codex_final_status=CODEX_FINAL_PASS; char_count=7266
MDA_7035_CCK_2021,mda,Yes,7035,CCK,CCK,2021,success,02_extracted_text/mda/MDA_7035_CCK_2021.txt,01_raw_annual_reports/7035_CCK_CCK_CONSOLIDATED_HOLDINGS_BERHAD/2021/7035_CCK_AR_2021_part1.pdf; 01_raw_annual_reports/7035_CCK_CCK_CONSOLIDATED_HOLDINGS_BERHAD/2021/7035_CCK_AR_2021_part2.pdf,7035_CCK_AR_2021_part1.pdf:a733039b6395e053c1932206c4ca3def3ffaec7f0513dc3c056fd36690e2a967; 7035_CCK_AR_2021_part2.pdf:0ada7d63f6aa75a52ce430630cd9ef183b209f02f1be21bf264dcee5b530811c,detected_heading=MANAGEMENT DISCUSSION & ANALYSIS (Cont’d); section_type_norm=STRICT_OR_STRONG_EQUIVALENT_MDA; confidence=HIGH; codex_final_status=CODEX_FINAL_PASS; char_count=12003
MDA_7035_CCK_2022,mda,Yes,7035,CCK,CCK,2022,success,02_extracted_text/mda/MDA_7035_CCK_2022.txt,01_raw_annual_reports/7035_CCK_CCK_CONSOLIDATED_HOLDINGS_BERHAD/2022/7035_CCK_AR_2022_part1.pdf; 01_raw_annual_reports/7035_CCK_CCK_CONSOLIDATED_HOLDINGS_BERHAD/2022/7035_CCK_AR_2022_part2.pdf,7035_CCK_AR_2022_part1.pdf:89b2aa0852aad506a00932dae65091d164fba11a1e431c851a6ae26e53f6703a; 7035_CCK_AR_2022_part2.pdf:7d7677ab04516b04e26d3a05ec21ca186c8eba0f21ad3e27b4c7cb93a5549656,detected_heading=MANAGEMENT DISCUSSION & ANALYSIS; section_type_norm=STRICT_OR_STRONG_EQUIVALENT_MDA; confidence=HIGH; codex_final_status=CODEX_FINAL_PASS; char_count=16747
MDA_7035_CCK_2023,mda,Yes,7035,CCK,CCK,2023,success,02_extracted_text/mda/MDA_7035_CCK_2023.txt,01_raw_annual_reports/7035_CCK_CCK_CONSOLIDATED_HOLDINGS_BERHAD/2023/7035_CCK_AR_2023_part1.pdf; 01_raw_annual_reports/7035_CCK_CCK_CONSOLIDATED_HOLDINGS_BERHAD/2023/7035_CCK_AR_2023_part2.pdf,7035_CCK_AR_2023_part1.pdf:ee6f78a5fb41df15f814732cffe821a8927f071994368f1c1c7a746e2c56733b; 7035_CCK_AR_2023_part2.pdf:3bba5856c96065874072556d516c1732826726de8540ca692f32c3cdaf343645,detected_heading=MANAGEMENT DISCUSSION & ANALYSIS; section_type_norm=STRICT_OR_STRONG_EQUIVALENT_MDA; confidence=HIGH; codex_final_status=CODEX_FINAL_PASS; char_count=17484
MDA_7035_CCK_2024,mda,Yes,7035,CCK,CCK,2024,success,02_extracted_text/mda/MDA_7035_CCK_2024.txt,01_raw_annual_reports/7035_CCK_CCK_CONSOLIDATED_HOLDINGS_BERHAD/2024/7035_CCK_AR_2024_part1.pdf; 01_raw_annual_reports/7035_CCK_CCK_CONSOLIDATED_HOLDINGS_BERHAD/2024/7035_CCK_AR_2024_part2.pdf,7035_CCK_AR_2024_part1.pdf:9117d0b092372889c625dc38a2f58c866681b24016a45678819428f217263469; 7035_CCK_AR_2024_part2.pdf:35e0dc3a565d53db5d81183b88c4dad90abfee6ee91be0a8ffaddb0a49f92129,detected_heading=MANAGEMENT DISCUSSION AND ANALYSIS; section_type_norm=STRICT_OR_STRONG_EQUIVALENT_MDA; confidence=HIGH; codex_final_status=CODEX_FINAL_PASS; char_count=34376
MDA_7103_SPRITZER_2020,mda,Yes,7103,SPRITZER,SPRITZER,2020,success,02_extracted_text/mda/MDA_7103_SPRITZER_2020.txt,01_raw_annual_reports/7103_SPRITZER_SPRITZER_BHD/2020/7103_SPRITZER_AR_2020_part1.pdf; 01_raw_annual_reports/7103_SPRITZER_SPRITZER_BHD/2020/7103_SPRITZER_AR_2020_part2.pdf,7103_SPRITZER_AR_2020_part1.pdf:6364648505538b14921a11e09f2e23658c956ba8a345e3e7f615a75f60f277eb; 7103_SPRITZER_AR_2020_part2.pdf:346147e3155f0bd2aaffd344f6824c0e3daa2e18f83fa86af267917d1a754492,detected_heading=Management Discussion and Analysis; section_type_norm=STRICT_OR_STRONG_EQUIVALENT_MDA; confidence=HIGH; codex_final_status=CODEX_FINAL_PASS; char_count=4247
MDA_7103_SPRITZER_2021,mda,Yes,7103,SPRITZER,SPRITZER,2021,success,02_extracted_text/mda/MDA_7103_SPRITZER_2021.txt,01_raw_annual_reports/7103_SPRITZER_SPRITZER_BHD/2021/7103_SPRITZER_AR_2021.pdf,7103_SPRITZER_AR_2021.pdf:073f085e5933090e294c1f23762fe862baa1b583a4a1ac1dcca778140bc77930,detected_heading=MANAGEMENT DISCUSSION AND ANALYSIS; section_type_norm=STRICT_OR_STRONG_EQUIVALENT_MDA; confidence=HIGH; codex_final_status=CODEX_FINAL_PASS; char_count=4835
MDA_7103_SPRITZER_2022,mda,Yes,7103,SPRITZER,SPRITZER,2022,success,02_extracted_text/mda/MDA_7103_SPRITZER_2022.txt,01_raw_annual_reports/7103_SPRITZER_SPRITZER_BHD/2022/7103_SPRITZER_AR_2022.pdf,7103_SPRITZER_AR_2022.pdf:80fb0da698d697bf6dcde312a3dc9b749d9d20bc3de9f33502198c2bf537d551,detected_heading=Management Discussion and Analysis; section_type_norm=STRICT_OR_STRONG_EQUIVALENT_MDA; confidence=HIGH; codex_final_status=CODEX_FINAL_PASS; char_count=13434.0
MDA_7103_SPRITZER_2023,mda,Yes,7103,SPRITZER,SPRITZER,2023,success,02_extracted_text/mda/MDA_7103_SPRITZER_2023.txt,01_raw_annual_reports/7103_SPRITZER_SPRITZER_BHD/2023/7103_SPRITZER_AR_2023_part2.pdf; 01_raw_annual_reports/7103_SPRITZER_SPRITZER_BHD/2023/7103_SPRITZER_AR_2023.pdf,7103_SPRITZER_AR_2023_part2.pdf:17b859132d33cbb021891cbacba8d213bbb75b8288182a9cc1a4d293957efc80; 7103_SPRITZER_AR_2023.pdf:8e239b09fa3b6bc083bb3eb96dae075673211a099bd8864a0b51df46acec6804,detected_heading=MANAGEMENT DISCUSSION AND ANALYSIS; section_type_norm=STRICT_OR_STRONG_EQUIVALENT_MDA; confidence=HIGH; codex_final_status=CODEX_FINAL_PASS; char_count=19298.0
MDA_7103_SPRITZER_2024,mda,Yes,7103,SPRITZER,SPRITZER,2024,success,02_extracted_text/mda/MDA_7103_SPRITZER_2024.txt,01_raw_annual_reports/7103_SPRITZER_SPRITZER_BHD/2024/7103_SPRITZER_AR_2024.pdf,7103_SPRITZER_AR_2024.pdf:fbbc1f2c6443a4dab5abaf9067604d6bc337cea868459bedd12b39b18952e0f0,detected_heading=Management Discussion and Analysis; section_type_norm=STRICT_OR_STRONG_EQUIVALENT_MDA; confidence=HIGH; codex_final_status=CODEX_FINAL_PASS; char_count=27990.0
MDA_7107_OFI_2020,mda,Yes,7107,OFI,OFI,2020,success,02_extracted_text/mda/MDA_7107_OFI_2020.txt,01_raw_annual_reports/7107_OFI_ORIENTAL_FOOD_INDUSTRIES_HOLDINGS_BERHAD/2020/7107_OFI_AR_2020.pdf,7107_OFI_AR_2020.pdf:fa7888d0630eeac1827c2222ddf63ab8c49d68a6ba117a9bb841f4bed3ab1615,detected_heading=MANAGEMENT DISCUSSION AND ANALYSIS; section_type_norm=STRICT_OR_STRONG_EQUIVALENT_MDA; confidence=HIGH; codex_final_status=CODEX_FINAL_PASS; char_count=4322.0
MDA_7107_OFI_2021,mda,Yes,7107,OFI,OFI,2021,success,02_extracted_text/mda/MDA_7107_OFI_2021.txt,01_raw_annual_reports/7107_OFI_ORIENTAL_FOOD_INDUSTRIES_HOLDINGS_BERHAD/2021/7107_OFI_AR_2021.pdf,7107_OFI_AR_2021.pdf:3f99cbc3591d47b3fda61f6484708ce3bf1c4ddeace9fbdbafd435e085d92962,detected_heading=MANAGEMENT DISCUSSION AND ANALYSIS; section_type_norm=STRICT_OR_STRONG_EQUIVALENT_MDA; confidence=HIGH; codex_final_status=CODEX_FINAL_PASS; char_count=3899.0
MDA_7107_OFI_2022,mda,Yes,7107,OFI,OFI,2022,success,02_extracted_text/mda/MDA_7107_OFI_2022.txt,01_raw_annual_reports/7107_OFI_ORIENTAL_FOOD_INDUSTRIES_HOLDINGS_BERHAD/2022/7107_OFI_AR_2022.pdf,7107_OFI_AR_2022.pdf:775bb9758d369cbc6a65dbeff53ac40334f6149360d66e5cc2ab2317eaede31a,detected_heading=MANAGEMENT DISCUSSION AND ANALYSIS; section_type_norm=STRICT_OR_STRONG_EQUIVALENT_MDA; confidence=HIGH; codex_final_status=CODEX_FINAL_PASS; char_count=3983.0
MDA_7107_OFI_2023,mda,Yes,7107,OFI,OFI,2023,success,02_extracted_text/mda/MDA_7107_OFI_2023.txt,01_raw_annual_reports/7107_OFI_ORIENTAL_FOOD_INDUSTRIES_HOLDINGS_BERHAD/2023/7107_OFI_AR_2023.pdf,7107_OFI_AR_2023.pdf:b0697cbd50f240fe47efae8a36158b72c0d732c69b25ba6cad3e30a857115e02,detected_heading=MANAGEMENT DISCUSSION AND ANALYSIS; section_type_norm=STRICT_OR_STRONG_EQUIVALENT_MDA; confidence=HIGH; codex_final_status=CODEX_FINAL_PASS; char_count=3988
MDA_7167_ABLEGLOB_2020,mda,Yes,7167,ABLEGLOB,JOHOTIN,2020,success,02_extracted_text/mda/MDA_7167_ABLEGLOB_2020.txt,01_raw_annual_reports/7167_ABLEGLOB_JOHORE_TIN_BERHAD/2020/7167_ABLEGLOB_AR_2020_part1.pdf; 01_raw_annual_reports/7167_ABLEGLOB_JOHORE_TIN_BERHAD/2020/7167_ABLEGLOB_AR_2020_part2.pdf,7167_ABLEGLOB_AR_2020_part1.pdf:8144c5333a5c10597199a80ffcaf611cc7f615c005d84ee801597d4ca55eee29; 7167_ABLEGLOB_AR_2020_part2.pdf:2defd1853fb01db10ee5ed0299548f2a7e51538ac92a2f7560af5b19e0040ed4,detected_heading=MANAGEMENT DISCUSSION AND ANALYSIS; section_type_norm=STRICT_OR_STRONG_EQUIVALENT_MDA; confidence=HIGH; codex_final_status=CODEX_FINAL_PASS; char_count=27593.0
MDA_7167_ABLEGLOB_2021,mda,Yes,7167,ABLEGLOB,JOHOTIN,2021,success,02_extracted_text/mda/MDA_7167_ABLEGLOB_2021.txt,01_raw_annual_reports/7167_ABLEGLOB_JOHORE_TIN_BERHAD/2021/7167_ABLEGLOB_AR_2021.pdf,7167_ABLEGLOB_AR_2021.pdf:feae0f6627ddc201b86898fafab1b7f83d1fbdd24d3da409d253b8b495c7eabe,detected_heading=Statement on Management Discussion and Analysis; section_type_norm=STRICT_MDA; confidence=HIGH; codex_final_status=CODEX_FINAL_PASS; char_count=16560
MDA_7167_ABLEGLOB_2022,mda,Yes,7167,ABLEGLOB,JOHOTIN,2022,success,02_extracted_text/mda/MDA_7167_ABLEGLOB_2022.txt,01_raw_annual_reports/7167_ABLEGLOB_JOHORE_TIN_BERHAD/2022/7167_ABLEGLOB_AR_2022.pdf,7167_ABLEGLOB_AR_2022.pdf:0815603f51dc902a0680d4afb4e3fda61413248a75f24118606869e1d94006d2,detected_heading=MANAGEMENT DISCUSSION AND ANALYSIS; section_type_norm=STRICT_OR_STRONG_EQUIVALENT_MDA; confidence=HIGH; codex_final_status=CODEX_FINAL_PASS; char_count=27939.0
MDA_7167_ABLEGLOB_2023,mda,Yes,7167,ABLEGLOB,JOHOTIN,2023,success,02_extracted_text/mda/MDA_7167_ABLEGLOB_2023.txt,01_raw_annual_reports/7167_ABLEGLOB_JOHORE_TIN_BERHAD/2023/7167_ABLEGLOB_AR_2023.pdf,7167_ABLEGLOB_AR_2023.pdf:412654360a79694ce2b24878b0c9bff024d13be5cdfeea6b4d1d8e204f688e5a,detected_heading=management discussion and Analysis; section_type_norm=STRICT_OR_STRONG_EQUIVALENT_MDA; confidence=HIGH; codex_final_status=CODEX_FINAL_PASS; char_count=25540.0
MDA_7167_ABLEGLOB_2024,mda,Yes,7167,ABLEGLOB,JOHOTIN,2024,success,02_extracted_text/mda/MDA_7167_ABLEGLOB_2024.txt,01_raw_annual_reports/7167_ABLEGLOB_JOHORE_TIN_BERHAD/2024/7167_ABLEGLOB_AR_2024_part1.pdf; 01_raw_annual_reports/7167_ABLEGLOB_JOHORE_TIN_BERHAD/2024/7167_ABLEGLOB_AR_2024_part2.pdf,7167_ABLEGLOB_AR_2024_part1.pdf:15a4ab69b164c488ae1234912f9298cec99b93af14b7e1b85e2218210b561c07; 7167_ABLEGLOB_AR_2024_part2.pdf:79380a36b272df5185856a25d0e75ec0aab69dee2992f201be85d1b9bc761cc0,detected_heading=Statement on Management Discussion and Analysis; section_type_norm=STRICT_MDA; confidence=HIGH; codex_final_status=CODEX_FINAL_PASS; char_count=11499
MDA_7216_KAWAN_2020,mda,Yes,7216,KAWAN,Kawan Food,2020,success,02_extracted_text/mda/MDA_7216_KAWAN_2020.txt,01_raw_annual_reports/7216_KAWAN_KAWAN_FOOD_BERHAD/2020/7216_KAWAN_AR_2020_part1.pdf; 01_raw_annual_reports/7216_KAWAN_KAWAN_FOOD_BERHAD/2020/7216_KAWAN_AR_2020_part2.pdf,7216_KAWAN_AR_2020_part1.pdf:56b12e8dd76b92f7ef3f7591189d31e190d30c1b6a764a455094d63ddcedc36d; 7216_KAWAN_AR_2020_part2.pdf:a47b64ba62494d636ccc049ebae600252a623cef19bff393d4be69792deb8341,detected_heading=Management Discussion and Analysis; section_type_norm=STRICT_OR_STRONG_EQUIVALENT_MDA; confidence=HIGH; codex_final_status=CODEX_FINAL_PASS; char_count=29109
MDA_7216_KAWAN_2021,mda,Yes,7216,KAWAN,Kawan Food,2021,success,02_extracted_text/mda/MDA_7216_KAWAN_2021.txt,01_raw_annual_reports/7216_KAWAN_KAWAN_FOOD_BERHAD/2021/7216_KAWAN_AR_2021.pdf,7216_KAWAN_AR_2021.pdf:f7ee42e8ac7d1c45f2a1d3f58a4e73720f7ad2e8dfb1e128030dfa50ee2f7b5c,detected_heading=MANAGEMENT DISCUSSION AND ANALYSIS; section_type_norm=STRICT_OR_STRONG_EQUIVALENT_MDA; confidence=HIGH; codex_final_status=CODEX_FINAL_PASS; char_count=5797.0
MDA_7216_KAWAN_2022,mda,Yes,7216,KAWAN,Kawan Food,2022,success,02_extracted_text/mda/MDA_7216_KAWAN_2022.txt,01_raw_annual_reports/7216_KAWAN_KAWAN_FOOD_BERHAD/2022/7216_KAWAN_AR_2022_part1.pdf; 01_raw_annual_reports/7216_KAWAN_KAWAN_FOOD_BERHAD/2022/7216_KAWAN_AR_2022_part2.pdf; 01_raw_annual_reports/7216_KAWAN_KAWAN_FOOD_BERHAD/2022/7216_KAWAN_AR_2022_part3.pdf; 01_raw_annual_reports/7216_KAWAN_KAWAN_FOOD_BERHAD/2022/7216_KAWAN_AR_2022_part4.pdf,7216_KAWAN_AR_2022_part1.pdf:68e659cde72df87f951794460f8e9aec33aa1b68c780c1f6f4999ff289079e46; 7216_KAWAN_AR_2022_part2.pdf:ac9183567dc544cc9773bfdeae50947d075e1357e4341c9d20238d458d7f2655; 7216_KAWAN_AR_2022_part3.pdf:4622d995fe9ceac6c9a785d315ce94d86128f1f2249446a4e68a56417d336728; 7216_KAWAN_AR_2022_part4.pdf:921213e54a9968d9fb4be1b2b4703759452bad81a9cd7c703082f8b35ad758c7,detected_heading=Management Discussion & Analysis; section_type_norm=STRICT_MDA; confidence=HIGH; codex_final_status=CODEX_FINAL_PASS; char_count=26648
MDA_7216_KAWAN_2023,mda,Yes,7216,KAWAN,Kawan Food,2023,success,02_extracted_text/mda/MDA_7216_KAWAN_2023.txt,01_raw_annual_reports/7216_KAWAN_KAWAN_FOOD_BERHAD/2023/7216_KAWAN_AR_2023_part1.pdf; 01_raw_annual_reports/7216_KAWAN_KAWAN_FOOD_BERHAD/2023/7216_KAWAN_AR_2023_part2.pdf; 01_raw_annual_reports/7216_KAWAN_KAWAN_FOOD_BERHAD/2023/7216_KAWAN_AR_2023_part3.pdf,7216_KAWAN_AR_2023_part1.pdf:b793c5c067ed309f8f6b163c308838b678da779632b24527711c69d59ae96484; 7216_KAWAN_AR_2023_part2.pdf:2ae5016da83c82fd6cc242c0c01c71510105a6ed895d6a6c75696a179536bb0f; 7216_KAWAN_AR_2023_part3.pdf:83f8d5a6f8453765196baa354c53e24a4a4ea6bf2d820633ab084fc7dd25ece8,detected_heading=MANAGEMENT DISCUSSION AND ANALYSIS; section_type_norm=STRICT_OR_STRONG_EQUIVALENT_MDA; confidence=HIGH; codex_final_status=CODEX_FINAL_PASS; char_count=25168
MDA_7216_KAWAN_2024,mda,Yes,7216,KAWAN,Kawan Food,2024,success,02_extracted_text/mda/MDA_7216_KAWAN_2024.txt,01_raw_annual_reports/7216_KAWAN_KAWAN_FOOD_BERHAD/2024/7216_KAWAN_AR_2024_part1.pdf; 01_raw_annual_reports/7216_KAWAN_KAWAN_FOOD_BERHAD/2024/7216_KAWAN_AR_2024_part2.pdf; 01_raw_annual_reports/7216_KAWAN_KAWAN_FOOD_BERHAD/2024/7216_KAWAN_AR_2024_part3.pdf,7216_KAWAN_AR_2024_part1.pdf:f92de9e3a35aa22e8dda598cf45250f55be33de55e5078d97d69cf8feac19c70; 7216_KAWAN_AR_2024_part2.pdf:966bae88398ea6c1072afd049696d45fc4a2f5dde140d6273f6fd3bf42b5b24f; 7216_KAWAN_AR_2024_part3.pdf:0bc774c4714463f8de1785490c6cbb939c09e50f6094f9949d3536bf12354f88,detected_heading=MANAGEMENT DISCUSSION AND ANALYSIS; section_type_norm=STRICT_OR_STRONG_EQUIVALENT_MDA; confidence=HIGH; codex_final_status=CODEX_FINAL_PASS; char_count=11132
MDA_7237_PWROOT_2020,mda,Yes,7237,PWROOT,Power Root,2020,success,02_extracted_text/mda/MDA_7237_PWROOT_2020.txt,01_raw_annual_reports/7237_PWROOT_POWER_ROOT_BERHAD/2020/7237_PWROOT_AR_2020.pdf,7237_PWROOT_AR_2020.pdf:6d88742227d580af8384d673bb146c0020f40bba319cbb6cdb78079108e95cb0,detected_heading=MANAGEMENT DISCUSSION AND ANALYSIS; section_type_norm=STRICT_OR_STRONG_EQUIVALENT_MDA; confidence=HIGH; codex_final_status=CODEX_FINAL_PASS; char_count=18870
MDA_7237_PWROOT_2021,mda,Yes,7237,PWROOT,Power Root,2021,success,02_extracted_text/mda/MDA_7237_PWROOT_2021.txt,01_raw_annual_reports/7237_PWROOT_POWER_ROOT_BERHAD/2021/7237_PWROOT_AR_2021.pdf,7237_PWROOT_AR_2021.pdf:ae4b178b98db40f2818eac88d537bddbe1a2e936a22969185e5b4dbf2d23d89e,detected_heading=MANAGEMENT DISCUSSION AND ANALYSIS; section_type_norm=STRICT_OR_STRONG_EQUIVALENT_MDA; confidence=HIGH; codex_final_status=CODEX_FINAL_PASS; char_count=24054
MDA_7237_PWROOT_2022,mda,Yes,7237,PWROOT,Power Root,2022,success,02_extracted_text/mda/MDA_7237_PWROOT_2022.txt,01_raw_annual_reports/7237_PWROOT_POWER_ROOT_BERHAD/2022/7237_PWROOT_AR_2022.pdf,7237_PWROOT_AR_2022.pdf:9eccf647808693572816119c2c0d78439ff8b0a3d8c4d5e8d5d33a6047c8e7fe,detected_heading=MANAGEMENT DISCUSSION AND ANALYSIS; section_type_norm=STRICT_OR_STRONG_EQUIVALENT_MDA; confidence=HIGH; codex_final_status=CODEX_FINAL_PASS; char_count=28230
MDA_7237_PWROOT_2023,mda,Yes,7237,PWROOT,Power Root,2023,success,02_extracted_text/mda/MDA_7237_PWROOT_2023.txt,01_raw_annual_reports/7237_PWROOT_POWER_ROOT_BERHAD/2023/7237_PWROOT_AR_2023.pdf,7237_PWROOT_AR_2023.pdf:f523d45420113e26e5256ab3a47bb85b7a0fa20559ade45111f2d4e1083735d6,detected_heading=MANAGEMENT DISCUSSION AND ANALYSIS; section_type_norm=STRICT_OR_STRONG_EQUIVALENT_MDA; confidence=HIGH; codex_final_status=CODEX_FINAL_PASS; char_count=9939
MDA_7237_PWROOT_2024,mda,Yes,7237,PWROOT,Power Root,2024,success,02_extracted_text/mda/MDA_7237_PWROOT_2024.txt,01_raw_annual_reports/7237_PWROOT_POWER_ROOT_BERHAD/2024/7237_PWROOT_AR_2024.pdf,7237_PWROOT_AR_2024.pdf:0b1e09c0fce7304712353c60dcc1456145b3c1189db3cc83f6bc75c481b6f22e,detected_heading=MANAGEMENT DISCUSSION AND ANALYSIS; section_type_norm=STRICT_OR_STRONG_EQUIVALENT_MDA; confidence=HIGH; codex_final_status=CODEX_FINAL_PASS; char_count=17378
MDA_7243_MAGMA_2020,mda,Yes,7243,MAGMA,Impiana Hotels Bhd,2020,success,02_extracted_text/mda/MDA_7243_MAGMA_2020.txt,01_raw_annual_reports/7243_MAGMA_IMPIANA_HOTELS_BERHAD/2020/7243_MAGMA_AR_2020.pdf,7243_MAGMA_AR_2020.pdf:2b78aad4683f4d3d1599bf0347df10c404ae2ad5bcae1f53fc1dd7e5fd7dea17,detected_heading=MANAGEMENT DISCUSSION & ANALYSIS; section_type_norm=STRICT_OR_STRONG_EQUIVALENT_MDA; confidence=HIGH; codex_final_status=CODEX_FINAL_PASS; char_count=16014
MDA_7243_MAGMA_2021,mda,Yes,7243,MAGMA,Impiana Hotels Bhd,2021,success,02_extracted_text/mda/MDA_7243_MAGMA_2021.txt,01_raw_annual_reports/7243_MAGMA_IMPIANA_HOTELS_BERHAD/2021/7243_MAGMA_AR_2021.pdf,7243_MAGMA_AR_2021.pdf:b6ba826d6b1fcb5bd5d27de48871c9db94b7e7c093b4cc209308268156b9368d,detected_heading=MANAGEMENT DISCUSSION & ANALYSIS; section_type_norm=STRICT_OR_STRONG_EQUIVALENT_MDA; confidence=HIGH; codex_final_status=CODEX_FINAL_PASS; char_count=12577.0
MDA_7243_MAGMA_2022,mda,Yes,7243,MAGMA,Impiana Hotels Bhd,2022,success,02_extracted_text/mda/MDA_7243_MAGMA_2022.txt,01_raw_annual_reports/7243_MAGMA_IMPIANA_HOTELS_BERHAD/2022/7243_MAGMA_AR_2022.pdf,7243_MAGMA_AR_2022.pdf:5a2c293cfe02b4850d6eee3ff78bb5a993ece78539aa6d47750662259a600c01,detected_heading=MANAGEMENT DISCUSSION & ANALYSIS; section_type_norm=STRICT_OR_STRONG_EQUIVALENT_MDA; confidence=HIGH; codex_final_status=CODEX_FINAL_PASS; char_count=12377.0
MDA_7243_MAGMA_2023,mda,Yes,7243,MAGMA,Impiana Hotels Bhd,2023,success,02_extracted_text/mda/MDA_7243_MAGMA_2023.txt,01_raw_annual_reports/7243_MAGMA_IMPIANA_HOTELS_BERHAD/2023/7243_MAGMA_AR_2023.pdf,7243_MAGMA_AR_2023.pdf:82ffba93730e2009f016c9f4df70928bef5d02a124d5d7eb40aa6a6c2631676b,detected_heading=Management Discussion & Analysis; section_type_norm=STRICT_OR_STRONG_EQUIVALENT_MDA; confidence=HIGH; codex_final_status=CODEX_FINAL_PASS; char_count=19347
MDA_7243_MAGMA_2024,mda,Yes,7243,MAGMA,Impiana Hotels Bhd,2024,success,02_extracted_text/mda/MDA_7243_MAGMA_2024.txt,01_raw_annual_reports/7243_MAGMA_IMPIANA_HOTELS_BERHAD/2024/7243_MAGMA_AR_2024_part1.pdf; 01_raw_annual_reports/7243_MAGMA_IMPIANA_HOTELS_BERHAD/2024/7243_MAGMA_AR_2024_part2.pdf,7243_MAGMA_AR_2024_part1.pdf:8d33b2804024126642992511844b78e22501331d148b21b9282066f121c07e29; 7243_MAGMA_AR_2024_part2.pdf:c2002bb984e3b784bb15baabd0cf8c73d3e4137ad0904c3f469e710a3adffcb7,detected_heading=MANAGEMENT DISCUSSION & ANALYSIS; section_type_norm=STRICT_OR_STRONG_EQUIVALENT_MDA; confidence=HIGH; codex_final_status=CODEX_FINAL_PASS; char_count=17755
MDA_8303_LOTUS_2020,mda,Yes,8303,LOTUS,Lotus KFM Berhad,2020,success,02_extracted_text/mda/MDA_8303_LOTUS_2020.txt,01_raw_annual_reports/8303_LOTUS_LOTUS_KFM_BERHAD/2020/8303_LOTUS_AR_2020.pdf,8303_LOTUS_AR_2020.pdf:2d414b26e3d28a3d47e3d4fb05982ebb1fd3fd6e8330f1526a1ec6ffb3d8296a,detected_heading=MANAGEMENT DISCUSSION AND ANALYSIS; section_type_norm=STRICT_OR_STRONG_EQUIVALENT_MDA; confidence=HIGH; codex_final_status=CODEX_FINAL_PASS; char_count=8909
MDA_8303_LOTUS_2021,mda,Yes,8303,LOTUS,Lotus KFM Berhad,2021,success,02_extracted_text/mda/MDA_8303_LOTUS_2021.txt,01_raw_annual_reports/8303_LOTUS_LOTUS_KFM_BERHAD/2021/8303_LOTUS_AR_2021.pdf,8303_LOTUS_AR_2021.pdf:431807152d3528788bd4822ee412340bc3d4303282a140267cc7eef04f164f9b,detected_heading=MANAGEMENT DISCUSSION AND ANALYSIS; section_type_norm=STRICT_OR_STRONG_EQUIVALENT_MDA; confidence=HIGH; codex_final_status=CODEX_FINAL_PASS; char_count=10407
MDA_8303_LOTUS_2022,mda,Yes,8303,LOTUS,Lotus KFM Berhad,2022,success,02_extracted_text/mda/MDA_8303_LOTUS_2022.txt,01_raw_annual_reports/8303_LOTUS_LOTUS_KFM_BERHAD/2022/8303_LOTUS_AR_2022_part1.pdf; 01_raw_annual_reports/8303_LOTUS_LOTUS_KFM_BERHAD/2022/8303_LOTUS_AR_2022_part2.pdf,8303_LOTUS_AR_2022_part1.pdf:6f366e69de79200feae3cc775addb5647d7114eac241771c611033181c3ab259; 8303_LOTUS_AR_2022_part2.pdf:550ff8bf74d01bfd837c4204d3a4312ac02b5d08c2a98f474ffde08078dc2b5e,detected_heading=MANAGEMENT DISCUSSION AND ANALYSIS; section_type_norm=STRICT_OR_STRONG_EQUIVALENT_MDA; confidence=HIGH; codex_final_status=CODEX_FINAL_PASS; char_count=10905
MDA_8303_LOTUS_2023,mda,Yes,8303,LOTUS,Lotus KFM Berhad,2023,success,02_extracted_text/mda/MDA_8303_LOTUS_2023.txt,01_raw_annual_reports/8303_LOTUS_LOTUS_KFM_BERHAD/2023/8303_LOTUS_AR_2023.pdf,8303_LOTUS_AR_2023.pdf:4651baf01bfbd32b66c8efd2c558f1b89e5b8cabd6c2899a064bcd3e0425f7e3,detected_heading=MANAGEMENT DISCUSSION AND ANALYSIS; section_type_norm=STRICT_OR_STRONG_EQUIVALENT_MDA; confidence=HIGH; codex_final_status=CODEX_FINAL_PASS; char_count=11157
MDA_8303_LOTUS_2024,mda,Yes,8303,LOTUS,Lotus KFM Berhad,2024,success,02_extracted_text/mda/MDA_8303_LOTUS_2024.txt,01_raw_annual_reports/8303_LOTUS_LOTUS_KFM_BERHAD/2024/8303_LOTUS_AR_2024_part1.pdf; 01_raw_annual_reports/8303_LOTUS_LOTUS_KFM_BERHAD/2024/8303_LOTUS_AR_2024_part2.pdf,8303_LOTUS_AR_2024_part1.pdf:788b4bcc68667665ae83382ca4044923f66f564f6289a03c2205d58ff5cdac90; 8303_LOTUS_AR_2024_part2.pdf:c516848e61b13c7e9cf6fe5e2b161b94a740831ef9dd55cb1fc0f36bab7cfeab,detected_heading=MANAGEMENT DISCUSSION AND ANALYSIS; section_type_norm=STRICT_OR_STRONG_EQUIVALENT_MDA; confidence=HIGH; codex_final_status=CODEX_FINAL_PASS; char_count=9331
MDA_8478_HWATAI_2020,mda,Yes,8478,HWATAI,Hwa Tai,2020,success,02_extracted_text/mda/MDA_8478_HWATAI_2020.txt,01_raw_annual_reports/8478_HWATAI_HWA_TAI_INDUSTRIES_BERHAD/2020/8478_HWATAI_AR_2020.pdf,8478_HWATAI_AR_2020.pdf:9eae9375d1b67136e1e934d95f3dd5148d7cbe9128a519d44df1f7c6aefb78c7,detected_heading=STATEMENT OF MANAGEMENT DISCUSSION & ANALYSIS; section_type_norm=STRICT_OR_STRONG_EQUIVALENT_MDA; confidence=HIGH; codex_final_status=CODEX_FINAL_PASS; char_count=9494
MDA_8478_HWATAI_2021,mda,Yes,8478,HWATAI,Hwa Tai,2021,success,02_extracted_text/mda/MDA_8478_HWATAI_2021.txt,01_raw_annual_reports/8478_HWATAI_HWA_TAI_INDUSTRIES_BERHAD/2021/8478_HWATAI_AR_2021_part1.pdf; 01_raw_annual_reports/8478_HWATAI_HWA_TAI_INDUSTRIES_BERHAD/2021/8478_HWATAI_AR_2021_part2.pdf,8478_HWATAI_AR_2021_part1.pdf:ad0b103a09cdb5d1f2d187a71f6d0d2d7d66530e4aa9a1082ad3c29ac8fdf3b0; 8478_HWATAI_AR_2021_part2.pdf:a2b8c55326f2dcb13b5655711db7c3c1564e0d51457a2a2543f30991b78b1ce6,detected_heading=STATEMENT OF MANAGEMENT DISCUSSION & ANALYSIS; section_type_norm=STRICT_OR_STRONG_EQUIVALENT_MDA; confidence=HIGH; codex_final_status=CODEX_FINAL_PASS; char_count=12615
MDA_8478_HWATAI_2022,mda,Yes,8478,HWATAI,Hwa Tai,2022,success,02_extracted_text/mda/MDA_8478_HWATAI_2022.txt,01_raw_annual_reports/8478_HWATAI_HWA_TAI_INDUSTRIES_BERHAD/2022/8478_HWATAI_AR_2022.pdf,8478_HWATAI_AR_2022.pdf:c489804cfe2a47134bcd452f2aa255ace857c40ad3ffa99e6fc4209d5524dae9,detected_heading=STATEMENT OF MANAGEMENT DISCUSSION & ANALYSIS; section_type_norm=STRICT_OR_STRONG_EQUIVALENT_MDA; confidence=HIGH; codex_final_status=CODEX_FINAL_PASS; char_count=12431
MDA_8478_HWATAI_2023,mda,Yes,8478,HWATAI,Hwa Tai,2023,success,02_extracted_text/mda/MDA_8478_HWATAI_2023.txt,01_raw_annual_reports/8478_HWATAI_HWA_TAI_INDUSTRIES_BERHAD/2023/8478_HWATAI_AR_2023.pdf,8478_HWATAI_AR_2023.pdf:4795658f1a17f234b3c0dc63ed0565668e51cff48feb2da029b5e9e97ae64b67,detected_heading=FINANCIAL AND OPERATIONS REVIEWS (continued); section_type_norm=STRICT_OR_STRONG_EQUIVALENT_MDA; confidence=HIGH; codex_final_status=CODEX_FINAL_PASS; char_count=10897
MDA_8478_HWATAI_2024,mda,Yes,8478,HWATAI,Hwa Tai,2024,success,02_extracted_text/mda/MDA_8478_HWATAI_2024.txt,01_raw_annual_reports/8478_HWATAI_HWA_TAI_INDUSTRIES_BERHAD/2024/8478_HWATAI_AR_2024.pdf,8478_HWATAI_AR_2024.pdf:0fd9df78b7156facb3efd79bb0c727839610b995f2e141647a0702a8d8467531,detected_heading=STATEMENT OF MANAGEMENT DISCUSSION & ANALYSIS; section_type_norm=STRICT_OR_STRONG_EQUIVALENT_MDA; confidence=HIGH; codex_final_status=CODEX_FINAL_PASS; char_count=7251
MDA_9946_ETA_2020,mda,Yes,9946,ETA,Annual Report 2020,2020,success,02_extracted_text/mda/MDA_9946_ETA_2020.txt,01_raw_annual_reports/9946_ETA_REX_INDUSTRY_BERHAD/2020/9946_ETA_AR_2020.pdf,9946_ETA_AR_2020.pdf:acaa3ba1e4ae0d7d9c78629a4f84039aad3fa8c7fda7a6cafdd5b67463ba998a,detected_heading=Management Discussion and Analysis; section_type_norm=STRICT_OR_STRONG_EQUIVALENT_MDA; confidence=HIGH; codex_final_status=CODEX_FINAL_PASS; char_count=6836.0
MDA_9946_ETA_2021,mda,Yes,9946,ETA,Annual Report 2020,2021,success,02_extracted_text/mda/MDA_9946_ETA_2021.txt,01_raw_annual_reports/9946_ETA_REX_INDUSTRY_BERHAD/2021/9946_ETA_AR_2021.pdf,9946_ETA_AR_2021.pdf:66ac5a072c39839cbd06e511fcd6abf4c7bcd5e47192e325bf3163f825748156,detected_heading=MANAGEMENT DISCUSSION AND ANALYSIS; section_type_norm=STRICT_OR_STRONG_EQUIVALENT_MDA; confidence=HIGH; codex_final_status=CODEX_FINAL_PASS; char_count=5638
MDA_9946_ETA_2022,mda,Yes,9946,ETA,Annual Report 2020,2022,success,02_extracted_text/mda/MDA_9946_ETA_2022.txt,01_raw_annual_reports/9946_ETA_REX_INDUSTRY_BERHAD/2022/9946_ETA_AR_2022.pdf,9946_ETA_AR_2022.pdf:24a4fe424e8ce9b95b7997338a45226d826d7bccca29e2e1e496ae358c5452f7,detected_heading=MANAGEMENT DISCUSSION & ANALYSIS; section_type_norm=STRICT_OR_STRONG_EQUIVALENT_MDA; confidence=HIGH; codex_final_status=CODEX_FINAL_PASS; char_count=8402
MDA_9946_ETA_2023,mda,Yes,9946,ETA,Annual Report 2020,2023,success,02_extracted_text/mda/MDA_9946_ETA_2023.txt,01_raw_annual_reports/9946_ETA_REX_INDUSTRY_BERHAD/2023/9946_ETA_AR_2023.pdf,9946_ETA_AR_2023.pdf:c7eb3192ab0ad1275e0c48dcfebe56094cb78a62f96c592bdfa10f9a6159f029,detected_heading=MANAGEMENT DISCUSSION & ANALYSIS; section_type_norm=STRICT_OR_STRONG_EQUIVALENT_MDA; confidence=HIGH; codex_final_status=CODEX_FINAL_PASS; char_count=5123
MDA_9946_ETA_2024,mda,Yes,9946,ETA,Annual Report 2020,2024,success,02_extracted_text/mda/MDA_9946_ETA_2024.txt,01_raw_annual_reports/9946_ETA_REX_INDUSTRY_BERHAD/2024/9946_ETA_AR_2024.pdf,9946_ETA_AR_2024.pdf:8b219255134accbb61bff92ab6c8a282092b2e92dc1cd2835cd471027904be96,detected_heading=MANAGEMENT DISCUSSION & ANALYSIS; section_type_norm=STRICT_OR_STRONG_EQUIVALENT_MDA; confidence=HIGH; codex_final_status=CODEX_FINAL_PASS; char_count=6987
