document_id,ticker,company_name,report_year,dimension_code,raw_score,evidence_locator,evidence_exists,evidence_text_short,evidence_semantic_status,evidence_issue_type,score_evidence_alignment,needs_review,recommended_action,repair_status,repair_reason,numeric_issue_status
MDA_0012_3A_2020,3A,Three-A Resources Berhad,2020,AR02,3,[MDA_P003],true,[MDA_P003] MANAGEMENT DISCUSSION AND ANALYSIS (CONTINUED) investments on production facilities to improve capacity and efficiency. These business plans were carried out after the Group had carefully conducted comprehensive evaluation and pl,acceptable,numeric_review_required,partial,true,manual_review,,,numeric_review_required
MDA_0012_3A_2021,3A,Three-A Resources Berhad,2021,AR02,4,[MDA_P002],true,"[MDA_P002] However, hopes are high as our country was ramping up the vaccination drive together with booster shots for all adults as well as certain groups of children now. But the emergence of new variants had dashed hope to achieving herd",acceptable,numeric_review_required,partial,true,manual_review,,,numeric_review_required
MDA_0012_3A_2022,3A,Three-A Resources Berhad,2022,AR02,3,[MDA_P001],true,"[MDA_P001] MANAGEMENT DISCUSSION AND ANALYSIS INDUSTRY OVERVIEW As we reflected on the unparalleled pace of change from the domino impact of COVID-19, companies need to evolve to overcome challenges in order to achieve their business object",acceptable,numeric_review_required,partial,true,manual_review,,,numeric_review_required
MDA_0012_3A_2023,3A,Three-A Resources Berhad,2023,AR02,3,[MDA_P001],true,"[MDA_P001] MANAGEMENT DISCUSSION AND ANALYSIS Revenue RM 603.9 million Profit After Tax (PAT) RM 45.2 million 1.0 Three-A Resources Management Discussion & Analysis Business Overview Three-A Resources Berhad (""3A"" or ""the Company"") is an in",acceptable,numeric_review_required,partial,true,manual_review,,,numeric_review_required
MDA_0012_3A_2024,3A,Three-A Resources Berhad,2024,AR02,3,[MDA_P001],true,"[MDA_P001] MANAGEMENT DISCUSSION AND ANALYSIS Profit After Tax (PAT) (RM'000) RM43,449 Revenue (RM'000) RM557,116 Industry Overview Three-A Resources Berhad (""3A"" or ""the Group"") continues to strengthen its position as a manufacturer of hig",acceptable,numeric_review_required,partial,true,manual_review,,,numeric_review_required
MDA_0212_SDS_2020,SDS,SDSG,2020,AR02,2,[MDA_P009],true,"[MDA_P009] Due to the outbreak of the COVID-19 pandemic, the Group has experienced lower revenue from the retail channel since February 2020 as consumers began to avoid crowded places. However, during this period, some of the fixed overhead",acceptable,numeric_review_required,partial,true,manual_review,,,numeric_review_required
MDA_0212_SDS_2021,SDS,SDSG,2021,AR02,3,[MDA_P001],true,"[MDA_P001] MANAGEMENT DISCUSSION AND ANALYSIS Dear valued shareholders, it is with great pleasure that we present to you the Annual Report and Audited Financial Statements of SDS Group Berhad (“SDS Group” or the “Group”) for the financial y",acceptable,numeric_review_required,partial,true,manual_review,,,numeric_review_required
MDA_0212_SDS_2022,SDS,SDSG,2022,AR02,2,[MDA_P007],true,"[MDA_P007] Financial Indicators FY2022 RM’000 FY2021 RM’000 Difference (%) Revenue 198,283 173,778 14.1% Gross Profit 61,596 52,988 16.2% Gross Profit Margin 31.1% 30.5% 1.9% Profit Before Tax 14,103 9,589 47.1% Profit After Tax Attributabl",acceptable,numeric_review_required,partial,true,manual_review,,,numeric_review_required
MDA_0212_SDS_2023,SDS,SDSG,2023,AR02,2,[MDA_P007],true,[MDA_P007] The driving factor for the higher sales has been the uplifting of movement controls at the country’s borders as well as the increased options for value-for-money bakery products given the economic pressure on the customers’ purch,acceptable,numeric_review_required,partial,true,manual_review,,,numeric_review_required
MDA_0212_SDS_2024,SDS,SDSG,2024,AR02,2,[MDA_P007],true,"[MDA_P007] Financial indicators as listed below: INDICATOR FY2024 (RM ’000)* FY2023 (RM ’000)* DIFFERENCE (%) Revenue 324,063 283,667 14.2% Gross Profit 110,054 89,292 23.3% Gross Profit Margin (%) 34.0 31.5 7.9% Profit before tax 43,290 32",acceptable,numeric_review_required,partial,true,manual_review,,,numeric_review_required
MDA_2658_AJI_2020,AJI,Ajinomoto,2020,AR02,3,[MDA_P001],true,[MDA_P001] MANAGEMENT DISCUSSION & ANALYSIS Our Business History & Milestone Ajinomoto (Malaysia) Berhad (“the CompanyȄǼȱ ȱȱę¢Ȭȱ¢ȱȱȱŗşŜŗȱ ȱȱȱȱȱȱȱ monosodium glutamate (“MSG”) under th,weak,missing_financial_content,partial,true,manual_required,manual_required,repair_output_still_invalid,no_numeric_issue
MDA_2658_AJI_2021,AJI,Ajinomoto,2021,AR02,3,[MDA_P032],true,"[MDA_P032] store in low temperature. MS1500:2009 1092-02/2004 PROD DATE EXP DATE LOT NO. : : : Manufactured by: AJINOMOTO (MALAYSIA) BERHAD (4295-W) Lot 5710, Jalan Kuchai Lama, Petaling, 58200 Kuala Lumpur, Malaysia. Tel: +603-7980 6958 Fa",acceptable,numeric_review_required,partial,true,manual_review,,,numeric_review_required
MDA_2658_AJI_2022,AJI,Ajinomoto,2022,AR02,3,[MDA_P032],true,"[MDA_P032] store in low temperature. MS1500:2009 1092-02/2004 PROD DATE EXP DATE LOT NO. : : : Manufactured by: AJINOMOTO (MALAYSIA) BERHAD (4295-W) Lot 5710, Jalan Kuchai Lama, Petaling, 58200 Kuala Lumpur, Malaysia. Tel: +603-7980 6958 Fa",weak,missing_financial_content,partial,true,manual_required,manual_required,repair_output_still_invalid,not_enough_numbers
MDA_2658_AJI_2023,AJI,Ajinomoto,2023,AR02,3,[MDA_P001],true,[MDA_P001] MANAGEMENT DISCUSSION & ANALYSIS Inauguration of Effluent Treatment Management (SALAM) Corporate name was changed to Ajinomoto (Malaysia) Sdn Bhd Company name was changed to Ajinomoto (Malaysia) Berhad as the public company Comme,acceptable,numeric_review_required,partial,true,manual_review,,,numeric_review_required
MDA_2658_AJI_2024,AJI,Ajinomoto,2024,AR02,3,[MDA_P037],true,[MDA_P037] AJINOMOTO (MALAYSIA) BERHAD 196101000252 (4295-W) Annual Report 2024 Management Discussion & Analysis (cont’d.) RM1092.8MIL TOTAL ASSETS RM636.4MIL REVENUE 660.25SEN EARNINGS PER SHARE 43.44% RETURN ON EQUITY 38.40SEN 212.00SEN O,acceptable,numeric_review_required,partial,true,manual_review,,,numeric_review_required
MDA_2828_CIHLDG_2020,CIHLDG,CIHB,2020,AR02,4,[MDA_P001],true,"[MDA_P001] MANAGEMENT DISCUSSION AND ANALYSIS OVERVIEW OF GROUP’S BUSINESS AND OPERATIONS Company Profile The Group is divided into two main divisions, namely the Edible Oil Products Division and the Tap and Sanitary Ware Division. The form",acceptable,numeric_review_required,partial,true,manual_review,,,numeric_review_required
MDA_2828_CIHLDG_2021,CIHLDG,CIHB,2021,AR02,4,[MDA_P001],true,[MDA_P001] Management Discussion And Analysis ANNUAL REPORT 2021 C.I. HOLDINGS BERHAD 197801000889 (37918-A),weak,missing_financial_content,partial,true,manual_required,manual_required,repair_output_still_invalid,no_numeric_issue
MDA_2828_CIHLDG_2022,CIHLDG,CIHB,2022,AR02,4,[MDA_P001],true,"[MDA_P001] MANAGEMENT DISCUSSION AND ANALYSIS Overview Of Group’s Business And Operations Company Profile The Group is divided into two main divisions, being the Edible Oil Products Division and the Tap and Sanitary Ware Division. The Edibl",acceptable,numeric_review_required,partial,true,manual_review,,,numeric_review_required
MDA_2828_CIHLDG_2023,CIHLDG,CIHB,2023,AR02,4,[MDA_P002],true,[MDA_P002] ANNUAL REPORT 2023 C.I.,weak,missing_financial_content,partial,true,manual_required,manual_required,repair_output_still_invalid,no_numeric_issue
MDA_2828_CIHLDG_2024,CIHLDG,CIHB,2024,AR02,2,[MDA_P006],true,[MDA_P006] The overall average for the year stood at RM4.70/USD. This is a 4.47% increase as against the previous financial year average of MYR 4.495 to 1 USD. The Group has successfully navigated global challenges by expanding its product,acceptable,numeric_review_required,partial,true,manual_review,,,numeric_review_required
MDA_2836_CARLSBG_2020,CARLSBG,Carlsberg Brewery Malaysia Berhad,2020,AR02,3,[MDA_P002],true,"[MDA_P002] We essentially suspended production and distribution in compliance with unprecedented restrictions, which led to business disruption. From the beginning, we began engaging with our stakeholders in earnest, communicating our effor",acceptable,numeric_review_required,partial,true,manual_review,,,numeric_review_required
MDA_2836_CARLSBG_2021,CARLSBG,Carlsberg Brewery Malaysia Berhad,2021,AR02,3,[MDA_P001],true,[MDA_P001] MANAGEMENT DISCUSSION & ANALYSIS CORPORATE STRATEGY: SAIL’22 OUR TWO ENABLERS OUR SEVEN STRATEGIC PRIORITIES OUR THREE STRATEGIC LEVERS DEFEND OUR LICENCE TO OPERATE CREATE A WINNING CULTURE STRENGTHEN THE CORE POSITION FOR GROWT,acceptable,numeric_review_required,partial,true,manual_review,,,numeric_review_required
MDA_2836_CARLSBG_2022,CARLSBG,Carlsberg Brewery Malaysia Berhad,2022,AR02,3,[MDA_P001],true,[MDA_P001] MANAGEMENT DISCUSSION AND ANALYSIS CORPORATE STRATEGY: SAIL’22 OUR TWO ENABLERS OUR SEVEN STRATEGIC PRIORITIES OUR THREE STRATEGIC LEVERS CREATE A WINNING CULTURE STRENGTHEN THE CORE ‘Grow in Mainstream’ with Carlsberg Danish Pil,acceptable,numeric_review_required,partial,true,manual_review,,,numeric_review_required
MDA_2836_CARLSBG_2023,CARLSBG,Carlsberg Brewery Malaysia Berhad,2023,AR02,3,[MDA_P002],true,"[MDA_P002] financial targets, and a commitment to sustainability, responsibility and creating long-term value. Sharpening Our Focus for Future Growth SAIL'27 encapsulates four key strategic levers, each designed to prepare the Group to be m",acceptable,numeric_review_required,partial,true,manual_review,,,numeric_review_required
MDA_2836_CARLSBG_2024,CARLSBG,Carlsberg Brewery Malaysia Berhad,2024,AR02,3,[MDA_P001],true,"[MDA_P001] MANAGEMENT DISCUSSION AND ANALYSIS Through Portfolio Choices, we are sharpening our focus on premiumisation, innovation and strengthening core beer offerings. Investments in premium brands, Alcohol-Free Brews and Beyond Beer cate",acceptable,numeric_review_required,partial,true,manual_review,,,numeric_review_required
MDA_3026_DLADY_2020,DLADY,DL,2020,AR02,3,[MDA_P001],true,"[MDA_P001] MANAGEMENT DISCUSSION & ANALYSIS Number 1 position in Liquid Milk. In line with DLMI’s purpose to Nourish our Nation from Grass to Glass, the business successfully overcame multiple challenges throughout 2020. 66 SKUs which make",acceptable,numeric_review_required,partial,true,manual_review,,,numeric_review_required
MDA_3026_DLADY_2021,DLADY,DL,2021,AR02,3,[MDA_P006],true,[MDA_P006] Environmental Sustainability DLMI is constantly working to reduce our environmental footprint. Efforts to care for our environment are practiced every day across our business for example through purchasing 100% green electricity.,acceptable,numeric_review_required,partial,true,manual_review,,,numeric_review_required
MDA_3026_DLADY_2022,DLADY,DL,2022,AR02,2,[MDA_P032],true,"[MDA_P032] After reconciliation, DLMI paid to its shareholders a total of RM32 million in interim dividends consisting of two standards dividends of RM0.25 each. This represents a distribution of 69% of the profits attributable to sharehold",acceptable,numeric_review_required,partial,true,manual_review,,,numeric_review_required
MDA_3026_DLADY_2023,DLADY,DL,2023,AR02,3,[MDA_P004],true,"[MDA_P004] Meanwhile, sustainability KPIs are part of Managing Director and Management Team’s annual targets. Our three-year journey towards transition and adoption of Integrated Reporting principles, which commenced from the reporting cycl",acceptable,numeric_review_required,partial,true,manual_review,,,numeric_review_required
MDA_3026_DLADY_2024,DLADY,DL,2024,AR01,4,[MDA_P001],true,"[MDA_P001] A HISTORIC MILESTONE & MASSIVE TRANSITION TOWARDS RESPONSIBLE GROWTH 2024 was history in the making for Dutch Lady Milk Industries Berhad. One notable milestone was bidding farewell to our iconic DLMI@PJ manufacturing facility, e",weak,too_generic,partial,true,manual_review,,,
MDA_3026_DLADY_2024,DLADY,DL,2024,AR02,3,[MDA_P002],true,"[MDA_P002] This transition, a well- orchestrated plan over the past five years, culminated in 2024 with the critical milestone of moving to our Halal IR4.0- enabled production centre. This move will accelerate our strategy to scale operatio",acceptable,numeric_review_required,partial,true,manual_review,,,numeric_review_required
MDA_3255_HEIM_2020,HEIM,Heineken,2020,AR02,3,[MDA_P002],true,[MDA_P002] ANNUAL REPORT 2020 | HEINEKEN MALAYSIA BERHAD Management Discussion & Analysis 2020 was a difficult year. The Covid-19 global pandemic brought the economy to a standstill. Faced with the immediate need to bring the contagion unde,acceptable,numeric_review_required,partial,true,manual_review,,,numeric_review_required
MDA_3255_HEIM_2020,HEIM,Heineken,2020,AR03,2,[MDA_P003],true,"[MDA_P003] We are the leading brewer in the country, with a portfolio of iconic international and local brands that are supported by consumers who share the same Passion for Quality that is a key HEINEKEN value. In 2020, we had to respond t",weak,missing_causal_explanation,partial,true,manual_review,,,
MDA_3255_HEIM_2021,HEIM,Heineken,2021,AR02,3,[MDA_P001],true,"[MDA_P001] Management Discussion & Analysis Navigating through the storm We kept an all hands on deck approach by keeping the team connected and motivated through regular communications and updates, despite the many uncertainties in the ext",acceptable,numeric_review_required,partial,true,manual_review,,,numeric_review_required
MDA_3255_HEIM_2022,HEIM,Heineken,2022,AR02,3,[MDA_P004],true,"[MDA_P004] The following is a review of our business and financial performance, the highlights of our commercial campaigns, the progress of our sustainability commitments, as well as the outlook for 2023. OUR PERFORMANCE Compared to 2021, G",acceptable,numeric_review_required,partial,true,manual_review,,,numeric_review_required
MDA_3255_HEIM_2023,HEIM,Heineken,2023,AR02,3,[MDA_P004],true,"[MDA_P004] The following is a review of our business and financial performance, the highlights of our commercial campaigns, the progress of our sustainability goals, as well as the outlook for 2024. OUR PERFORMANCE Compared with our 2022 pe",acceptable,numeric_review_required,partial,true,manual_review,,,numeric_review_required
MDA_3255_HEIM_2024,HEIM,Heineken,2024,AR02,3,[MDA_P001],true,"[MDA_P001] Management Discussion & Analysis HEINEKEN Malaysia delivered strong financial results in 2024, showing significant progress from the previous year, fueled by strategic marketing efforts and the successful launch of innovation pro",acceptable,numeric_review_required,partial,true,manual_review,,,numeric_review_required
MDA_3662_MFLOUR_2020,MFLOUR,MFM,2020,AR02,3,[MDA_P001],true,[MDA_P001] MANAGEMENT DISCUSSION AND ANALYSIS,weak,missing_financial_content,partial,true,manual_required,manual_required,repair_output_still_invalid,no_numeric_issue
MDA_3662_MFLOUR_2021,MFLOUR,MFM,2021,AR02,3,[MDA_P001],true,[MDA_P001] MANAGEMENT DISCUSSION AND ANALYSIS,weak,missing_financial_content,partial,true,manual_required,manual_required,repair_output_still_invalid,no_numeric_issue
MDA_3662_MFLOUR_2022,MFLOUR,MFM,2022,AR02,3,[MDA_P001],true,[MDA_P001] MANAGEMENT DISCUSSION AND ANALYSIS,acceptable,numeric_review_required,partial,true,manual_review,,,numeric_review_required
MDA_3662_MFLOUR_2023,MFLOUR,MFM,2023,AR02,3,[MDA_P001],true,[MDA_P001] MANAGEMENT DISCUSSION AND ANALYSIS,weak,missing_financial_content,partial,true,manual_required,manual_required,repair_output_still_invalid,not_enough_numbers
MDA_3662_MFLOUR_2024,MFLOUR,MFM,2024,AR02,3,[MDA_P001],true,[MDA_P001] Management Discussion and Analysis,acceptable,numeric_review_required,partial,true,manual_review,,,numeric_review_required
MDA_3689_FN_2020,FN,FNHB,2020,AR02,4,[MDA_P001],true,"[MDA_P001] BUSINESS REVIEW: Food and Beverages Malaysia Managing Director, Domestic Commercial Operations (Peninsular Malaysia) Bryan Lee Chee Kong Director, Domestic Commercial Operations (East Malaysia & Brunei) Bart Lim Siang Chin",weak,missing_financial_content,partial,true,manual_required,manual_required,repair_output_still_invalid,no_numeric_issue
MDA_3689_FN_2021,FN,FNHB,2021,AR02,3,[MDA_P002],true,"[MDA_P002] Market Review FY2021 has been signiﬁcantly more challenging than FY2020 for our Malaysian, Thai and Export operations for three main reasons: Covid-19, the increase in price of commodities, as well as that of freight charges. In",weak,missing_financial_content,partial,true,manual_required,manual_required,repair_output_still_invalid,no_numeric_issue
MDA_3689_FN_2022,FN,FNHB,2022,AR02,2,[MDA_P001],true,"[MDA_P001] Management Discussion & Analysis Strategic Review Market Review OUR OPERATING LANDSCAPE The year 2022 has been marked by two key and opposing factors. Positively, it has seen the gradual unravelling of movement and social restric",acceptable,numeric_review_required,partial,true,manual_review,,,numeric_review_required
MDA_3689_FN_2023,FN,FNHB,2023,AR02,3,[MDA_P001],true,"[MDA_P001] MANAGEMENT DISCUSSION & ANALYSIS Annual Report 2023 MARKET REVIEW A. Strategic Review In May 2023, the World Health Organization (WHO) declared that COVID-19 “no longer constitutes a public health emergency of international conce",acceptable,numeric_review_required,partial,true,manual_review,,,numeric_review_required
MDA_4065_PPB_2020,PPB,PPB,2020,AR02,3,[MDA_P001],true,"[MDA_P001] Financial Review 4,190,690 1,420,933 4,683,776 1,271,628 The Group achieved total revenue of RM4.19 billion, 11% lower than FY2019. This was mainly attributable to lower revenue from the Film exhibition and distribution segment.",acceptable,numeric_review_required,partial,true,manual_review,,,numeric_review_required
MDA_4065_PPB_2021,PPB,PPB,2021,AR02,2,[MDA_P004],true,"[MDA_P004] GRAINS AND AGRIBUSINESS SEGMENT The Grains and Agribusiness segment is the largest contributor to Group revenue. This segment comprises Flour Milling, Feed Milling, Corn Trading and Livestock Farming, contributing 78% of the Grou",acceptable,numeric_review_required,partial,true,manual_review,,,numeric_review_required
MDA_4065_PPB_2022,PPB,PPB,2022,AR02,3,[MDA_P001],true,"[MDA_P001] PPB Group Berhad | Annual Report 2022 PPB Group Berhad | Annual Report 2022 MESSAGES FROM OUR LEADERS Managing director’s review Dear Shareholders, In 2022, Malaysia’s economy strengthened with the reopening of international bord",acceptable,numeric_review_required,partial,true,manual_review,,,numeric_review_required
MDA_4065_PPB_2023,PPB,PPB,2023,AR02,3,[MDA_P001],true,[MDA_P001] Managing director’s review Managing director’s review NAVIGATING THE YEAR AND BEYOND PPB Group Berhad remained resilient and committed to sustainable growth to navigate the challenging year. As a conglomerate engaged in diverse b,acceptable,numeric_review_required,partial,true,manual_review,,,numeric_review_required
MDA_4065_PPB_2024,PPB,PPB,2024,AR02,3,[MDA_P016],true,"[MDA_P016] Revenue 5,386 5,721 (5.9) Profit before taxation 1,333 1,488 (10.4) Profit after taxation 1,242 1,421 (12.6) Profit attributable to owners of the parent 1,219 1,394 (12.6)",acceptable,numeric_review_required,partial,true,manual_review,,,numeric_review_required
MDA_4065_PPB_2024,PPB,PPB,2024,AR03,2,[MDA_P016],true,"[MDA_P016] Revenue 5,386 5,721 (5.9) Profit before taxation 1,333 1,488 (10.4) Profit after taxation 1,242 1,421 (12.6) Profit attributable to owners of the parent 1,219 1,394 (12.6)",weak,missing_causal_explanation,partial,true,manual_review,,,
MDA_4707_NESTLE_2020,NESTLE,Nestle Malaysia Berhad,2020,AR02,3,[MDA_P001],true,"[MDA_P001] Management Discussion & Analysis FINANCIAL REVIEW At the very onset of the pandemic, we quickly realigned our priorities significantly to ramp up safety, health and preventive measures for our people and to preserve operational c",acceptable,numeric_review_required,partial,true,manual_review,,,numeric_review_required
MDA_4707_NESTLE_2021,NESTLE,Nestle Malaysia Berhad,2021,AR02,3,[MDA_P001],true,"[MDA_P001] Management Discussion and Analysis “By staying focused on what mattered, Nestlé Malaysia has been able to manage the ongoing challenges of the pandemic in 2021, accelerating growth and improving year-on-year profitability, while",acceptable,numeric_review_required,partial,true,manual_review,,,numeric_review_required
MDA_4707_NESTLE_2022,NESTLE,Nestle Malaysia Berhad,2022,AR02,3,[MDA_P001],true,"[MDA_P001] Management Discussion and Analysis FINANCIAL REVIEW The year shaped up to be one of solid recovery post-COVID lockdowns, amidst global volatile conditions and commodities inflation. We sharpened our focus to keep upholding the tr",acceptable,numeric_review_required,partial,true,manual_review,,,numeric_review_required
MDA_4707_NESTLE_2023,NESTLE,Nestle Malaysia Berhad,2023,AR02,3,[MDA_P001],true,"[MDA_P001] Management Discussion and Analysis “In the face of global headwinds and uncertainties, Nestlé Malaysia demonstrated continued resilience in 2023, always guided by our commitment to fulfil the diverse expectations of Malaysians an",acceptable,numeric_review_required,partial,true,manual_review,,,numeric_review_required
MDA_4707_NESTLE_2024,NESTLE,Nestle Malaysia Berhad,2024,AR02,3,[MDA_P001],true,"[MDA_P001] Management Discussion and Analysis “Through the significant external challenges confronted in 2024, Nestlé Malaysia remained focused on consistently delivering on our mission to provide high-quality nutrition, foods and beverages",acceptable,numeric_review_required,partial,true,manual_review,,,numeric_review_required
MDA_5008_HARISON_2021,HARISON,Harrisons Holdings (Malaysia) Berhad - 2020,2021,AR02,3,[MDA_P005],true,"[MDA_P005] As such, knowing exactly what principals expect from us improves our bottom line and strengthens our reputation in the long term. Engaging with our principals regularly enable us to understand their needs and expectations, identi",acceptable,numeric_review_required,partial,true,manual_review,,,numeric_review_required
MDA_5008_HARISON_2022,HARISON,Harrisons Holdings (Malaysia) Berhad - 2020,2022,AR02,3,[MDA_P001],true,[MDA_P001] MANAGEMENT DISCUSSION AND ANALYSIS,weak,missing_financial_content,partial,true,manual_required,manual_required,repair_output_still_invalid,not_enough_numbers
MDA_5008_HARISON_2023,HARISON,Harrisons Holdings (Malaysia) Berhad - 2020,2023,AR02,3,[MDA_P002],true,[MDA_P002] Overview of Business Activities,acceptable,numeric_review_required,partial,true,manual_review,,,numeric_review_required
MDA_5008_HARISON_2024,HARISON,Harrisons Holdings (Malaysia) Berhad - 2020,2024,AR02,2,[MDA_P030],true,[MDA_P030] The Trade and Distribution Segment (“T&D Segment”) comprise mainly of the Fast-Moving Consumer Products businesses in Sabah and Sarawak. Sales of Building Materials and Engineering Products are mainly in Peninsular. This segment,acceptable,numeric_review_required,partial,true,manual_review,,,numeric_review_required
MDA_5102_GCB_2020,GCB,GCB,2020,AR02,3,[MDA_P001],true,"[MDA_P001] Management Discussion & Analysis Dear Shareholders, Despite a tumultuous year amidst the prolonged effects of the COVID19 pandemic, Guan Chong Berhad (GCB or the Group) posted commendable results for the financial year ended 31 D",acceptable,numeric_review_required,partial,true,manual_review,,,numeric_review_required
MDA_5102_GCB_2021,GCB,GCB,2021,AR02,3,[MDA_P001],true,"[MDA_P001] Management Discussion & Analysis 6 | GUAN CHONG BERHAD Our Financial Performance Continuing our trend of steady year-on-year growth, Group-wide revenue rose by 6.5% in FY2021. However, our net profit decreased by 30.5% mainly due",acceptable,numeric_review_required,partial,true,manual_review,,,numeric_review_required
MDA_5102_GCB_2022,GCB,GCB,2022,AR02,3,[MDA_P001],true,"[MDA_P001] Management Discussion & Analysis MARKET OVERVIEW Despite global concerns about the economic impact of the Russia-Ukraine conflict, the global demand for chocolate remained strong, as demonstrated by the increase in grinding world",acceptable,numeric_review_required,partial,true,manual_review,,,numeric_review_required
MDA_5102_GCB_2023,GCB,GCB,2023,AR02,3,[MDA_P001],true,[MDA_P001] MANAGEMENT DISCUSSION & ANALYSIS Strategic Review Market Overview Outlook Our Value Creation Story Value Creation Business Model Key Stakeholder Engagement Material Matters Key Risks & Mitigation Actions Growth Strategies Financi,acceptable,numeric_review_required,partial,true,manual_review,,,numeric_review_required
MDA_5102_GCB_2024,GCB,GCB,2024,AR02,3,[MDA_P001],true,"[MDA_P001] MANAGEMENT DISCUSSION & ANALYSIS MARKET OVERVIEW OUTLOOK As we navigate the strategic landscape of our operations, it is essential to gain a comprehensive understanding of the prevailing conditions in the cocoa market. This inclu",acceptable,numeric_review_required,partial,true,manual_review,,,numeric_review_required
MDA_5157_SG_2020,SG,Saudee Group Berhad,2020,AR02,3,[MDA_P001],true,[MDA_P001] MANAGEMENT DISCUSSION & ANALYSIS SAUDEE GROUP BERHAD 200801036832 (838172-P),acceptable,numeric_review_required,partial,true,manual_review,,,numeric_review_required
MDA_5157_SG_2021,SG,Saudee Group Berhad,2021,AR02,3,[MDA_P001],true,[MDA_P001] MANAGEMENT DISCUSSION & ANALYSIS SAUDEE GROUP BERHAD 200801036832 (838172-P),weak,missing_financial_content,partial,true,manual_required,manual_required,repair_output_still_invalid,no_numeric_issue
MDA_5157_SG_2022,SG,Saudee Group Berhad,2022,AR02,3,[MDA_P001],true,[MDA_P001] MANAGEMENT DISCUSSION & ANALYSIS Introduction The summary of the results of SAUDEE and its subsidiaries (“Group”) for the past two (2) financial years ended 31 July 2021 (“FYE 2021”) to FYE 2022 as summarised below:- FYE 2022 FYE,acceptable,numeric_review_required,partial,true,manual_review,,,numeric_review_required
MDA_5157_SG_2022,SG,Saudee Group Berhad,2022,AR03,4,[MDA_P001],true,[MDA_P001] MANAGEMENT DISCUSSION & ANALYSIS Introduction The summary of the results of SAUDEE and its subsidiaries (“Group”) for the past two (2) financial years ended 31 July 2021 (“FYE 2021”) to FYE 2022 as summarised below:- FYE 2022 FYE,weak,missing_causal_explanation,partial,true,manual_review,,,
MDA_5157_SG_2023,SG,Saudee Group Berhad,2023,AR02,3,[MDA_P001],true,[MDA_P001] MANAGEMENT DISCUSSION & ANALYSIS Introduction The summary of the results of SAUDEE and its subsidiaries (“Group”) for the past two (2) financial years ended 31 July 2022 (“FYE 2022”) to FYE 2023 summarised below:- FYE 2023 FYE 20,acceptable,numeric_review_required,partial,true,manual_review,,,numeric_review_required
MDA_5157_SG_2023,SG,Saudee Group Berhad,2023,AR03,4,[MDA_P001],true,[MDA_P001] MANAGEMENT DISCUSSION & ANALYSIS Introduction The summary of the results of SAUDEE and its subsidiaries (“Group”) for the past two (2) financial years ended 31 July 2022 (“FYE 2022”) to FYE 2023 summarised below:- FYE 2023 FYE 20,weak,missing_causal_explanation,partial,true,manual_review,,,
MDA_5157_SG_2024,SG,Saudee Group Berhad,2024,AR02,3,[MDA_P001],true,[MDA_P001] MANAGEMENT DISCUSSION & ANALYSIS,weak,missing_financial_content,partial,true,manual_required,manual_required,repair_output_still_invalid,not_enough_numbers
MDA_5187_HBGLOB_2020,HBGLOB,HB Global Limited,2020,AR02,2,[MDA_P002],true,[MDA_P002] HB GLOBAL LIMITED Annual Report 2020 Financial Review Our revenue decreased by RMB59.6 million or approximately 37.8% from RMB157.5 million in financial year ended 31 December 2019 (“FYE2019”) to RMB97.9 million in financial year,acceptable,numeric_review_required,partial,true,manual_review,,,numeric_review_required
MDA_5187_HBGLOB_2021,HBGLOB,HB Global Limited,2021,AR01,2,[MDA_P001],true,[MDA_P001] HB GLOBAL LIMITED I Annual Report 2021 MANAGEMENT DISCUSSION AND ANALYSIS Dear Valued Shareholders On behalf of the Board of Directors ´the Boardµ of HB Global Limited ´HBGLµ the Audited Financial Statements of the Company and it,weak,non_mda_noise,partial,true,manual_required,manual_required,repair_output_still_invalid,
MDA_5187_HBGLOB_2021,HBGLOB,HB Global Limited,2021,AR02,3,[MDA_P016],true,[MDA_P016] million in financial year ended December ´FYE µ to RMB million in financial year ended December,acceptable,numeric_review_required,partial,true,manual_review,,,numeric_review_required
MDA_5187_HBGLOB_2021,HBGLOB,HB Global Limited,2021,AR05,2,[MDA_P001],true,[MDA_P001] HB GLOBAL LIMITED I Annual Report 2021 MANAGEMENT DISCUSSION AND ANALYSIS Dear Valued Shareholders On behalf of the Board of Directors ´the Boardµ of HB Global Limited ´HBGLµ the Audited Financial Statements of the Company and it,weak,non_mda_noise,partial,true,manual_required,manual_required,repair_output_still_invalid,
MDA_5187_HBGLOB_2022,HBGLOB,HB Global Limited,2022,AR02,3,[MDA_P001],true,[MDA_P001] MANAGEMENT DISCUSSION AND ANALYSIS The following MD&A of the operating performance and financial condition of the Group for the twelve (12) months ended 31 December 2022 should be read in conjunction with the Audited Financial St,acceptable,numeric_review_required,partial,true,manual_review,,,numeric_review_required
MDA_5187_HBGLOB_2023,HBGLOB,HB Global Limited,2023,AR02,3,[MDA_P001],true,[MDA_P001] MANAGEMENT DISCUSSION AND ANALYSIS Overview of Business and Objectives HB Global Limited (“HBGL”) is principally an investment holding company and currently the Group has one active wholly owned subsidiary as below: 100% owned Su,acceptable,numeric_review_required,partial,true,manual_review,,,numeric_review_required
MDA_5187_HBGLOB_2024,HBGLOB,HB Global Limited,2024,AR02,2,[MDA_P008],true,[MDA_P008] ANNUAL REPORT 2024 HB GLOBAL LIMITED MANAGEMENT DISCUSSION AND ANALYSIS (cont’d) Gross Margin FYE 2024 FYE 2023 Changes RMB’ million RMB’ million % Revenue 80.726 80.049 0.8 Cost of Sales (65.420) (78.995) -17.18 Gross Profit 15.,acceptable,numeric_review_required,partial,true,manual_review,,,numeric_review_required
MDA_5188_CNOUHUA_2020,CNOUHUA,China Ouhua Winery Holdings Limited,2020,AR02,3,[MDA_P002],true,[MDA_P002] Annual Report 2020,acceptable,numeric_review_required,partial,true,manual_review,,,numeric_review_required
MDA_5188_CNOUHUA_2021,CNOUHUA,China Ouhua Winery Holdings Limited,2021,AR02,3,[MDA_P002],true,[MDA_P002] Annual Report 2021,acceptable,numeric_review_required,partial,true,manual_review,,,numeric_review_required
MDA_5188_CNOUHUA_2022,CNOUHUA,China Ouhua Winery Holdings Limited,2022,AR02,3,[MDA_P002],true,[MDA_P002] Annual Report 2022,acceptable,numeric_review_required,partial,true,manual_review,,,numeric_review_required
MDA_5188_CNOUHUA_2023,CNOUHUA,China Ouhua Winery Holdings Limited,2023,AR02,3,[MDA_P002],true,[MDA_P002] Annual Report 2023,acceptable,numeric_review_required,partial,true,manual_review,,,numeric_review_required
MDA_5188_CNOUHUA_2024,CNOUHUA,China Ouhua Winery Holdings Limited,2024,AR02,3,[MDA_P002],true,[MDA_P002] Annual Report 2024,acceptable,numeric_review_required,partial,true,manual_review,,,numeric_review_required
MDA_5202_MSM_2020,MSM,MSM,2020,AR02,3,[MDA_P001],true,"[MDA_P001] GROUP CHIEF EXECUTIVE OFFICER REVIEW Generally, the business community in Malaysia is experiencing tighter cash flow due to enforced business closures as part of the government’s movement control order (MCO) from March to May 202",acceptable,numeric_review_required,partial,true,manual_review,,,numeric_review_required
MDA_5202_MSM_2021,MSM,MSM,2021,AR02,3,[MDA_P002],true,[MDA_P002] REVIEW,acceptable,numeric_review_required,partial,true,manual_review,,,numeric_review_required
MDA_5202_MSM_2021,MSM,MSM,2021,AR03,2,[MDA_P003],true,"[MDA_P003] Key Financial Performance Indicators MSM uses several key financial indicators to measure its financial performance. These key financial indicators are: Revenue, Profit Before Tax (PBT), Return on Capital Employed (ROCE), Net Deb",weak,missing_causal_explanation,partial,true,manual_review,,,
MDA_5202_MSM_2022,MSM,MSM,2022,AR02,3,[MDA_P001],true,"[MDA_P001] Business Review NY11 RAW SUGAR PRICE PROCUREMENT OF RAW SUGAR 1,008,959 tonnes 968,646 tonnes 1,092,869 tonnes NY11 RAW SUGAR PRICE",acceptable,numeric_review_required,partial,true,manual_review,,,numeric_review_required
MDA_5202_MSM_2022,MSM,MSM,2022,AR03,2,[MDA_P001],true,"[MDA_P001] Business Review NY11 RAW SUGAR PRICE PROCUREMENT OF RAW SUGAR 1,008,959 tonnes 968,646 tonnes 1,092,869 tonnes NY11 RAW SUGAR PRICE",weak,missing_causal_explanation,partial,true,manual_review,,,
MDA_5202_MSM_2023,MSM,MSM,2023,AR02,2,[MDA_P001],true,[MDA_P001] MSM AT A GLANCE A PERSPECTIVE FROM OUR LEADERSHIP OUR APPROACH TO VALUE CREATION OUR GROUP BUSINESS REVIEW MSM Malaysia Holdings Berhad Sustainable Excellence Through Integration GROUP FINANCIAL REVIEW DR MAZATUL 'AINI SHAHAR ABD,acceptable,numeric_review_required,partial,true,manual_review,,,numeric_review_required
MDA_5202_MSM_2024,MSM,MSM,2024,AR02,3,[MDA_P001],true,"[MDA_P001] Discussion and Analysis (MD&A). In addition, corporate announcements are made to keep shareholders informed of significant developments affecting the Company, in full compliance with the Listing Requirements. The Board also ensur",acceptable,numeric_review_required,partial,true,manual_review,,,numeric_review_required
MDA_5306_FFB_2022,FFB,FarmFresh,2022,AR02,3,[MDA_P001],true,[MDA_P001] MANAGEMENT DISCUSSION AND ANALYSIS OUR VALUE CREATING BUSINESS MODEL,weak,missing_financial_content,partial,true,manual_required,manual_required,repair_output_still_invalid,no_numeric_issue
MDA_5306_FFB_2023,FFB,FarmFresh,2023,AR02,2,[MDA_P047],true,"[MDA_P047] The Group faced a variety of macroeconomic challenges during the year, Despite recording commendable topline growth, the unprecedented rising costs have resulted in our margins compressing, resulting in lower profitability of the",acceptable,numeric_review_required,partial,true,manual_review,,,numeric_review_required
MDA_5306_FFB_2024,FFB,FarmFresh,2024,AR02,3,[MDA_P004],true,"[MDA_P004] Since 2014, we have adopted regenerative agricultural practices to minimise waste and responsibly use natural resources. Building on these efforts, we have identified biogas facilities as a promising sustainability initiative. Th",acceptable,numeric_review_required,partial,true,manual_review,,,numeric_review_required
MDA_5533_OCB_2020,OCB,OCB Berhad,2020,AR02,3,[MDA_P001],true,[MDA_P001] MANAGEMENT DISCUSSION AND ANALYSIS,weak,missing_financial_content,partial,true,manual_required,manual_required,repair_output_still_invalid,not_enough_numbers
MDA_5533_OCB_2021,OCB,OCB Berhad,2021,AR02,3,[MDA_P001],true,[MDA_P001] Management Discussion and Analysis,weak,missing_financial_content,partial,true,manual_required,manual_required,repair_output_still_invalid,no_numeric_issue
MDA_5533_OCB_2021,OCB,OCB Berhad,2021,AR03,2,[MDA_P002],true,[MDA_P002] Registration No. 195901000114 (3465-H) REVIEW OF THE OPERATING ACTIVITIES (cont’d) Consumer Foods Division (cont’d) Spices & Seasonings Specialities Sdn. Bhd. received the FSSC 22000 certification in August 2021. With this certif,weak,missing_causal_explanation,partial,true,manual_review,,,
MDA_5533_OCB_2022,OCB,OCB Berhad,2022,AR01,5,[MDA_P001],true,[MDA_P001] Management Discussion and Analysis The Board of Directors of OCB Berhad (“OCB” or “the Company”) (“Board”) and the Management are pleased to present material non-financial information on OCB and its group of companies (“OCB Group,weak,non_mda_noise,partial,true,manual_required,manual_required,repair_output_still_invalid,
MDA_5533_OCB_2022,OCB,OCB Berhad,2022,AR02,3,[MDA_P001],true,[MDA_P001] Management Discussion and Analysis The Board of Directors of OCB Berhad (“OCB” or “the Company”) (“Board”) and the Management are pleased to present material non-financial information on OCB and its group of companies (“OCB Group,weak,non_mda_noise,partial,true,manual_required,manual_required,repair_output_still_invalid,no_numeric_issue
MDA_5533_OCB_2022,OCB,OCB Berhad,2022,AR05,4,[MDA_P001],true,[MDA_P001] Management Discussion and Analysis The Board of Directors of OCB Berhad (“OCB” or “the Company”) (“Board”) and the Management are pleased to present material non-financial information on OCB and its group of companies (“OCB Group,weak,non_mda_noise,partial,true,manual_required,manual_required,repair_output_still_invalid,
MDA_5533_OCB_2023,OCB,OCB Berhad,2023,AR01,4,[MDA_P001],true,[MDA_P001] MANAGEMENT DISCUSSION AND ANALYSIS The Board of Directors of OCB Berhad (“OCB” or “the Company”) and the Management are pleased to present material non-financial information on OCB and its group of companies (“OCB Group” or “the,weak,non_mda_noise,partial,true,manual_required,manual_required,repair_output_still_invalid,
MDA_5533_OCB_2023,OCB,OCB Berhad,2023,AR02,3,[MDA_P001],true,[MDA_P001] MANAGEMENT DISCUSSION AND ANALYSIS The Board of Directors of OCB Berhad (“OCB” or “the Company”) and the Management are pleased to present material non-financial information on OCB and its group of companies (“OCB Group” or “the,weak,non_mda_noise,partial,true,manual_required,manual_required,repair_output_still_invalid,not_enough_numbers
MDA_5533_OCB_2023,OCB,OCB Berhad,2023,AR05,4,[MDA_P001],true,[MDA_P001] MANAGEMENT DISCUSSION AND ANALYSIS The Board of Directors of OCB Berhad (“OCB” or “the Company”) and the Management are pleased to present material non-financial information on OCB and its group of companies (“OCB Group” or “the,weak,non_mda_noise,partial,true,manual_required,manual_required,repair_output_still_invalid,
MDA_5533_OCB_2024,OCB,OCB Berhad,2024,AR02,3,[MDA_P001],true,[MDA_P001] MANAGEMENT DISCUSSION AND ANALYSIS,weak,missing_financial_content,partial,true,manual_required,manual_required,repair_output_still_invalid,not_enough_numbers
MDA_6203_KHEESAN_2021,KHEESAN,Khee San Berhad,2021,AR02,3,[MDA_P001],true,[MDA_P001] MANAGEMENT DISCUSSION & ANALYSIS (cont’d) Khee San Berhad Annual Report Registration No.: 199401018697 (304376-A),acceptable,numeric_review_required,partial,true,manual_review,,,numeric_review_required
MDA_6203_KHEESAN_2022,KHEESAN,Khee San Berhad,2022,AR02,3,[MDA_P003],true,"[MDA_P003] In FYE 2022, the Group recorded total sales revenue of RM33.0 million of which domestic sales accounted for 57.6% which export sales accounted for the balance of 42.4%. The main product category of the Group is Candy.",acceptable,numeric_review_required,partial,true,manual_review,,,numeric_review_required
MDA_6203_KHEESAN_2023,KHEESAN,Khee San Berhad,2023,AR02,3,[MDA_P001],true,"[MDA_P001] MANAGEMENT DISCUSSION & ANALYSIS Khee San Berhad (“KSB”) and its three (3) subsidiaries Khee San Food Industries Sdn Bhd (“KSFI”), Khee San Marketing Sdn Bhd and Mega Global Confectionary Sdn Bhd (collectively known as “the Group",acceptable,numeric_review_required,partial,true,manual_review,,,numeric_review_required
MDA_6203_KHEESAN_2024,KHEESAN,Khee San Berhad,2024,AR02,3,[MDA_P001],true,[MDA_P001] MANAGEMENT DISCUSSION AND ANALYSIS ANNUAL REPORT 2024,weak,missing_financial_content,partial,true,manual_required,manual_required,repair_output_still_invalid,no_numeric_issue
MDA_6432_APOLLO_2020,APOLLO,Apollo,2020,AR02,2,[MDA_P014],true,[MDA_P014] The profit after taxation had decreased by 18.26% to RM14.24 million from RM17.43 million as recorded in the previous financial year. The current financial year’s profit margin was improved by 1.46% from 24.77% to 26.23%. The low,acceptable,numeric_review_required,partial,true,manual_review,,,numeric_review_required
MDA_6432_APOLLO_2021,APOLLO,Apollo,2021,AR02,3,[MDA_P012],true,"[MDA_P012] The Group registered a turnover of RM190.39 million for the financial year ended 30 April 2021, an increase of 8.84% as compared to RM174.93 million in previous financial year ended 30 April 2020. 75.96% of the turnover was contr",acceptable,numeric_review_required,partial,true,manual_review,,,numeric_review_required
MDA_6432_APOLLO_2022,APOLLO,Apollo,2022,AR02,3,[MDA_P012],true,"[MDA_P012] The Group registered a turnover of RM188.27 million for the financial year ended 30 April 2022, a decrease of 1.11% as compared to RM190.39 million in previous financial year ended 30 April 2021. 73.88% of the turnover was contri",acceptable,numeric_review_required,partial,true,manual_review,,,numeric_review_required
MDA_6432_APOLLO_2023,APOLLO,Apollo,2023,AR02,3,[MDA_P012],true,"[MDA_P012] The Group recorded revenue of RM257.11 million for the financial year ended 30 April 2023, an increase of 36.56% as compared to RM188.27 million in the previous financial year ended 30 April 2022. The reopening of Malaysia’s bord",acceptable,numeric_review_required,partial,true,manual_review,,,numeric_review_required
MDA_6432_APOLLO_2024,APOLLO,Apollo,2024,AR02,3,[MDA_P010],true,[MDA_P010] FINANCIAL PERFORMANCE,acceptable,numeric_review_required,partial,true,manual_review,,,numeric_review_required
MDA_7035_CCK_2020,CCK,CCK,2020,AR02,3,[MDA_P002],true,"[MDA_P002] CCK CONSOLIDATED HOLDINGS BERHAD FINANCIAL REVIEW (cont’d) OPERATIONS REVIEW - MALAYSIA Categorised as essential services, CCK’s farms (chicken and prawns), factories (chicken abattoirs and prawn processing) and retail stores wer",acceptable,numeric_review_required,partial,true,manual_review,,,numeric_review_required
MDA_7035_CCK_2021,CCK,CCK,2021,AR02,2,[MDA_P003],true,"[MDA_P003] The poultry segment was affected by overall lower volumes and declined to RM83.7 million in FY2021. Poultry sales via our own retail stores (intersegment sales) remained robust, tracking the performance of the retail segment. The",acceptable,numeric_review_required,partial,true,manual_review,,,numeric_review_required
MDA_7035_CCK_2022,CCK,CCK,2022,AR02,3,[MDA_P001],true,[MDA_P001] MANAGEMENT DISCUSSION & ANALYSIS Revenue RM885.7 million Profit After Tax RM63.1 million Profit Before Tax RM81.4 million Total Assets RM505.3 million Total Liabilities RM143.1 million Earnings Per Share 10.12 sen Current Ratio 2,acceptable,numeric_review_required,partial,true,manual_review,,,numeric_review_required
MDA_7035_CCK_2022,CCK,CCK,2022,AR03,5,[MDA_P001],true,[MDA_P001] MANAGEMENT DISCUSSION & ANALYSIS Revenue RM885.7 million Profit After Tax RM63.1 million Profit Before Tax RM81.4 million Total Assets RM505.3 million Total Liabilities RM143.1 million Earnings Per Share 10.12 sen Current Ratio 2,weak,missing_causal_explanation,partial,true,manual_review,,,
MDA_7035_CCK_2023,CCK,CCK,2023,AR02,2,[MDA_P009],true,"[MDA_P009] The poultry segment reported a total segment revenue of RM336.6 million for FY2023, a 2.7% improvement from the same period last year. This was driven by improved demand for poultry products to institutional clients and consumer",acceptable,numeric_review_required,partial,true,manual_review,,,numeric_review_required
MDA_7035_CCK_2023,CCK,CCK,2023,AR03,2,[MDA_P001],true,[MDA_P001] MANAGEMENT DISCUSSION & ANALYSIS Profit Before Tax RM107.44 million Total Liabilities RM144.69 million Revenue RM980.75 million Total Assets RM576.25 million Profit After Tax RM83.36 million Current Ratio 2.68 times Earnings Per,weak,missing_causal_explanation,partial,true,manual_review,,,
MDA_7035_CCK_2024,CCK,CCK,2024,AR02,2,[MDA_P003],true,[MDA_P003] CCK CONSOLIDATED HOLDINGS BERHAD 6 | The Management Discussion and Analysis (“MD&A”) is intended to provide the stakeholder with operational and financial highlights of CCK Consolidated Holdings Berhad (“CCK” or “the Group”) for,acceptable,numeric_review_required,partial,true,manual_review,,,numeric_review_required
MDA_7035_CCK_2024,CCK,CCK,2024,AR03,2,[MDA_P001],true,"[MDA_P001] MANAGEMENT DISCUSSION AND ANALYSIS Profit Before Tax RM 112.03 million Current Ratio 3.91 times Earnings Per Share 11.51 sen Revenue RM 1,057.65 million Profit After Tax RM 71.58 million Total Assets RM 767.96 million Total Liabi",weak,missing_causal_explanation,partial,true,manual_review,,,
MDA_7103_SPRITZER_2020,SPRITZER,SPRITZER,2020,AR02,3,[MDA_P002],true,"[MDA_P002] For Financial Year Ended December 31, 2020",weak,missing_financial_content,partial,true,manual_required,manual_required,repair_output_still_invalid,not_enough_numbers
MDA_7103_SPRITZER_2021,SPRITZER,SPRITZER,2021,AR02,3,[MDA_P003],true,"[MDA_P003] ECONOMIC OVERVIEW The ongoing COVID-19 pandemic continued to impact the global and domestic economic activities in 2021. The world was slowly adjusting to the new normal and vaccinations became available, the global economy gradu",acceptable,numeric_review_required,partial,true,manual_review,,,numeric_review_required
MDA_7103_SPRITZER_2022,SPRITZER,SPRITZER,2022,AR02,3,[MDA_P001],true,"[MDA_P001] Management Discussion and Analysis For Financial Year Ended December 31, 2022",weak,missing_financial_content,partial,true,manual_required,manual_required,repair_output_still_invalid,no_numeric_issue
MDA_7103_SPRITZER_2023,SPRITZER,SPRITZER,2023,AR02,2,[MDA_P006],true,"[MDA_P006] Revenue, Results and Dividend The Group recorded a new high in annual revenue of RM490.7 million in the financial year ended December 31, 2023, a significant increase of 13% from the previous year’s revenue of RM433.3 million, ma",acceptable,numeric_review_required,partial,true,manual_review,,,numeric_review_required
MDA_7103_SPRITZER_2024,SPRITZER,SPRITZER,2024,AR02,3,[MDA_P001],true,"[MDA_P001] Management Discussion and Analysis BUSINESS AND OPERATIONS OVERVIEW The Malaysian economy grew by 5.0% in the fourth quarter of 2024. This performance was supported by strong expansion in investment activities, growth in export o",acceptable,numeric_review_required,partial,true,manual_review,,,numeric_review_required
MDA_7103_SPRITZER_2024,SPRITZER,SPRITZER,2024,AR04,5,[MDA_P001],true,"[MDA_P001] Management Discussion and Analysis BUSINESS AND OPERATIONS OVERVIEW The Malaysian economy grew by 5.0% in the fourth quarter of 2024. This performance was supported by strong expansion in investment activities, growth in export o",weak,missing_risk_or_outlook,partial,true,manual_review,,,
MDA_7107_OFI_2020,OFI,OFI,2020,AR02,3,[MDA_P001],true,"[MDA_P001] MANAGEMENT DISCUSSION AND ANALYSIS OVERVIEW OF THE GROUPS’ BUSINESS AND OPERATIONS Oriental Food Industries Holdings Berhad (""the Company” or “the Group”) has made its mark in the snack food and confectionery manufacturing indust",acceptable,numeric_review_required,partial,true,manual_review,,,numeric_review_required
MDA_7107_OFI_2021,OFI,OFI,2021,AR02,3,[MDA_P001],true,[MDA_P001] MANAGEMENT DISCUSSION AND ANALYSIS OVERVIEW OF THE GROUPS’ BUSINESS AND OPERATIONS Oriental Food Industries Holdings Berhad (“the Company” or “the Group”) has made its mark in the snack food and confectionery manufacturing indust,acceptable,numeric_review_required,partial,true,manual_review,,,numeric_review_required
MDA_7107_OFI_2022,OFI,OFI,2022,AR02,3,[MDA_P001],true,[MDA_P001] MANAGEMENT DISCUSSION AND ANALYSIS OVERVIEW OF THE GROUPS’ BUSINESS AND OPERATIONS Oriental Food Industries Holdings Berhad (“the Company” or “the Group”) has made its mark in the snack food and confectionery manufacturing indust,acceptable,numeric_review_required,partial,true,manual_review,,,numeric_review_required
MDA_7107_OFI_2023,OFI,OFI,2023,AR02,3,[MDA_P001],true,[MDA_P001] MANAGEMENT DISCUSSION AND ANALYSIS OVERVIEW OF THE GROUPS’ BUSINESS AND OPERATIONS Oriental Food Industries Holdings Berhad (“the Company” or “the Group”) has made its mark in the snack food and confectionery manufacturing indust,acceptable,numeric_review_required,partial,true,manual_review,,,numeric_review_required
MDA_7167_ABLEGLOB_2020,ABLEGLOB,JOHOTIN,2020,AR02,2,[MDA_P007],true,"[MDA_P007] For the FYE 2020, the Group achieved revenue of RM502.26 million as compared to RM579.79 million in the previous financial year, a decreased of RM77.53 million. Profit before tax decreased by RM7.30 million to RM53.22 million as",acceptable,numeric_review_required,partial,true,manual_review,,,numeric_review_required
MDA_7167_ABLEGLOB_2020,ABLEGLOB,JOHOTIN,2020,AR03,2,[MDA_P007],true,"[MDA_P007] For the FYE 2020, the Group achieved revenue of RM502.26 million as compared to RM579.79 million in the previous financial year, a decreased of RM77.53 million. Profit before tax decreased by RM7.30 million to RM53.22 million as",weak,missing_causal_explanation,partial,true,manual_review,,,
MDA_7167_ABLEGLOB_2021,ABLEGLOB,JOHOTIN,2021,AR02,2,[MDA_P007],true,"[MDA_P007] For FYE 2021, the Group achieved revenue of RM499.86 million as compared to RM502.26 million in the previous financial year, a decreased of RM2.4 million. Profit before tax decreased by RM1.79 million to RM51.43 million as compar",acceptable,numeric_review_required,partial,true,manual_review,,,numeric_review_required
MDA_7167_ABLEGLOB_2021,ABLEGLOB,JOHOTIN,2021,AR03,2,[MDA_P007],true,"[MDA_P007] For FYE 2021, the Group achieved revenue of RM499.86 million as compared to RM502.26 million in the previous financial year, a decreased of RM2.4 million. Profit before tax decreased by RM1.79 million to RM51.43 million as compar",weak,missing_causal_explanation,partial,true,manual_review,,,
MDA_7167_ABLEGLOB_2022,ABLEGLOB,JOHOTIN,2022,AR02,2,[MDA_P047],true,"[MDA_P047] The Group, although without a dividend policy, intends to declare dividends depending on the Group’s profits generated during each financial period/year, by taking into consideration the expansion plan and future investments on c",acceptable,numeric_review_required,partial,true,manual_review,,,numeric_review_required
MDA_7167_ABLEGLOB_2022,ABLEGLOB,JOHOTIN,2022,AR03,2,[MDA_P006],true,"[MDA_P006] For FYE 2022, the Group achieved revenue of RM549.82 million as compared to RM499.86 million in the previous financial year, an increase of RM49.96 million. Profit before tax decreased by RM8.63 million to RM42.80 million as comp",weak,missing_causal_explanation,partial,true,manual_review,,,
MDA_7167_ABLEGLOB_2023,ABLEGLOB,JOHOTIN,2023,AR02,2,[MDA_P047],true,"[MDA_P047] The Group, although without a dividend policy, intends to declare dividends depending on the Group’s profits generated during each financial period/year, by taking into consideration the expansion plan and future investments on c",acceptable,numeric_review_required,partial,true,manual_review,,,numeric_review_required
MDA_7167_ABLEGLOB_2023,ABLEGLOB,JOHOTIN,2023,AR03,2,[MDA_P007],true,"[MDA_P007] For FYE 2023, the Group achieved revenue of RM648.09 million as compared to RM549.82 million in the previous financial year, an increase of RM98.27 million. Profit before tax increased by RM26.39 million to RM69.19 million as com",weak,missing_causal_explanation,partial,true,manual_review,,,
MDA_7167_ABLEGLOB_2024,ABLEGLOB,JOHOTIN,2024,AR02,3,[MDA_P002],true,[MDA_P002] 2. REVIEW OF FINANCIAL RESULTS AND FINANCIAL CONDITION,acceptable,numeric_review_required,partial,true,manual_review,,,numeric_review_required
MDA_7216_KAWAN_2020,KAWAN,Kawan Food,2020,AR02,3,[MDA_P001],true,[MDA_P001] Management Discussion and Analysis (cont’d) The Food and Beverage (“F&B”) industry in which we operate experienced unprecedented supply and demand volatility in FY2020. Movement restrictions impacted supply chain and operational,acceptable,numeric_review_required,partial,true,manual_review,,,numeric_review_required
MDA_7216_KAWAN_2021,KAWAN,Kawan Food,2021,AR02,3,[MDA_P001],true,"[MDA_P001] MANAGEMENT DISCUSSION AND ANALYSIS Dear Shareholders, On behalf of the Board and Management of Kawan Food Berhad (“Kawan” or the “Group”), I am pleased to present the Management Discussion and Analysis for financial year ended 31",acceptable,numeric_review_required,partial,true,manual_review,,,numeric_review_required
MDA_7216_KAWAN_2022,KAWAN,Kawan Food,2022,AR02,3,[MDA_P001],true,"[MDA_P001] Management Discussion & Analysis Dear Shareholders, I am proud that Kawan has a team with great people who possess strength and resilience to overcome the tough challenges over the year. Together, we have faced difficult periods",acceptable,numeric_review_required,partial,true,manual_review,,,numeric_review_required
MDA_7216_KAWAN_2023,KAWAN,Kawan Food,2023,AR02,3,[MDA_P001],true,[MDA_P001] MANAGEMENT DISCUSSION AND ANALYSIS Revenue (2022: RM274.8 million) RM287.2 million Profit Before Taxation (2022: RM40.1 million) RM34.3 million Cash & Cash Equivalents (2022: RM98.6 million) RM104.3 million OVERVIEW In adapting t,acceptable,numeric_review_required,partial,true,manual_review,,,numeric_review_required
MDA_7216_KAWAN_2024,KAWAN,Kawan Food,2024,AR02,3,[MDA_P003],true,[MDA_P003] Kawan At A Glance This is Kawan Food Berhad Our Strategic Review Financial Statements Other Information Our Commitment to Good Corporate Governance MANAGEMENT DISCUSSION AND ANALYSIS FY2024 was a year of strategic transformation,acceptable,numeric_review_required,partial,true,manual_review,,,numeric_review_required
MDA_7237_PWROOT_2020,PWROOT,Power Root,2020,AR02,3,[MDA_P001],true,[MDA_P001] MANAGEMENT DISCUSSION AND ANALYSIS,weak,missing_financial_content,partial,true,manual_required,manual_required,repair_output_still_invalid,no_numeric_issue
MDA_7237_PWROOT_2021,PWROOT,Power Root,2021,AR02,3,[MDA_P001],true,"[MDA_P001] MANAGEMENT DISCUSSION AND ANALYSIS This has been an extraordinary year. We have all had to adjust to living with social and economic uncertainty under new circumstances. On the personal front, parents have had to learn to supervi",acceptable,numeric_review_required,partial,true,manual_review,,,numeric_review_required
MDA_7237_PWROOT_2022,PWROOT,Power Root,2022,AR02,3,[MDA_P001],true,[MDA_P001] MANAGEMENT DISCUSSION AND ANALYSIS Power Root Berhad Registration Number: 200601013517 (733268-U),weak,missing_financial_content,partial,true,manual_required,manual_required,repair_output_still_invalid,no_numeric_issue
MDA_7237_PWROOT_2023,PWROOT,Power Root,2023,AR02,3,[MDA_P001],true,[MDA_P001] MANAGEMENT DISCUSSION AND ANALYSIS cont’d,weak,missing_financial_content,partial,true,manual_required,manual_required,repair_output_still_invalid,not_enough_numbers
MDA_7237_PWROOT_2024,PWROOT,Power Root,2024,AR02,3,[MDA_P003],true,"[MDA_P003] To reach out to consumers, we use traditional and digital media platforms, in-store activities and promotions, and run campaigns which attract attention to our brands. We participate in joint events where we are able to promote b",acceptable,numeric_review_required,partial,true,manual_review,,,numeric_review_required
MDA_7243_MAGMA_2020,MAGMA,Impiana Hotels Bhd,2020,AR02,2,[MDA_P002],true,[MDA_P002] The Company had changed its financial year end from 31 December to 30 June during the current financial period ended 30 June 2020 (“FPE 2020”). The change in the current financial period was made to facilitate more time for our E,acceptable,numeric_review_required,partial,true,manual_review,,,numeric_review_required
MDA_7243_MAGMA_2020,MAGMA,Impiana Hotels Bhd,2020,AR03,2,[MDA_P002],true,[MDA_P002] The Company had changed its financial year end from 31 December to 30 June during the current financial period ended 30 June 2020 (“FPE 2020”). The change in the current financial period was made to facilitate more time for our E,weak,missing_causal_explanation,partial,true,manual_review,,,
MDA_7243_MAGMA_2021,MAGMA,Impiana Hotels Bhd,2021,AR02,2,[MDA_P003],true,"[MDA_P003] The summary of the Statement of Comprehensive Income is as follows: (RM ‘000) FYE 2021 FPE 2020 (18 Months) Variance FYE 2021 vs. FPE 2020 Revenue 19,499 33,818 (42%) Gross Profit (“GP”) 6,193 17,256 (64%) Gross Profit Margin (“G",acceptable,numeric_review_required,partial,true,manual_review,,,numeric_review_required
MDA_7243_MAGMA_2021,MAGMA,Impiana Hotels Bhd,2021,AR03,2,[MDA_P003],true,"[MDA_P003] The summary of the Statement of Comprehensive Income is as follows: (RM ‘000) FYE 2021 FPE 2020 (18 Months) Variance FYE 2021 vs. FPE 2020 Revenue 19,499 33,818 (42%) Gross Profit (“GP”) 6,193 17,256 (64%) Gross Profit Margin (“G",weak,missing_causal_explanation,partial,true,manual_review,,,
MDA_7243_MAGMA_2022,MAGMA,Impiana Hotels Bhd,2022,AR02,2,[MDA_P003],true,"[MDA_P003] The summary of the Statement of Comprehensive Income is as follows: (RM ‘000) FPE 2022 (18 Months) FYE 2021 Variance FPE 2022 vs. FYE 2021 Revenue 26,725 19,499 37.1% Gross Profit (“GP”) 15,153 6,193 >100.0% Gross Profit Margin (",acceptable,numeric_review_required,partial,true,manual_review,,,numeric_review_required
MDA_7243_MAGMA_2022,MAGMA,Impiana Hotels Bhd,2022,AR03,2,[MDA_P003],true,"[MDA_P003] The summary of the Statement of Comprehensive Income is as follows: (RM ‘000) FPE 2022 (18 Months) FYE 2021 Variance FPE 2022 vs. FYE 2021 Revenue 26,725 19,499 37.1% Gross Profit (“GP”) 15,153 6,193 >100.0% Gross Profit Margin (",weak,missing_causal_explanation,partial,true,manual_review,,,
MDA_7243_MAGMA_2023,MAGMA,Impiana Hotels Bhd,2023,AR02,2,[MDA_P003],true,"[MDA_P003] FPE 2022 Revenue 14,458 26,725 (45.9%) Gross Profit (“GP”) 16,543 15,153 9.2% Gross Profit Margin (“GPM”) 114.4% 56.7% Administrative Expenses (12,420) (13,051) 4.8% Other Cost (17,141) (15,928) (7.6%) (Loss) Before Tax (“LBT”) (",acceptable,numeric_review_required,partial,true,manual_review,,,numeric_review_required
MDA_7243_MAGMA_2024,MAGMA,Impiana Hotels Bhd,2024,AR02,2,[MDA_P003],true,"[MDA_P003] FYE 2023 Revenue 14,926 14,458 3.2% Gross Profit (“GP”) 16,390 16,543 (0.9%) Gross Profit Margin (“GPM”) 109.8% 114.4% Administrative Expenses (21,829) (12,420) (75.7%) Other Cost (40,582) (17,141) (>100%) (Loss) Before Tax (“LBT",acceptable,numeric_review_required,partial,true,manual_review,,,numeric_review_required
MDA_8303_LOTUS_2020,LOTUS,Lotus KFM Berhad,2020,AR02,3,[MDA_P001],true,[MDA_P001] MANAGEMENT DISCUSSION AND ANALYSIS (cont’d) REVIEW OF GROUP’S FINANCIAL RESULTS AND FINANCIAL CONDITIONS (cont’d),acceptable,numeric_review_required,partial,true,manual_review,,,numeric_review_required
MDA_8303_LOTUS_2021,LOTUS,Lotus KFM Berhad,2021,AR02,3,[MDA_P001],true,[MDA_P001] MANAGEMENT DISCUSSION AND ANALYSIS Overview of Business and Operations Lotus KFM Berhad (“LKFM”) is principally engaged in flour milling and trading in its related products. The two main sources of revenue comprise of milling of,acceptable,numeric_review_required,partial,true,manual_review,,,numeric_review_required
MDA_8303_LOTUS_2022,LOTUS,Lotus KFM Berhad,2022,AR02,2,[MDA_P007],true,"[MDA_P007] The Group recorded consolidated revenue of RM66.079 million, represented increase of 27.66% over the prior financial year amount of RM51.762 million. The Group now records a gross profit of RM4.171 million (FYE 2021: RM4.285 mill",acceptable,numeric_review_required,partial,true,manual_review,,,numeric_review_required
MDA_8303_LOTUS_2023,LOTUS,Lotus KFM Berhad,2023,AR02,2,[MDA_P002],true,"[MDA_P002] On 31 December 2021, the Group continued to acquire two subsidiaries in 100% of total shares, which are Ladang Lojing Sdn. Bhd. and Khas Jadi Sdn. Berhad for a total consideration of RM21,646,200. The principal activities of all",acceptable,numeric_review_required,partial,true,manual_review,,,numeric_review_required
MDA_8303_LOTUS_2024,LOTUS,Lotus KFM Berhad,2024,AR02,3,[MDA_P001],true,[MDA_P001] MANAGEMENT DISCUSSION AND ANALYSIS Overview of Business and Operations Lotus KFM Berhad (“LKFM” or “the Group”) is a public listed company on the Main Market of Bursa Malaysia Securities Berhad (“Bursa Securities”) with its’ prin,acceptable,numeric_review_required,partial,true,manual_review,,,numeric_review_required
MDA_8478_HWATAI_2020,HWATAI,Hwa Tai,2020,AR02,3,[MDA_P001],true,[MDA_P001] STATEMENT OF MANAGEMENT DISCUSSION & ANALYSIS (Continued),weak,missing_financial_content,partial,true,manual_required,manual_required,repair_output_still_invalid,not_enough_numbers
MDA_8478_HWATAI_2021,HWATAI,Hwa Tai,2021,AR02,3,[MDA_P001],true,"[MDA_P001] STATEMENT OF MANAGEMENT DISCUSSION & ANALYSIS (CONTINUED) FINANCIAL AND OPERATIONS REVIEWS (CONTINUED) The breakdown of revenue of the Group in FYE2021 and FYE2020: FYE2021 RM’000 % FYE2020 RM’000 % Export sales 12,505 12,094 Loc",acceptable,numeric_review_required,partial,true,manual_review,,,numeric_review_required
MDA_8478_HWATAI_2022,HWATAI,Hwa Tai,2022,AR02,3,[MDA_P001],true,"[MDA_P001] STATEMENT OF MANAGEMENT DISCUSSION & ANALYSIS (CONTINUED) FINANCIAL AND OPERATIONS REVIEWS (CONTINUED) The breakdown of revenue of the Group in FYE2022 and FYE2021: FYE2022 FYE2021 RM’000 % RM’000 % Export sales 13,178 12,505 Loc",acceptable,numeric_review_required,partial,true,manual_review,,,numeric_review_required
MDA_8478_HWATAI_2023,HWATAI,Hwa Tai,2023,AR02,3,[MDA_P001],true,"[MDA_P001] FINANCIAL AND OPERATIONS REVIEWS (continued) In the financial year ended 31 December 2023 (“FYE2023”), Hwa Tai reported a marginal revenue increase to RM80.68 million, marking a 5.80% rise from FYE2022. This growth was primarily",acceptable,numeric_review_required,partial,true,manual_review,,,numeric_review_required
MDA_8478_HWATAI_2024,HWATAI,Hwa Tai,2024,AR02,3,[MDA_P001],true,[MDA_P001] STATEMENT OF MANAGEMENT DISCUSSION & ANALYSIS,acceptable,numeric_review_required,partial,true,manual_review,,,numeric_review_required
MDA_9946_ETA_2020,ETA,Annual Report 2020,2020,AR02,3,[MDA_P002],true,[MDA_P002] REX GROUP,acceptable,numeric_review_required,partial,true,manual_review,,,numeric_review_required
MDA_9946_ETA_2020,ETA,Annual Report 2020,2020,AR03,2,[MDA_P003],true,"[MDA_P003] FY 2019 FY 2020 (All in RM’000) Revenue 136,608 149,245 Loss before tax (14,317) (8,396) The Board is committed to continue with prudent measures to improve the Group’s financial performance and deliver satisfactory results takin",weak,missing_causal_explanation,partial,true,manual_review,,,
MDA_9946_ETA_2021,ETA,Annual Report 2020,2021,AR02,3,[MDA_P003],true,[MDA_P003] 30 Jun 17 30 Jun 18 30 Jun 19 30 Jun 20 30 Jun 21,acceptable,numeric_review_required,partial,true,manual_review,,,numeric_review_required
MDA_9946_ETA_2021,ETA,Annual Report 2020,2021,AR03,2,[MDA_P005],true,[MDA_P005] Operating Ratio After tax return on shareholders’ fund (%) 2.28 (11.99) (11.70) (9.29) 2.04 Pre-tax profit/(loss) margin (%) 1.74 (11.58) (10.48) (5.63) 2.44,weak,missing_causal_explanation,partial,true,manual_review,,,
MDA_9946_ETA_2022,ETA,Annual Report 2020,2022,AR02,3,[MDA_P001],true,[MDA_P001] MANAGEMENT DISCUSSION & ANALYSIS Our History and Business Rex was incorporated on 26 November 1993 as a private limited company under the Companies Act 1965 by the name of Kompetitif Pertama Sdn Bhd. The Company acquired the enti,acceptable,numeric_review_required,partial,true,manual_review,,,numeric_review_required
MDA_9946_ETA_2023,ETA,Annual Report 2020,2023,AR02,3,[MDA_P003],true,[MDA_P003] Annual Report 2023 Financial Performance (cont’d) REX GROUP,acceptable,numeric_review_required,partial,true,manual_review,,,numeric_review_required
MDA_9946_ETA_2023,ETA,Annual Report 2020,2023,AR03,2,[MDA_P008],true,"[MDA_P008] RM'000 RM'000 RM'000 RM'000 RM'000 Statement of Profit and Loss Revenue 136,609 149,245 160,539 161,111 162,408 Interest expense 1,905 2,050 1,531 1,171 1,617",weak,missing_causal_explanation,partial,true,manual_review,,,
MDA_9946_ETA_2024,ETA,Annual Report 2020,2024,AR02,3,[MDA_P001],true,[MDA_P001] MANAGEMENT DISCUSSION & ANALYSIS Our History and Business Rex was incorporated on 26 November 1993 as a private limited company under the Companies Act 1965 by the name of Kompetitif Pertama Sdn Bhd. The Company acquired the enti,acceptable,numeric_review_required,partial,true,manual_review,,,numeric_review_required
