document_id,doc_type,company_name,ticker,source_name,publish_date,title,url,confidence_tier,relevance_status,review_reason,dimension_count,total_score_100,grade_label,N01,N02,N03,N04,N05,N01_std,N02_std,N03_std,N04_std,N05_std,flag_unverified_key_number,flag_excessive_promotional_tone,flag_nonstandard_audit,flag_disclosure_replacement,flag_retraction_or_correction_needed,adjudication_flag,needs_review,review_reasons,final_version,scorebook_version,model_name,llm_backend,temperature,seed,num_ctx,num_predict,think,stream,json_schema_mode,prompt_version,scoring_timestamp,relevance_confidence_tier,relevance_status_original,relevance_needs_manual_review,relevance_review_reason,model_confidence_tier,strict_company_focus_flag,suspect_not_company_focused,company_focus_reason,final_dataset_version,final_include_flag,low_confidence_flag,source_input_path,source_ratings_long_path,freeze_timestamp
NEWS_AJI_2025_10_31_7b3ecf05e3,news,Ajinomoto,AJI,The Star,2025-10-31,Trapper Group continues to lead,https://www.thestar.com.my/news/nation/2025/10/31/trapper-group-continues-to-lead,,,,5,100.0,A,5,5,5,5,5,100.0,100.0,100.0,100.0,100.0,0,0,0,0,0,0,False,,initial,2026-06-15,qwen3:8b,ollama,,,,,,,,,,low,low_confidence_company_news,Yes,weak_company_specific_context,,,,,final_freeze_2026-06-16,true,false,06_ratings\news_final_full\news_final_document_scores.csv,06_ratings\news_final_full\news_final_ratings_long.csv,2026-09-01T02:05:38+00:00
NEWS_AJI_2025_08_08_884ebf5716,news,Ajinomoto,AJI,The Star,2025-08-08,KLCI edges higher at midday on selective buying in heavyweights,https://www.thestar.com.my/business/business-news/2025/08/08/klci-edges-higher-at-midday-on-selective-buying-in-heavyweights,,,,5,88.75,A,5,5,4,4,4,100.0,100.0,75.0,75.0,75.0,0,0,0,0,0,0,False,,initial,2026-06-15,qwen3:8b,ollama,,,,,,,,,,low,low_confidence_company_news,Yes,sponsor_list_or_csr_only,,,,,final_freeze_2026-06-16,true,false,06_ratings\news_final_full\news_final_document_scores.csv,06_ratings\news_final_full\news_final_ratings_long.csv,2026-09-01T02:05:38+00:00
NEWS_AJI_2024_05_08_a162563c71,news,Ajinomoto,AJI,The Star,2024-05-08,"KLCI dips on profit taking, stays firmly above 1,600 level",https://www.thestar.com.my/business/business-news/2024/05/08/klci-dips-on-profit-taking-stays-firmly-above-1600-level,,,,5,93.75,A,5,5,4,5,4,100.0,100.0,75.0,100.0,75.0,0,0,0,0,0,0,False,,initial,2026-06-15,qwen3:8b,ollama,,,,,,,,,,low,low_confidence_company_news,Yes,stock_market_roundup_list_only,,,,,final_freeze_2026-06-16,true,false,06_ratings\news_final_full\news_final_document_scores.csv,06_ratings\news_final_full\news_final_ratings_long.csv,2026-09-01T02:05:38+00:00
NEWS_AJI_2024_05_02_3f6eeb6732,news,Ajinomoto,AJI,The Star,2024-05-02,Ajinomoto declares special dividend of RM2.12 from land sale,https://www.thestar.com.my/business/business-news/2024/05/02/ajinomoto-declares-special-dividend-of-rm212-from-land-sale,,,,5,100.0,A,5,5,5,5,5,100.0,100.0,100.0,100.0,100.0,0,0,0,0,0,0,False,,initial,2026-06-15,qwen3:8b,ollama,,,,,,,,,,high,high_confidence_company_news,No,,,,,,final_freeze_2026-06-16,true,false,06_ratings\news_final_full\news_final_document_scores.csv,06_ratings\news_final_full\news_final_ratings_long.csv,2026-09-01T02:05:38+00:00
NEWS_APOLLO_2025_12_17_7a9557bbbc,news,Apollo,APOLLO,The Star,2025-12-17,Apollo Food quarterly revenue at RM75mil,https://www.thestar.com.my/business/business-news/2025/12/17/apollo-food-quarterly-revenue-at-rm75mil,,,,5,96.25,A,5,5,4,5,5,100.0,100.0,75.0,100.0,100.0,0,0,0,0,0,0,False,,initial,2026-06-15,qwen3:8b,ollama,,,,,,,,,,high,high_confidence_company_news,No,,,,,,final_freeze_2026-06-16,true,false,06_ratings\news_final_full\news_final_document_scores.csv,06_ratings\news_final_full\news_final_ratings_long.csv,2026-09-01T02:05:38+00:00
NEWS_APOLLO_2025_09_24_5f02449853,news,Apollo,APOLLO,The Star,2025-09-24,Apollo on track to strengthen distribution model,https://www.thestar.com.my/business/business-news/2025/09/24/apolloon-track-to-strengthen-distribution-model,,,,5,100.0,A,5,5,5,5,5,100.0,100.0,100.0,100.0,100.0,0,0,0,0,0,0,False,,initial,2026-06-15,qwen3:8b,ollama,,,,,,,,,,high,high_confidence_company_news,No,,,,,,final_freeze_2026-06-16,true,false,06_ratings\news_final_full\news_final_document_scores.csv,06_ratings\news_final_full\news_final_ratings_long.csv,2026-09-01T02:05:38+00:00
NEWS_APOLLO_2025_06_18_7483b10d6f,news,Apollo,APOLLO,The Star,2025-06-18,Apollo Food ends FY25 on a high note,https://www.thestar.com.my/business/business-news/2025/06/18/apollo-food-ends-fy25-on-a-high-note,,,,5,100.0,A,5,5,5,5,5,100.0,100.0,100.0,100.0,100.0,0,0,0,0,0,0,False,,initial,2026-06-15,qwen3:8b,ollama,,,,,,,,,,high,high_confidence_company_news,No,,,,,,final_freeze_2026-06-16,true,false,06_ratings\news_final_full\news_final_document_scores.csv,06_ratings\news_final_full\news_final_ratings_long.csv,2026-09-01T02:05:38+00:00
NEWS_APOLLO_2025_03_14_3941c02132,news,Apollo,APOLLO,The Star,2025-03-14,Apollo Food 3Q revenue up to RM76mil,https://www.thestar.com.my/business/business-news/2025/03/14/apollo-food-3q-revenue-up-to-rm76mil,,,,5,100.0,A,5,5,5,5,5,100.0,100.0,100.0,100.0,100.0,0,0,0,0,0,0,False,,initial,2026-06-15,qwen3:8b,ollama,,,,,,,,,,high,high_confidence_company_news,No,,,,,,final_freeze_2026-06-16,true,false,06_ratings\news_final_full\news_final_document_scores.csv,06_ratings\news_final_full\news_final_ratings_long.csv,2026-09-01T02:05:38+00:00
NEWS_APOLLO_2025_03_13_f3f6e8defa,news,Apollo,APOLLO,The Star,2025-03-13,Apollo Food stays cautious amid raw material price volatility,https://www.thestar.com.my/business/business-news/2025/03/13/apollo-food-stays-cautious-amid-raw-material-price-volatility,,,,5,96.25,A,5,5,4,5,5,100.0,100.0,75.0,100.0,100.0,0,0,0,0,0,0,False,,initial,2026-06-15,qwen3:8b,ollama,,,,,,,,,,high,high_confidence_company_news,No,,,,,,final_freeze_2026-06-16,true,false,06_ratings\news_final_full\news_final_document_scores.csv,06_ratings\news_final_full\news_final_ratings_long.csv,2026-09-01T02:05:38+00:00
NEWS_APOLLO_2024_12_05_af7f8e3a9d,news,Apollo,APOLLO,The Star,2024-12-05,Apollo Food to mitigate rising cost,https://www.thestar.com.my/business/business-news/2024/12/05/apollo-food-to-mitigate-rising-cost,,,,5,100.0,A,5,5,5,5,5,100.0,100.0,100.0,100.0,100.0,0,0,0,0,0,0,False,,initial,2026-06-15,qwen3:8b,ollama,,,,,,,,,,high,high_confidence_company_news,No,,,,,,final_freeze_2026-06-16,true,false,06_ratings\news_final_full\news_final_document_scores.csv,06_ratings\news_final_full\news_final_ratings_long.csv,2026-09-01T02:05:38+00:00
NEWS_APOLLO_2024_12_04_40774629ea,news,Apollo,APOLLO,The Star,2024-12-04,Apollo Food registers higher net profit of RM10.62mil in 2Q,https://www.thestar.com.my/business/business-news/2024/12/04/apollo-food-registers-higher-net-profit-of-rm1062mil-in-2q,,,,5,100.0,A,5,5,5,5,5,100.0,100.0,100.0,100.0,100.0,0,0,0,0,0,0,False,,initial,2026-06-15,qwen3:8b,ollama,,,,,,,,,,high,high_confidence_company_news,No,,,,,,final_freeze_2026-06-16,true,false,06_ratings\news_final_full\news_final_document_scores.csv,06_ratings\news_final_full\news_final_ratings_long.csv,2026-09-01T02:05:38+00:00
NEWS_APOLLO_2024_06_13_6fae37e79e,news,Apollo,APOLLO,The Star,2024-06-13,Apollo’s net profit jumps 70% to RM53.8mil in FY24,https://www.thestar.com.my/business/business-news/2024/06/13/apollos-net-profit-jumps-70-to-rm538mil-in-fy24,,,,5,100.0,A,5,5,5,5,5,100.0,100.0,100.0,100.0,100.0,0,0,0,0,0,0,False,,initial,2026-06-15,qwen3:8b,ollama,,,,,,,,,,high,high_confidence_company_news,No,,,,,,final_freeze_2026-06-16,true,false,06_ratings\news_final_full\news_final_document_scores.csv,06_ratings\news_final_full\news_final_ratings_long.csv,2026-09-01T02:05:38+00:00
NEWS_APOLLO_2024_03_20_80c1e51215,news,Apollo,APOLLO,The Star,2024-03-20,Apollo Food to address shareholding spread,https://www.thestar.com.my/business/business-news/2024/03/20/apollo-food-to-address-shareholding-spread,,,,5,87.5,A,5,4,4,5,4,100.0,75.0,75.0,100.0,75.0,0,0,0,0,0,0,False,,initial,2026-06-15,qwen3:8b,ollama,,,,,,,,,,low,low_confidence_company_news,Yes,ticker_only_title_context,,,,,final_freeze_2026-06-16,true,false,06_ratings\news_final_full\news_final_document_scores.csv,06_ratings\news_final_full\news_final_ratings_long.csv,2026-09-01T02:05:38+00:00
NEWS_APOLLO_2024_03_20_135b27aed9,news,Apollo,APOLLO,The Star,2024-03-20,Investors take cautious approach as US rate decision looms,https://www.thestar.com.my/business/business-news/2024/03/20/investors-take-cautious-approach-as-us-rate-decision-looms,,,,5,82.5,B,5,4,4,4,4,100.0,75.0,75.0,75.0,75.0,0,0,0,0,0,0,False,,initial,2026-06-15,qwen3:8b,ollama,,,,,,,,,,low,low_confidence_company_news,Yes,stock_market_roundup_list_only,,,,,final_freeze_2026-06-16,true,false,06_ratings\news_final_full\news_final_document_scores.csv,06_ratings\news_final_full\news_final_ratings_long.csv,2026-09-01T02:05:38+00:00
NEWS_APOLLO_2024_03_19_ac1666c08d,news,Apollo,APOLLO,The Star,2024-03-19,"Profit-taking in the market, KLCI down 8.68 points",https://www.thestar.com.my/business/business-news/2024/03/19/profit-taking-in-the-market-klci-down-868-points,,,,5,87.5,A,5,4,4,5,4,100.0,75.0,75.0,100.0,75.0,0,0,0,0,0,0,False,,initial,2026-06-15,qwen3:8b,ollama,,,,,,,,,,low,low_confidence_company_news,Yes,stock_market_roundup_list_only,,,,,final_freeze_2026-06-16,true,false,06_ratings\news_final_full\news_final_document_scores.csv,06_ratings\news_final_full\news_final_ratings_long.csv,2026-09-01T02:05:38+00:00
NEWS_APOLLO_2024_03_20_6608331c4a,news,Apollo,APOLLO,The Star,2024-03-20,Banks lead Bursa blue-chips lower,https://www.thestar.com.my/business/business-news/2024/03/20/banks-lead-bursa-blue-chips-lower,,,,5,87.5,A,5,4,4,5,4,100.0,75.0,75.0,100.0,75.0,0,0,0,0,0,0,False,,initial,2026-06-15,qwen3:8b,ollama,,,,,,,,,,low,low_confidence_company_news,Yes,stock_market_roundup_list_only,,,,,final_freeze_2026-06-16,true,false,06_ratings\news_final_full\news_final_document_scores.csv,06_ratings\news_final_full\news_final_ratings_long.csv,2026-09-01T02:05:38+00:00
NEWS_CARLSBG_2025_06_26_768e2d1e41,news,Carlsberg Brewery Malaysia Berhad,CARLSBG,The Star,2025-06-26,A toast to diversity,https://www.thestar.com.my/starpicks/2025/06/26/a-toast-to-diversity,,,,5,100.0,A,5,5,5,5,5,100.0,100.0,100.0,100.0,100.0,0,0,0,0,0,0,False,,initial,2026-06-15,qwen3:8b,ollama,,,,,,,,,,high,high_confidence_company_news,No,,,,,,final_freeze_2026-06-16,true,false,06_ratings\news_final_full\news_final_document_scores.csv,06_ratings\news_final_full\news_final_ratings_long.csv,2026-09-01T02:05:38+00:00
NEWS_FFB_2025_08_28_227fccdd6a,news,FarmFresh,FFB,The Star,2025-08-28,Negeri Sembilan lifts nearly 30% of poor households out of poverty,https://www.thestar.com.my/news/nation/2025/08/28/negeri-sembilan-lifts-nearly-30-of-poor-households-out-of-poverty,,,,5,93.75,A,5,4,5,5,5,100.0,75.0,100.0,100.0,100.0,0,0,0,0,0,0,False,,initial,2026-06-15,qwen3:8b,ollama,,,,,,,,,,low,low_confidence_company_news,Yes,weak_company_specific_context,,,,,final_freeze_2026-06-16,true,false,06_ratings\news_final_full\news_final_document_scores.csv,06_ratings\news_final_full\news_final_ratings_long.csv,2026-09-01T02:05:38+00:00
NEWS_FFB_2025_07_06_69d9a8cfbc,news,FarmFresh,FFB,The Star,2025-07-06,"‘Form Six, not a last resort’",https://www.thestar.com.my/news/education/2025/07/06/form-six-not-a-last-resort,,,,5,100.0,A,5,5,5,5,5,100.0,100.0,100.0,100.0,100.0,0,0,0,0,0,0,False,,initial,2026-06-15,qwen3:8b,ollama,,,,,,,,,,low,low_confidence_company_news,Yes,weak_company_specific_context,,,,,final_freeze_2026-06-16,true,false,06_ratings\news_final_full\news_final_document_scores.csv,06_ratings\news_final_full\news_final_ratings_long.csv,2026-09-01T02:05:38+00:00
NEWS_FFB_2024_11_29_52934062fa,news,FarmFresh,FFB,The Star,2024-11-29,Farm Fresh wins Brand of the Year in dairy for the second time,https://www.thestar.com.my/news/nation/2024/11/29/farm-fresh-wins-brand-of-the-year-in-dairy-for-the-second-time,,,,5,100.0,A,5,5,5,5,5,100.0,100.0,100.0,100.0,100.0,0,0,0,0,0,0,False,,initial,2026-06-15,qwen3:8b,ollama,,,,,,,,,,high,high_confidence_company_news,No,,,,,,final_freeze_2026-06-16,true,false,06_ratings\news_final_full\news_final_document_scores.csv,06_ratings\news_final_full\news_final_ratings_long.csv,2026-09-01T02:05:38+00:00
NEWS_FFB_2024_03_25_6d7e0b33b8,news,FarmFresh,FFB,The Star,2024-03-25,Nurturing a community of empowered mothers,https://www.thestar.com.my/metro/metro-news/2024/03/25/nurturing-a-community-of-empowered-mothers,,,,5,100.0,A,5,5,5,5,5,100.0,100.0,100.0,100.0,100.0,0,0,0,0,0,0,False,,initial,2026-06-15,qwen3:8b,ollama,,,,,,,,,,high,high_confidence_company_news,No,,,,,,final_freeze_2026-06-16,true,false,06_ratings\news_final_full\news_final_document_scores.csv,06_ratings\news_final_full\news_final_ratings_long.csv,2026-09-01T02:05:38+00:00
NEWS_GCB_2024_10_10_760f239c42,news,Guan Chong Berhad,GCB,The Star,2024-10-10,Analysts positive on Guan Chong's growth prospects following Ivory Coast acquisition,https://www.thestar.com.my/business/business-news/2024/10/10/analysts-positive-on-guan-chong039s-growth-prospects-following-ivory-coast-acquisition,,,,5,100.0,A,5,5,5,5,5,100.0,100.0,100.0,100.0,100.0,0,0,0,0,0,0,False,,initial,2026-06-15,qwen3:8b,ollama,,,,,,,,,,high,high_confidence_company_news,No,,,,,,final_freeze_2026-06-16,true,false,06_ratings\news_final_full\news_final_document_scores.csv,06_ratings\news_final_full\news_final_ratings_long.csv,2026-09-01T02:05:38+00:00
NEWS_GCB_2024_10_09_d838cb0e39,news,Guan Chong Berhad,GCB,The Star,2024-10-09,Guan Chong plans purchase of 25% equity in Ivory Coast cocoa processor,https://www.thestar.com.my/business/business-news/2024/10/09/guan-chong-plans-purchase-of-25-equity-in-ivory-coast-cocoa-processor,,,,5,100.0,A,5,5,5,5,5,100.0,100.0,100.0,100.0,100.0,0,0,0,0,0,0,False,,initial,2026-06-15,qwen3:8b,ollama,,,,,,,,,,high,high_confidence_company_news,No,,,,,,final_freeze_2026-06-16,true,false,06_ratings\news_final_full\news_final_document_scores.csv,06_ratings\news_final_full\news_final_ratings_long.csv,2026-09-01T02:05:38+00:00
NEWS_HEIM_2024_10_30_de348b2301,news,Heineken,HEIM,The Star,2024-10-30,"Tipsy-Turvy Quick Shots: Scotch for a cause, cognac craft, peachy beer",https://www.thestar.com.my/lifestyle/living/tipsy-turvy/2024/10/30/tipsy-turvy-quick-shots-scotch-for-a-cause-cognac-craft-peachy-beer,,,,5,86.25,A,5,4,5,4,4,100.0,75.0,100.0,75.0,75.0,0,0,0,0,0,0,False,,initial,2026-06-15,qwen3:8b,ollama,,,,,,,,,,low,low_confidence_company_news,Yes,weak_company_specific_context,,,,,final_freeze_2026-06-16,true,false,06_ratings\news_final_full\news_final_document_scores.csv,06_ratings\news_final_full\news_final_ratings_long.csv,2026-09-01T02:05:38+00:00
NEWS_KAWAN_2025_05_02_cf4c3b6730,news,Kawan Food,KAWAN,The Star,2025-05-02,Malaysia’s halal product exports up 15% to RM62bil last year,https://www.thestar.com.my/business/business-news/2025/05/02/malaysias-halal-product-exports-up-15-to-rm62bil-last-year,,,,5,100.0,A,5,5,5,5,5,100.0,100.0,100.0,100.0,100.0,0,0,0,0,0,0,False,,initial,2026-06-15,qwen3:8b,ollama,,,,,,,,,,low,low_confidence_company_news,Yes,weak_company_specific_context,,,,,final_freeze_2026-06-16,true,false,06_ratings\news_final_full\news_final_document_scores.csv,06_ratings\news_final_full\news_final_ratings_long.csv,2026-09-01T02:05:38+00:00
NEWS_KAWAN_2025_05_01_8618bad820,news,Kawan Food,KAWAN,The Star,2025-05-01,Malaysia’s halal product exports up 15% to RM61.79bil in 2024,https://www.thestar.com.my/business/business-news/2025/05/01/malaysias-halal-product-exports-up-15-to-rm6179bil-in-2024,,,,5,100.0,A,5,5,5,5,5,100.0,100.0,100.0,100.0,100.0,0,0,0,0,0,0,False,,initial,2026-06-15,qwen3:8b,ollama,,,,,,,,,,low,low_confidence_company_news,Yes,weak_company_specific_context,,,,,final_freeze_2026-06-16,true,false,06_ratings\news_final_full\news_final_document_scores.csv,06_ratings\news_final_full\news_final_ratings_long.csv,2026-09-01T02:05:38+00:00
NEWS_KAWAN_2024_10_17_73ac524c0a,news,Kawan Food,KAWAN,The Star,2024-10-17,Lim Hun Soon is chairman of Kawan Food,https://www.thestar.com.my/business/business-news/2024/10/17/lim-hun-soon-is-chairman-of-kawan-food,,,,5,100.0,A,5,5,5,5,5,100.0,100.0,100.0,100.0,100.0,0,0,0,0,0,0,False,,initial,2026-06-15,qwen3:8b,ollama,,,,,,,,,,low,low_confidence_company_news,Yes,ticker_only_title_context,,,,,final_freeze_2026-06-16,true,false,06_ratings\news_final_full\news_final_document_scores.csv,06_ratings\news_final_full\news_final_ratings_long.csv,2026-09-01T02:05:38+00:00
NEWS_KAWAN_2024_08_22_df0cfefb2c,news,Kawan Food,KAWAN,The Star,2024-08-22,Kawan benefitting from strong foreign demand,https://www.thestar.com.my/business/business-news/2024/08/22/kawan-benefitting-from-strong-foreign-demand,,,,5,100.0,A,5,5,5,5,5,100.0,100.0,100.0,100.0,100.0,0,0,0,0,0,0,False,,initial,2026-06-15,qwen3:8b,ollama,,,,,,,,,,high,high_confidence_company_news,No,,,,,,final_freeze_2026-06-16,true,false,06_ratings\news_final_full\news_final_document_scores.csv,06_ratings\news_final_full\news_final_ratings_long.csv,2026-09-01T02:05:38+00:00
NEWS_LOTUS_2024_11_29_b667d9d01f,news,Lotus KFM Berhad,LOTUS,The Star,2024-11-29,Lotus KFM eyes growth with bioenergy and plantation ventures,https://www.thestar.com.my/business/business-news/2024/11/29/lotus-kfm-eyes-growth-with-bioenergy-and-plantation-ventures,,,,5,93.75,A,5,4,5,5,5,100.0,75.0,100.0,100.0,100.0,0,0,0,0,0,0,False,,initial,2026-06-15,qwen3:8b,ollama,,,,,,,,,,low,low_confidence_company_news,Yes,sponsor_list_or_csr_only,,,,,final_freeze_2026-06-16,true,false,06_ratings\news_final_full\news_final_document_scores.csv,06_ratings\news_final_full\news_final_ratings_long.csv,2026-09-01T02:05:38+00:00
NEWS_MSM_2025_11_28_908d08456a,news,MSM Malaysia Holdings Berhad,MSM,The Star,2025-11-28,MSM Malaysia says low raw sugar prices bolster 2026 prospects,https://www.thestar.com.my/business/business-news/2025/11/28/msm-malaysia-says-low-raw-sugar-prices-bolster-2026-prospects,,,,5,100.0,A,5,5,5,5,5,100.0,100.0,100.0,100.0,100.0,0,0,0,0,0,0,False,,initial,2026-06-15,qwen3:8b,ollama,,,,,,,,,,high,high_confidence_company_news,No,,,,,,final_freeze_2026-06-16,true,false,06_ratings\news_final_full\news_final_document_scores.csv,06_ratings\news_final_full\news_final_ratings_long.csv,2026-09-01T02:05:38+00:00
NEWS_MSM_2025_09_18_bba3204f63,news,MSM Malaysia Holdings Berhad,MSM,The Star,2025-09-18,Felda: Abolish permits for refined sugar,https://www.thestar.com.my/news/nation/2025/09/18/felda-abolish-permits-for-refined-sugar,,,,5,96.25,A,5,5,4,5,5,100.0,100.0,75.0,100.0,100.0,0,0,0,0,0,0,False,,initial,2026-06-15,qwen3:8b,ollama,,,,,,,,,,low,low_confidence_company_news,Yes,weak_company_specific_context,,,,,final_freeze_2026-06-16,true,false,06_ratings\news_final_full\news_final_document_scores.csv,06_ratings\news_final_full\news_final_ratings_long.csv,2026-09-01T02:05:38+00:00
NEWS_MSM_2025_09_11_d997c2e9df,news,MSM Malaysia Holdings Berhad,MSM,The Star,2025-09-11,Switch to value stocks holds investor potential,https://www.thestar.com.my/business/business-news/2025/09/11/switch-to-value-stocks-holds-investor-potential,,,,5,82.5,B,5,4,4,4,4,100.0,75.0,75.0,75.0,75.0,0,0,0,0,0,0,False,,initial,2026-06-15,qwen3:8b,ollama,,,,,,,,,,low,low_confidence_company_news,Yes,sponsor_list_or_csr_only,,,,,final_freeze_2026-06-16,true,false,06_ratings\news_final_full\news_final_document_scores.csv,06_ratings\news_final_full\news_final_ratings_long.csv,2026-09-01T02:05:38+00:00
NEWS_MSM_2025_07_03_50b881c980,news,MSM Malaysia Holdings Berhad,MSM,The Star,2025-07-03,MSM appoints new acting group CEO,https://www.thestar.com.my/business/business-news/2025/07/03/msm-appoints-new-acting-group-ceo,,,,5,100.0,A,5,5,5,5,5,100.0,100.0,100.0,100.0,100.0,0,0,0,0,0,0,False,,initial,2026-06-15,qwen3:8b,ollama,,,,,,,,,,low,low_confidence_company_news,Yes,ticker_only_title_context,,,,,final_freeze_2026-06-16,true,false,06_ratings\news_final_full\news_final_document_scores.csv,06_ratings\news_final_full\news_final_ratings_long.csv,2026-09-01T02:05:38+00:00
NEWS_MSM_2025_07_02_5b7f705160,news,MSM Malaysia Holdings Berhad,MSM,The Star,2025-07-02,MSM appoints Hasni Ahmad as acting CEO following Syed Feizal’s resignation,https://www.thestar.com.my/business/business-news/2025/07/02/msm-appoints-hasni-ahmad-as-acting-ceo-following-syed-feizals-resignation,,,,5,100.0,A,5,5,5,5,5,100.0,100.0,100.0,100.0,100.0,0,0,0,0,0,0,False,,initial,2026-06-15,qwen3:8b,ollama,,,,,,,,,,low,low_confidence_company_news,Yes,ticker_only_title_context,,,,,final_freeze_2026-06-16,true,false,06_ratings\news_final_full\news_final_document_scores.csv,06_ratings\news_final_full\news_final_ratings_long.csv,2026-09-01T02:05:38+00:00
NEWS_MSM_2025_06_20_60bfc7df84,news,MSM Malaysia Holdings Berhad,MSM,The Star,2025-06-20,"Refined sugar to stay tax-exempt, says Finance Ministry",https://www.thestar.com.my/news/nation/2025/06/20/refined-sugar-to-stay-tax-exempt-says-finance-ministry,,,,5,100.0,A,5,5,5,5,5,100.0,100.0,100.0,100.0,100.0,0,0,0,0,0,0,False,,initial,2026-06-15,qwen3:8b,ollama,,,,,,,,,,high,high_confidence_company_news,No,,,,,,final_freeze_2026-06-16,true,false,06_ratings\news_final_full\news_final_document_scores.csv,06_ratings\news_final_full\news_final_ratings_long.csv,2026-09-01T02:05:38+00:00
NEWS_MSM_2025_06_20_ee796bcae3,news,MSM Malaysia Holdings Berhad,MSM,The Star,2025-06-20,MSM Malaysia aims to increase export volumes,https://www.thestar.com.my/business/business-news/2025/06/20/msm-malaysia-aims-to-increase-export-volumes,,,,5,100.0,A,5,5,5,5,5,100.0,100.0,100.0,100.0,100.0,0,0,0,0,0,0,False,,initial,2026-06-15,qwen3:8b,ollama,,,,,,,,,,high,high_confidence_company_news,No,,,,,,final_freeze_2026-06-16,true,false,06_ratings\news_final_full\news_final_document_scores.csv,06_ratings\news_final_full\news_final_ratings_long.csv,2026-09-01T02:05:38+00:00
NEWS_MSM_2025_06_19_1ebde10200,news,MSM Malaysia Holdings Berhad,MSM,The Star,2025-06-19,MSM reiterates call for tariff to curb dumping of imported sugar,https://www.thestar.com.my/business/business-news/2025/06/19/msm-reiterates-call-for-tariff-to-curb-dumping-of-imported-sugar,,,,5,100.0,A,5,5,5,5,5,100.0,100.0,100.0,100.0,100.0,0,0,0,0,0,0,False,,initial,2026-06-15,qwen3:8b,ollama,,,,,,,,,,low,low_confidence_company_news,Yes,ticker_only_title_context,,,,,final_freeze_2026-06-16,true,false,06_ratings\news_final_full\news_final_document_scores.csv,06_ratings\news_final_full\news_final_ratings_long.csv,2026-09-01T02:05:38+00:00
NEWS_MSM_2025_03_20_3508a07a0e,news,MSM Malaysia Holdings Berhad,MSM,The Star,2025-03-20,"MSM plans Tg Langsat as sugar export hub, eyes new markets",https://www.thestar.com.my/business/business-news/2025/03/20/msm-plans-tg-langsat-as-sugar-export-hub-eyes-new-markets,,,,5,100.0,A,5,5,5,5,5,100.0,100.0,100.0,100.0,100.0,0,0,0,0,0,0,False,,initial,2026-06-15,qwen3:8b,ollama,,,,,,,,,,high,high_confidence_company_news,No,,,,,,final_freeze_2026-06-16,true,false,06_ratings\news_final_full\news_final_document_scores.csv,06_ratings\news_final_full\news_final_ratings_long.csv,2026-09-01T02:05:38+00:00
NEWS_MSM_2024_08_29_999c6cd4ed,news,MSM Malaysia Holdings Berhad,MSM,The Star,2024-08-29,FGV on track for a better 2H on rising production,https://www.thestar.com.my/business/business-news/2024/08/29/fgv-on-track-for-a-better-2h-on-rising-production,,,,5,75.0,B,4,4,4,4,4,75.0,75.0,75.0,75.0,75.0,0,0,0,0,0,0,False,,initial,2026-06-15,qwen3:8b,ollama,,,,,,,,,,low,low_confidence_company_news,Yes,weak_company_specific_context,,,,,final_freeze_2026-06-16,true,false,06_ratings\news_final_full\news_final_document_scores.csv,06_ratings\news_final_full\news_final_ratings_long.csv,2026-09-01T02:05:38+00:00
NEWS_MSM_2024_08_23_14b0cd98e7,news,MSM Malaysia Holdings Berhad,MSM,The Star,2024-08-23,MSM to strengthen domestic sales,https://www.thestar.com.my/business/business-news/2024/08/23/msm-to-strengthen-domestic-sales,,,,5,100.0,A,5,5,5,5,5,100.0,100.0,100.0,100.0,100.0,0,0,0,0,0,0,False,,initial,2026-06-15,qwen3:8b,ollama,,,,,,,,,,high,high_confidence_company_news,No,,,,,,final_freeze_2026-06-16,true,false,06_ratings\news_final_full\news_final_document_scores.csv,06_ratings\news_final_full\news_final_ratings_long.csv,2026-09-01T02:05:38+00:00
NEWS_MSM_2024_08_22_7db1515566,news,MSM Malaysia Holdings Berhad,MSM,The Star,2024-08-22,MSM posts bigger loss in 2Q,https://www.thestar.com.my/business/business-news/2024/08/22/msm-posts-bigger-loss-in-2q,,,,5,100.0,A,5,5,5,5,5,100.0,100.0,100.0,100.0,100.0,0,0,0,0,0,0,False,,initial,2026-06-15,qwen3:8b,ollama,,,,,,,,,,high,high_confidence_company_news,No,,,,,,final_freeze_2026-06-16,true,false,06_ratings\news_final_full\news_final_document_scores.csv,06_ratings\news_final_full\news_final_ratings_long.csv,2026-09-01T02:05:38+00:00
NEWS_MSM_2024_06_06_16d8068e4d,news,MSM Malaysia Holdings Berhad,MSM,The Star,2024-06-06,"MSM Malaysia to continue managing sugar price hedging, looks forward to new mechanism",https://www.thestar.com.my/business/business-news/2024/06/06/msm-malaysia-to-continue-managing-sugar-price-hedging-looks-forward-to-new-mechanism,,,,5,100.0,A,5,5,5,5,5,100.0,100.0,100.0,100.0,100.0,0,0,0,0,0,0,False,,initial,2026-06-15,qwen3:8b,ollama,,,,,,,,,,high,high_confidence_company_news,No,,,,,,final_freeze_2026-06-16,true,false,06_ratings\news_final_full\news_final_document_scores.csv,06_ratings\news_final_full\news_final_ratings_long.csv,2026-09-01T02:05:38+00:00
NEWS_MSM_2024_05_23_2dda81547f,news,MSM Malaysia Holdings Berhad,MSM,The Star,2024-05-23,MSM Malaysia registers 1Q net profit of RM41.71mil on improved margins,https://www.thestar.com.my/business/business-news/2024/05/23/msm-malaysia-registers-1q-net-profit-of-rm4171mil-on-improved-margins,,,,5,100.0,A,5,5,5,5,5,100.0,100.0,100.0,100.0,100.0,0,0,0,0,0,0,False,,initial,2026-06-15,qwen3:8b,ollama,,,,,,,,,,high,high_confidence_company_news,No,,,,,,final_freeze_2026-06-16,true,false,06_ratings\news_final_full\news_final_document_scores.csv,06_ratings\news_final_full\news_final_ratings_long.csv,2026-09-01T02:05:38+00:00
NEWS_MSM_2024_04_04_648fba36a4,news,MSM Malaysia Holdings Berhad,MSM,The Star,2024-04-04,MSM on track for sweeter bottom line,https://www.thestar.com.my/business/business-news/2024/04/04/msm-on-track-for-sweeter-bottom-line,,,,5,100.0,A,5,5,5,5,5,100.0,100.0,100.0,100.0,100.0,0,0,0,0,0,0,False,,initial,2026-06-15,qwen3:8b,ollama,,,,,,,,,,high,high_confidence_company_news,No,,,,,,final_freeze_2026-06-16,true,false,06_ratings\news_final_full\news_final_document_scores.csv,06_ratings\news_final_full\news_final_ratings_long.csv,2026-09-01T02:05:38+00:00
NEWS_MSM_2024_04_03_a72ab8d0fd,news,MSM Malaysia Holdings Berhad,MSM,The Star,2024-04-03,FGV targets submission of petition to US customs by end-June,https://www.thestar.com.my/business/business-news/2024/04/03/fgv-targets-submission-of-petition-to-us-customs-by-end-june,,,,5,90.0,A,5,4,4,5,5,100.0,75.0,75.0,100.0,100.0,0,0,0,0,0,0,False,,initial,2026-06-15,qwen3:8b,ollama,,,,,,,,,,low,low_confidence_company_news,Yes,weak_company_specific_context,,,,,final_freeze_2026-06-16,true,false,06_ratings\news_final_full\news_final_document_scores.csv,06_ratings\news_final_full\news_final_ratings_long.csv,2026-09-01T02:05:38+00:00
NEWS_MSM_2024_03_21_a984e37e6d,news,MSM Malaysia Holdings Berhad,MSM,The Star,2024-03-21,Lack of refinement in sugar policy,https://www.thestar.com.my/news/nation/2024/03/21/lack-of-refinement-in-sugar-policy,,,,5,62.5,C,4,4,2,4,2,75.0,75.0,25.0,75.0,25.0,0,0,0,0,0,0,False,,initial,2026-06-15,qwen3:8b,ollama,,,,,,,,,,low,low_confidence_company_news,Yes,weak_company_specific_context,,,,,final_freeze_2026-06-16,true,false,06_ratings\news_final_full\news_final_document_scores.csv,06_ratings\news_final_full\news_final_ratings_long.csv,2026-09-01T02:05:38+00:00
NEWS_MSM_2024_03_20_79c58f6fd3,news,MSM Malaysia Holdings Berhad,MSM,The Star,2024-03-20,Govt acknowledges providing incentives to sugar producer after stopping sugar subsidies,https://www.thestar.com.my/news/nation/2024/03/20/govt-acknowledges-providing-incentives-to-sugar-producer-after-stopping-sugar-subsidies,,,,5,87.5,A,5,4,4,5,4,100.0,75.0,75.0,100.0,75.0,0,0,0,0,0,0,False,,initial,2026-06-15,qwen3:8b,ollama,,,,,,,,,,low,low_confidence_company_news,Yes,weak_company_specific_context,,,,,final_freeze_2026-06-16,true,false,06_ratings\news_final_full\news_final_document_scores.csv,06_ratings\news_final_full\news_final_ratings_long.csv,2026-09-01T02:05:38+00:00
NEWS_MSM_2024_02_28_5730d0c5ba,news,MSM Malaysia Holdings Berhad,MSM,The Star,2024-02-28,"Quit flip-flopping on sugar policies, Dr Wee tells govt",https://www.thestar.com.my/news/nation/2024/02/28/quit-flip-flopping-on-sugar-policies-dr-wee-tells-govt,,,,5,90.0,A,5,4,4,5,5,100.0,75.0,75.0,100.0,100.0,0,0,0,0,0,0,False,,initial,2026-06-15,qwen3:8b,ollama,,,,,,,,,,low,low_confidence_company_news,Yes,weak_company_specific_context,,,,,final_freeze_2026-06-16,true,false,06_ratings\news_final_full\news_final_document_scores.csv,06_ratings\news_final_full\news_final_ratings_long.csv,2026-09-01T02:05:38+00:00
NEWS_NESTLE_2025_11_25_55cdacd864,news,Nestle Malaysia Berhad,NESTLE,The Star,2025-11-25,"Selangor to expand door-to-door recycling initiative to 11 of 12 local authorities by year end, says MB",https://www.thestar.com.my/metro/metro-news/2025/11/25/selangor-to-expand-door-to-door-recycling-initiative-to-11-of-12-local-authorities-by-year-end-says-mb,,,,5,100.0,A,5,5,5,5,5,100.0,100.0,100.0,100.0,100.0,0,0,0,0,0,0,False,,initial,2026-06-15,qwen3:8b,ollama,,,,,,,,,,low,low_confidence_company_news,Yes,weak_company_specific_context,,,,,final_freeze_2026-06-16,true,false,06_ratings\news_final_full\news_final_document_scores.csv,06_ratings\news_final_full\news_final_ratings_long.csv,2026-09-01T02:05:38+00:00
NEWS_NESTLE_2025_11_21_f9fe7d9520,news,Nestle Malaysia Berhad,NESTLE,The Star,2025-11-21,"‘410,000 Selangor households now recycling’",https://www.thestar.com.my/metro/metro-news/2025/11/21/410000-selangor-households-now-recycling,,,,5,100.0,A,5,5,5,5,5,100.0,100.0,100.0,100.0,100.0,0,0,0,0,0,0,False,,initial,2026-06-15,qwen3:8b,ollama,,,,,,,,,,low,low_confidence_company_news,Yes,weak_company_specific_context,,,,,final_freeze_2026-06-16,true,false,06_ratings\news_final_full\news_final_document_scores.csv,06_ratings\news_final_full\news_final_ratings_long.csv,2026-09-01T02:05:38+00:00
NEWS_NESTLE_2025_11_20_7f6948a262,news,Nestle Malaysia Berhad,NESTLE,The Star,2025-11-20,Pay-As-You-Throw policy proposed to reduce waste,https://www.thestar.com.my/metro/metro-news/2025/11/20/pay-as-you-throw-policy-proposed-to-reduce-waste,,,,5,90.0,A,5,4,4,5,5,100.0,75.0,75.0,100.0,100.0,0,0,0,0,0,0,False,,initial,2026-06-15,qwen3:8b,ollama,,,,,,,,,,low,low_confidence_company_news,Yes,weak_company_specific_context,,,,,final_freeze_2026-06-16,true,false,06_ratings\news_final_full\news_final_document_scores.csv,06_ratings\news_final_full\news_final_ratings_long.csv,2026-09-01T02:05:38+00:00
NEWS_NESTLE_2025_11_12_7fc6fe46e9,news,Nestle Malaysia Berhad,NESTLE,The Star,2025-11-12,"Volunteers pack 5,500 aid boxes for flood relief",https://www.thestar.com.my/metro/metro-news/2025/11/12/volunteers-pack-5500-aid-boxes-for-flood-relief,,,,5,93.75,A,5,4,5,5,5,100.0,75.0,100.0,100.0,100.0,0,0,0,0,0,0,False,,initial,2026-06-15,qwen3:8b,ollama,,,,,,,,,,low,low_confidence_company_news,Yes,weak_company_specific_context,,,,,final_freeze_2026-06-16,true,false,06_ratings\news_final_full\news_final_document_scores.csv,06_ratings\news_final_full\news_final_ratings_long.csv,2026-09-01T02:05:38+00:00
NEWS_NESTLE_2025_10_30_ab42e593ff,news,Nestle Malaysia Berhad,NESTLE,The Star,2025-10-30,"Improving sales, lower costs to bolster Nestle",https://www.thestar.com.my/business/business-news/2025/10/30/improving-sales-lower-costs-to-bolster-nestle,,,,5,93.75,A,5,4,5,5,5,100.0,75.0,100.0,100.0,100.0,0,0,0,0,0,0,False,,initial,2026-06-15,qwen3:8b,ollama,,,,,,,,,,low,low_confidence_company_news,Yes,sponsor_list_or_csr_only,,,,,final_freeze_2026-06-16,true,false,06_ratings\news_final_full\news_final_document_scores.csv,06_ratings\news_final_full\news_final_ratings_long.csv,2026-09-01T02:05:38+00:00
NEWS_NESTLE_2025_10_30_6eec010fdf,news,Nestle Malaysia Berhad,NESTLE,The Star,2025-10-30,Cautious optimism outlines 3Q results season,https://www.thestar.com.my/business/business-news/2025/10/30/cautious-optimism-outlines-3q-results-season,,,,5,100.0,A,5,5,5,5,5,100.0,100.0,100.0,100.0,100.0,0,0,0,0,0,0,False,,initial,2026-06-15,qwen3:8b,ollama,,,,,,,,,,high,high_confidence_company_news,No,,,,,,final_freeze_2026-06-16,true,false,06_ratings\news_final_full\news_final_document_scores.csv,06_ratings\news_final_full\news_final_ratings_long.csv,2026-09-01T02:05:38+00:00
NEWS_NESTLE_2025_10_31_53e61dd023,news,Nestle Malaysia Berhad,NESTLE,The Star,2025-10-31,Company to nurture 20 women food entrepreneurs,https://www.thestar.com.my/metro/metro-news/2025/10/31/company-to-nurture-20-women-food-entrepreneurs,,,,5,100.0,A,5,5,5,5,5,100.0,100.0,100.0,100.0,100.0,0,0,0,0,0,0,False,,initial,2026-06-15,qwen3:8b,ollama,,,,,,,,,,low,low_confidence_company_news,Yes,weak_company_specific_context,,,,,final_freeze_2026-06-16,true,false,06_ratings\news_final_full\news_final_document_scores.csv,06_ratings\news_final_full\news_final_ratings_long.csv,2026-09-01T02:05:38+00:00
NEWS_NESTLE_2025_10_29_478d148c2e,news,Nestle Malaysia Berhad,NESTLE,The Star,2025-10-29,Subang Jaya cleanup bags 10 tonnes of waste,https://www.thestar.com.my/metro/metro-news/2025/10/29/subang-jaya-cleanup-bags-10-tonnes-of-waste,,,,5,76.25,B,5,4,5,2,4,100.0,75.0,100.0,25.0,75.0,0,0,0,0,0,0,False,,initial,2026-06-15,qwen3:8b,ollama,,,,,,,,,,low,low_confidence_company_news,Yes,weak_company_specific_context,,,,,final_freeze_2026-06-16,true,false,06_ratings\news_final_full\news_final_document_scores.csv,06_ratings\news_final_full\news_final_ratings_long.csv,2026-09-01T02:05:38+00:00
NEWS_NESTLE_2025_07_24_73ef3c058a,news,Nestle Malaysia Berhad,NESTLE,The Star,2025-07-24,Strong sales momentum underpins Nestle Malaysia's higher bottomline in 2Q,https://www.thestar.com.my/business/business-news/2025/07/24/strong-sales-momentum-underpins-nestle-malaysia039s-higher-bottomline-in-2q,,,,5,100.0,A,5,5,5,5,5,100.0,100.0,100.0,100.0,100.0,0,0,0,0,0,0,False,,initial,2026-06-15,qwen3:8b,ollama,,,,,,,,,,high,high_confidence_company_news,No,,,,,,final_freeze_2026-06-16,true,false,06_ratings\news_final_full\news_final_document_scores.csv,06_ratings\news_final_full\news_final_ratings_long.csv,2026-09-01T02:05:38+00:00
NEWS_NESTLE_2025_04_30_4dc7cd12a3,news,Nestle Malaysia Berhad,NESTLE,The Star,2025-04-30,Strong domestic sales to bolster Nestle Malaysia,https://www.thestar.com.my/business/business-news/2025/04/30/strong-domestic-sales-to-bolster-nestle-malaysia,,,,5,90.0,A,5,4,4,5,5,100.0,75.0,75.0,100.0,100.0,0,0,0,0,0,0,False,,initial,2026-06-15,qwen3:8b,ollama,,,,,,,,,,low,low_confidence_company_news,Yes,sponsor_list_or_csr_only,,,,,final_freeze_2026-06-16,true,false,06_ratings\news_final_full\news_final_document_scores.csv,06_ratings\news_final_full\news_final_ratings_long.csv,2026-09-01T02:05:38+00:00
NEWS_NESTLE_2025_04_26_6d8b03d4d8,news,Nestle Malaysia Berhad,NESTLE,The Star,2025-04-26,"Recycling project expands to Subang Jaya, Sepang",https://www.thestar.com.my/metro/metro-news/2025/04/26/recycling-project-expands-to-subang-jaya-sepang,,,,5,100.0,A,5,5,5,5,5,100.0,100.0,100.0,100.0,100.0,0,0,0,0,0,0,False,,initial,2026-06-15,qwen3:8b,ollama,,,,,,,,,,low,low_confidence_company_news,Yes,weak_company_specific_context,,,,,final_freeze_2026-06-16,true,false,06_ratings\news_final_full\news_final_document_scores.csv,06_ratings\news_final_full\news_final_ratings_long.csv,2026-09-01T02:05:38+00:00
NEWS_NESTLE_2025_04_18_3593658a86,news,Nestle Malaysia Berhad,NESTLE,The Star,2025-04-18,MSPO to launch Impact Alliance platform by 3Q to boost certification value - Johari Ghani,https://www.thestar.com.my/business/business-news/2025/04/18/mspo-to-launch-impact-alliance-platform-by-3q-to-boost-certification-value---johari-ghani,,,,5,93.75,A,5,4,5,5,5,100.0,75.0,100.0,100.0,100.0,0,0,0,0,0,0,False,,initial,2026-06-15,qwen3:8b,ollama,,,,,,,,,,low,low_confidence_company_news,Yes,weak_company_specific_context,,,,,final_freeze_2026-06-16,true,false,06_ratings\news_final_full\news_final_document_scores.csv,06_ratings\news_final_full\news_final_ratings_long.csv,2026-09-01T02:05:38+00:00
NEWS_NESTLE_2025_03_21_999afd3b0d,news,Nestle Malaysia Berhad,NESTLE,The Star,2025-03-21,Nestle Malaysia holds groundbreaking for RM250mil logistics hub in Port Klang,https://www.thestar.com.my/business/business-news/2025/03/21/nestle-malaysia-holds-groundbreaking-for-rm250mil-logistics-hub-in-port-klang,,,,5,100.0,A,5,5,5,5,5,100.0,100.0,100.0,100.0,100.0,0,0,0,0,0,0,False,,initial,2026-06-15,qwen3:8b,ollama,,,,,,,,,,high,high_confidence_company_news,No,,,,,,final_freeze_2026-06-16,true,false,06_ratings\news_final_full\news_final_document_scores.csv,06_ratings\news_final_full\news_final_ratings_long.csv,2026-09-01T02:05:38+00:00
NEWS_NESTLE_2025_01_03_d3d67cede6,news,Nestle Malaysia Berhad,NESTLE,The Star,2025-01-03,Planting seeds of change among Sabah’s children,https://www.thestar.com.my/metro/metro-news/2025/01/03/planting-seeds-of-change-among-sabahs-children,,,,5,100.0,A,5,5,5,5,5,100.0,100.0,100.0,100.0,100.0,0,0,0,0,0,0,False,,initial,2026-06-15,qwen3:8b,ollama,,,,,,,,,,high,high_confidence_company_news,No,,,,,,final_freeze_2026-06-16,true,false,06_ratings\news_final_full\news_final_document_scores.csv,06_ratings\news_final_full\news_final_ratings_long.csv,2026-09-01T02:05:38+00:00
NEWS_NESTLE_2024_12_18_40df1b49c4,news,Nestle Malaysia Berhad,NESTLE,The Star,2024-12-18,"Red Crescent distributes flood aid to over 6,000 families nationwide",https://www.thestar.com.my/news/nation/2024/12/18/red-crescent-distributes-flood-aid-to-over-6000-families-nationwide,,,,5,100.0,A,5,5,5,5,5,100.0,100.0,100.0,100.0,100.0,0,0,0,0,0,0,False,,initial,2026-06-15,qwen3:8b,ollama,,,,,,,,,,low,low_confidence_company_news,Yes,weak_company_specific_context,,,,,final_freeze_2026-06-16,true,false,06_ratings\news_final_full\news_final_document_scores.csv,06_ratings\news_final_full\news_final_ratings_long.csv,2026-09-01T02:05:38+00:00
NEWS_NESTLE_2024_12_04_8d581af215,news,Nestle Malaysia Berhad,NESTLE,The Star,2024-12-04,"5,000 boxes of food aid head east",https://www.thestar.com.my/metro/metro-news/2024/12/04/5000-boxes-of-food-aid-head-east,,,,5,100.0,A,5,5,5,5,5,100.0,100.0,100.0,100.0,100.0,0,0,0,0,0,0,False,,initial,2026-06-15,qwen3:8b,ollama,,,,,,,,,,low,low_confidence_company_news,Yes,weak_company_specific_context,,,,,final_freeze_2026-06-16,true,false,06_ratings\news_final_full\news_final_document_scores.csv,06_ratings\news_final_full\news_final_ratings_long.csv,2026-09-01T02:05:38+00:00
NEWS_NESTLE_2024_11_14_03ee223992,news,Nestle Malaysia Berhad,NESTLE,The Star,2024-11-14,Lucky duo gets salary for lifetime,https://www.thestar.com.my/metro/metro-news/2024/11/14/lucky-duo-gets-salary-for-lifetime,,,,5,91.25,A,5,4,5,5,4,100.0,75.0,100.0,100.0,75.0,0,0,0,0,0,0,False,,initial,2026-06-15,qwen3:8b,ollama,,,,,,,,,,low,low_confidence_company_news,Yes,weak_company_specific_context,,,,,final_freeze_2026-06-16,true,false,06_ratings\news_final_full\news_final_document_scores.csv,06_ratings\news_final_full\news_final_ratings_long.csv,2026-09-01T02:05:38+00:00
NEWS_NESTLE_2024_10_25_53b1895f8b,news,Nestle Malaysia Berhad,NESTLE,The Star,2024-10-25,A boost for consumption from Budget 2025,https://www.thestar.com.my/business/business-news/2024/10/25/a-boost-for-consumption-from-budget-2025,,,,5,100.0,A,5,5,5,5,5,100.0,100.0,100.0,100.0,100.0,0,0,0,0,0,0,False,,initial,2026-06-15,qwen3:8b,ollama,,,,,,,,,,low,low_confidence_company_news,Yes,weak_company_specific_context,,,,,final_freeze_2026-06-16,true,false,06_ratings\news_final_full\news_final_document_scores.csv,06_ratings\news_final_full\news_final_ratings_long.csv,2026-09-01T02:05:38+00:00
NEWS_NESTLE_2024_10_25_197df58c64,news,Nestle Malaysia Berhad,NESTLE,The Star,2024-10-25,Nestle records turnover of RM4.75bil in 9M24,https://www.thestar.com.my/business/business-news/2024/10/25/nestle-records-turnover-of-rm475bil-in-9m24,,,,5,100.0,A,5,5,5,5,5,100.0,100.0,100.0,100.0,100.0,0,0,0,0,0,0,False,,initial,2026-06-15,qwen3:8b,ollama,,,,,,,,,,high,high_confidence_company_news,No,,,,,,final_freeze_2026-06-16,true,false,06_ratings\news_final_full\news_final_document_scores.csv,06_ratings\news_final_full\news_final_ratings_long.csv,2026-09-01T02:05:38+00:00
NEWS_NESTLE_2024_09_30_e5b1ac6727,news,Nestle Malaysia Berhad,NESTLE,The Star,2024-09-30,Company pitches in with food aid for flood victims,https://www.thestar.com.my/metro/metro-news/2024/09/30/company-pitches-in-with-food-aid-for-flood-victims,,,,5,100.0,A,5,5,5,5,5,100.0,100.0,100.0,100.0,100.0,0,0,0,0,0,0,False,,initial,2026-06-15,qwen3:8b,ollama,,,,,,,,,,low,low_confidence_company_news,Yes,weak_company_specific_context,,,,,final_freeze_2026-06-16,true,false,06_ratings\news_final_full\news_final_document_scores.csv,06_ratings\news_final_full\news_final_ratings_long.csv,2026-09-01T02:05:38+00:00
NEWS_NESTLE_2024_09_06_3479083847,news,Nestle Malaysia Berhad,NESTLE,The Star,2024-09-06,Nestle to prioritise domestic workers at its factory,https://www.thestar.com.my/business/business-news/2024/09/06/nestle-to-prioritise-domestic-workers-at-its-factory,,,,5,100.0,A,5,5,5,5,5,100.0,100.0,100.0,100.0,100.0,0,0,0,0,0,0,False,,initial,2026-06-15,qwen3:8b,ollama,,,,,,,,,,high,high_confidence_company_news,No,,,,,,final_freeze_2026-06-16,true,false,06_ratings\news_final_full\news_final_document_scores.csv,06_ratings\news_final_full\news_final_ratings_long.csv,2026-09-01T02:05:38+00:00
NEWS_NESTLE_2024_09_05_d85c0b2d71,news,Nestle Malaysia Berhad,NESTLE,The Star,2024-09-05,Local grad honoured for leading green initiatives,https://www.thestar.com.my/metro/metro-news/2024/09/05/local-grad-honoured-for-leading-green-initiatives,,,,5,86.25,A,5,4,5,4,4,100.0,75.0,100.0,75.0,75.0,0,0,0,0,0,0,False,,initial,2026-06-15,qwen3:8b,ollama,,,,,,,,,,low,low_confidence_company_news,Yes,weak_company_specific_context,,,,,final_freeze_2026-06-16,true,false,06_ratings\news_final_full\news_final_document_scores.csv,06_ratings\news_final_full\news_final_ratings_long.csv,2026-09-01T02:05:38+00:00
NEWS_NESTLE_2024_07_26_4b5f7c972f,news,Nestle Malaysia Berhad,NESTLE,The Star,2024-07-26,Nestle maintains strong market leadership,https://www.thestar.com.my/business/business-news/2024/07/26/nestle-maintains-strong-market-leadership,,,,5,100.0,A,5,5,5,5,5,100.0,100.0,100.0,100.0,100.0,0,0,0,0,0,0,False,,initial,2026-06-15,qwen3:8b,ollama,,,,,,,,,,high,high_confidence_company_news,No,,,,,,final_freeze_2026-06-16,true,false,06_ratings\news_final_full\news_final_document_scores.csv,06_ratings\news_final_full\news_final_ratings_long.csv,2026-09-01T02:05:38+00:00
NEWS_NESTLE_2024_07_25_93ac3583d2,news,Nestle Malaysia Berhad,NESTLE,The Star,2024-07-25,Nestle Malaysia posts lower 1H sales on cautious consumer spending,https://www.thestar.com.my/business/business-news/2024/07/25/nestle-malaysia-faces-lower-1h-sales-on-cautious-consumer-spending,,,,5,96.25,A,5,5,4,5,5,100.0,100.0,75.0,100.0,100.0,0,0,0,0,0,0,False,,initial,2026-06-15,qwen3:8b,ollama,,,,,,,,,,high,high_confidence_company_news,No,,,,,,final_freeze_2026-06-16,true,false,06_ratings\news_final_full\news_final_document_scores.csv,06_ratings\news_final_full\news_final_ratings_long.csv,2026-09-01T02:05:38+00:00
NEWS_NESTLE_2024_06_05_fb87b4df17,news,Nestle Malaysia Berhad,NESTLE,The Star,2024-06-05,2.8 million trees planted in reforestation efforts,https://www.thestar.com.my/metro/metro-news/2024/06/05/28-million-trees-planted-in-reforestation-efforts,,,,5,100.0,A,5,5,5,5,5,100.0,100.0,100.0,100.0,100.0,0,0,0,0,0,0,False,,initial,2026-06-15,qwen3:8b,ollama,,,,,,,,,,high,high_confidence_company_news,No,,,,,,final_freeze_2026-06-16,true,false,06_ratings\news_final_full\news_final_document_scores.csv,06_ratings\news_final_full\news_final_ratings_long.csv,2026-09-01T02:05:38+00:00
NEWS_NESTLE_2024_05_16_dfb44e778f,news,Nestle Malaysia Berhad,NESTLE,The Star,2024-05-16,"Manufacturer’s dark chocolate variant made with Sabah, Sarawak cocoa beans",https://www.thestar.com.my/food/food-news/2024/05/16/manufacturers-dark-chocolate-variant-made-with-sabah-sarawak-cocoa-beans,,,,5,100.0,A,5,5,5,5,5,100.0,100.0,100.0,100.0,100.0,0,0,0,0,0,0,False,,initial,2026-06-15,qwen3:8b,ollama,,,,,,,,,,high,high_confidence_company_news,No,,,,,,final_freeze_2026-06-16,true,false,06_ratings\news_final_full\news_final_document_scores.csv,06_ratings\news_final_full\news_final_ratings_long.csv,2026-09-01T02:05:38+00:00
NEWS_NESTLE_2024_04_25_e0b190ae68,news,Nestle Malaysia Berhad,NESTLE,The Star,2024-04-25,NESTLE’S ‘SALARY FOR LIFE’ CONTEST RETURNS,https://www.thestar.com.my/news/nation/2024/04/25/nestles-salary-for-life-contest-returns,,,,5,100.0,A,5,5,5,5,5,100.0,100.0,100.0,100.0,100.0,0,0,0,0,0,0,False,,initial,2026-06-15,qwen3:8b,ollama,,,,,,,,,,high,high_confidence_company_news,No,,,,,,final_freeze_2026-06-16,true,false,06_ratings\news_final_full\news_final_document_scores.csv,06_ratings\news_final_full\news_final_ratings_long.csv,2026-09-01T02:05:38+00:00
NEWS_NESTLE_2024_04_16_9f0218476d,news,Nestle Malaysia Berhad,NESTLE,The Star,2024-04-16,Time-saving pastries make for good snacks,https://www.thestar.com.my/food/food-news/2024/04/16/time-saving-pastries-make-for-good-snacks,,,,5,100.0,A,5,5,5,5,5,100.0,100.0,100.0,100.0,100.0,0,0,0,0,0,0,False,,initial,2026-06-15,qwen3:8b,ollama,,,,,,,,,,high,high_confidence_company_news,No,,,,,,final_freeze_2026-06-16,true,false,06_ratings\news_final_full\news_final_document_scores.csv,06_ratings\news_final_full\news_final_ratings_long.csv,2026-09-01T02:05:38+00:00
NEWS_NESTLE_2024_04_08_80db6e4ffd,news,Nestle Malaysia Berhad,NESTLE,The Star,2024-04-08,New appointments set to guide Invictus Blue’s integrated proposition,https://www.thestar.com.my/business/business-news/2024/04/08/new-appointments-set-to-guide-invictus-blues-integrated-proposition,,,,5,97.5,A,5,5,5,5,4,100.0,100.0,100.0,100.0,75.0,0,0,0,0,0,0,False,,initial,2026-06-15,qwen3:8b,ollama,,,,,,,,,,low,low_confidence_company_news,Yes,weak_company_specific_context,,,,,final_freeze_2026-06-16,true,false,06_ratings\news_final_full\news_final_document_scores.csv,06_ratings\news_final_full\news_final_ratings_long.csv,2026-09-01T02:05:38+00:00
NEWS_NESTLE_2024_03_08_b10239edc7,news,Nestle Malaysia Berhad,NESTLE,The Star,2024-03-08,Nestle Malaysia commissions RM18mil biomass boiler at Chembong complex to reduce carbon footprint,https://www.thestar.com.my/metro/metro-news/2024/03/08/nestle-malaysia-commissions-rm18mil-biomass-boiler-at-chembong-complex-to-reduce-carbon-footprint,,,,5,100.0,A,5,5,5,5,5,100.0,100.0,100.0,100.0,100.0,0,0,0,0,0,0,False,,initial,2026-06-15,qwen3:8b,ollama,,,,,,,,,,high,high_confidence_company_news,No,,,,,,final_freeze_2026-06-16,true,false,06_ratings\news_final_full\news_final_document_scores.csv,06_ratings\news_final_full\news_final_ratings_long.csv,2026-09-01T02:05:38+00:00
NEWS_OFI_2024_05_29_04c8df5867,news,Oriental Food Industries Holdings Berhad,OFI,The Star,2024-05-29,Super Ring maker Oriental Food posts over 4-fold profit jump in 4Q24,https://www.thestar.com.my/business/business-news/2024/05/29/oriental-food-posts-over-4-fold-profit-jump-in-4q24,,,,5,100.0,A,5,5,5,5,5,100.0,100.0,100.0,100.0,100.0,0,0,0,0,0,0,False,,initial,2026-06-15,qwen3:8b,ollama,,,,,,,,,,high,high_confidence_company_news,No,,,,,,final_freeze_2026-06-16,true,false,06_ratings\news_final_full\news_final_document_scores.csv,06_ratings\news_final_full\news_final_ratings_long.csv,2026-09-01T02:05:38+00:00
NEWS_ORGABIO_2025_05_22_63f5a4d15c,news,Orgabio Holdings Berhad,ORGABIO,The Star,2025-05-22,Orgabio optimistic on instant beverage market growth,https://www.thestar.com.my/business/business-news/2025/05/22/orgabio-optimistic-on-instant-beverage-market-growth,,,,5,96.25,A,5,5,4,5,5,100.0,100.0,75.0,100.0,100.0,0,0,0,0,0,0,False,,initial,2026-06-15,qwen3:8b,ollama,,,,,,,,,,low,low_confidence_company_news,Yes,sponsor_list_or_csr_only,,,,,final_freeze_2026-06-16,true,false,06_ratings\news_final_full\news_final_document_scores.csv,06_ratings\news_final_full\news_final_ratings_long.csv,2026-09-01T02:05:38+00:00
NEWS_PPB_2025_11_27_5769e41c44,news,PPB Group Berhad,PPB,The Star,2025-11-27,"PPB posts 3Q25 loss, sees better performance ahead",https://www.thestar.com.my/business/business-news/2025/11/27/ppb-posts-3q25-loss-sees-better-performance-ahead,,,,5,96.25,A,5,5,4,5,5,100.0,100.0,75.0,100.0,100.0,0,0,0,0,0,0,False,,initial,2026-06-15,qwen3:8b,ollama,,,,,,,,,,high,high_confidence_company_news,No,,,,,,final_freeze_2026-06-16,true,false,06_ratings\news_final_full\news_final_document_scores.csv,06_ratings\news_final_full\news_final_ratings_long.csv,2026-09-01T02:05:38+00:00
NEWS_PPB_2025_10_23_8c35deb984,news,PPB Group Berhad,PPB,The Star,2025-10-23,PPB likely to endure minor hit from Wilmar case,https://www.thestar.com.my/business/business-news/2025/10/23/ppb-likely-to-endure-minor-hit-from-wilmar-case,,,,5,100.0,A,5,5,5,5,5,100.0,100.0,100.0,100.0,100.0,0,0,0,0,0,0,False,,initial,2026-06-15,qwen3:8b,ollama,,,,,,,,,,high,high_confidence_company_news,No,,,,,,final_freeze_2026-06-16,true,false,06_ratings\news_final_full\news_final_document_scores.csv,06_ratings\news_final_full\news_final_ratings_long.csv,2026-09-01T02:05:38+00:00
NEWS_PPB_2025_10_22_07c30b4b87,news,PPB Group Berhad,PPB,The Star,2025-10-22,Wilmar’s Indonesia unit charged for sugar import,https://www.thestar.com.my/business/business-news/2025/10/22/wilmars-indonesia-unit-charged-for-sugar-import,,,,5,93.75,A,5,5,4,5,4,100.0,100.0,75.0,100.0,75.0,0,0,0,0,0,0,False,,initial,2026-06-15,qwen3:8b,ollama,,,,,,,,,,low,low_confidence_company_news,Yes,weak_company_specific_context,,,,,final_freeze_2026-06-16,true,false,06_ratings\news_final_full\news_final_document_scores.csv,06_ratings\news_final_full\news_final_ratings_long.csv,2026-09-01T02:05:38+00:00
NEWS_PPB_2025_10_03_5e4771fefe,news,PPB Group Berhad,PPB,The Star,2025-10-03,Leong Hup unit wins relief from MyCC fine,https://www.thestar.com.my/business/business-news/2025/10/03/leong-hup-unit-wins-relief-from-mycc-fine,,,,5,100.0,A,5,5,5,5,5,100.0,100.0,100.0,100.0,100.0,0,0,0,0,0,0,False,,initial,2026-06-15,qwen3:8b,ollama,,,,,,,,,,low,low_confidence_company_news,Yes,weak_company_specific_context,,,,,final_freeze_2026-06-16,true,false,06_ratings\news_final_full\news_final_document_scores.csv,06_ratings\news_final_full\news_final_ratings_long.csv,2026-09-01T02:05:38+00:00
NEWS_PPB_2025_10_02_62db2f4c6a,news,PPB Group Berhad,PPB,The Star,2025-10-02,"High Court grants Leong Hup, PPB’s FFM stay on MyCC penalties",https://www.thestar.com.my/business/business-news/2025/10/02/high-court-grants-leong-hup-ppbs-ffm-stay-on-mycc-penalties,,,,5,100.0,A,5,5,5,5,5,100.0,100.0,100.0,100.0,100.0,0,0,0,0,0,0,False,,initial,2026-06-15,qwen3:8b,ollama,,,,,,,,,,low,low_confidence_company_news,Yes,ticker_only_title_context,,,,,final_freeze_2026-06-16,true,false,06_ratings\news_final_full\news_final_document_scores.csv,06_ratings\news_final_full\news_final_ratings_long.csv,2026-09-01T02:05:38+00:00
NEWS_PPB_2025_10_01_44446a28fe,news,PPB Group Berhad,PPB,The Star,2025-10-01,PPB outlook brightens after Wilmar verdict,https://www.thestar.com.my/business/business-news/2025/10/01/ppb-outlook-brightens-after-wilmar-verdict,,,,5,96.25,A,5,5,4,5,5,100.0,100.0,75.0,100.0,100.0,0,0,0,0,0,0,False,,initial,2026-06-15,qwen3:8b,ollama,,,,,,,,,,high,high_confidence_company_news,No,,,,,,final_freeze_2026-06-16,true,false,06_ratings\news_final_full\news_final_document_scores.csv,06_ratings\news_final_full\news_final_ratings_long.csv,2026-09-01T02:05:38+00:00
NEWS_PPB_2025_09_25_2ed0f53daf,news,PPB Group Berhad,PPB,The Star,2025-09-25,PPB valuations remain attractive,https://www.thestar.com.my/business/business-news/2025/09/25/ppb-valuations-remain-attractive,,,,5,100.0,A,5,5,5,5,5,100.0,100.0,100.0,100.0,100.0,0,0,0,0,0,0,False,,initial,2026-06-15,qwen3:8b,ollama,,,,,,,,,,high,high_confidence_company_news,No,,,,,,final_freeze_2026-06-16,true,false,06_ratings\news_final_full\news_final_document_scores.csv,06_ratings\news_final_full\news_final_ratings_long.csv,2026-09-01T02:05:38+00:00
NEWS_PPB_2025_09_03_38f13f7a40,news,PPB Group Berhad,PPB,The Star,2025-09-03,PPB Group confident Wilmar case will not affect dividend commitment,https://www.thestar.com.my/business/business-news/2025/09/03/ppb-group-confident-wilmar-case-will-not-affect-dividend-commitment,,,,5,100.0,A,5,5,5,5,5,100.0,100.0,100.0,100.0,100.0,0,0,0,0,0,0,False,,initial,2026-06-15,qwen3:8b,ollama,,,,,,,,,,high,high_confidence_company_news,No,,,,,,final_freeze_2026-06-16,true,false,06_ratings\news_final_full\news_final_document_scores.csv,06_ratings\news_final_full\news_final_ratings_long.csv,2026-09-01T02:05:38+00:00
NEWS_PPB_2025_08_28_07d20392fa,news,PPB Group Berhad,PPB,The Star,2025-08-28,PPB banks on grain for stability,https://www.thestar.com.my/business/business-news/2025/08/28/ppb-banks-on-grain-for-stability,,,,5,100.0,A,5,5,5,5,5,100.0,100.0,100.0,100.0,100.0,0,0,0,0,0,0,False,,initial,2026-06-15,qwen3:8b,ollama,,,,,,,,,,high,high_confidence_company_news,No,,,,,,final_freeze_2026-06-16,true,false,06_ratings\news_final_full\news_final_document_scores.csv,06_ratings\news_final_full\news_final_ratings_long.csv,2026-09-01T02:05:38+00:00
NEWS_PPB_2025_08_27_2d730571a9,news,PPB Group Berhad,PPB,The Star,2025-08-27,PPB records lower net profit in 2Q25,https://www.thestar.com.my/business/business-news/2025/08/27/ppb-records-lower-net-profit-in-2q25,,,,5,100.0,A,5,5,5,5,5,100.0,100.0,100.0,100.0,100.0,0,0,0,0,0,0,False,,initial,2026-06-15,qwen3:8b,ollama,,,,,,,,,,high,high_confidence_company_news,No,,,,,,final_freeze_2026-06-16,true,false,06_ratings\news_final_full\news_final_document_scores.csv,06_ratings\news_final_full\news_final_ratings_long.csv,2026-09-01T02:05:38+00:00
NEWS_PPB_2025_08_08_9f5b2b8a71,news,PPB Group Berhad,PPB,The Star,2025-08-08,KLCI edges higher at midday on selective buying in heavyweights,https://www.thestar.com.my/business/business-news/2025/08/08/klci-edges-higher-at-midday-on-selective-buying-in-heavyweights,,,,5,96.25,A,5,5,4,5,5,100.0,100.0,75.0,100.0,100.0,0,0,0,0,0,0,False,,initial,2026-06-15,qwen3:8b,ollama,,,,,,,,,,low,low_confidence_company_news,Yes,sponsor_list_or_csr_only,,,,,final_freeze_2026-06-16,true,false,06_ratings\news_final_full\news_final_document_scores.csv,06_ratings\news_final_full\news_final_ratings_long.csv,2026-09-01T02:05:38+00:00
NEWS_PPB_2025_06_19_a37ef2f9bf,news,PPB Group Berhad,PPB,The Star,2025-06-19,PPB risk premium higher amid legal case in Indonesia,https://www.thestar.com.my/business/business-news/2025/06/19/ppb-risk-premium-higher-amid-legal-case-in-indonesia,,,,5,87.5,A,5,4,4,5,4,100.0,75.0,75.0,100.0,75.0,0,0,0,0,0,0,False,,initial,2026-06-15,qwen3:8b,ollama,,,,,,,,,,low,low_confidence_company_news,Yes,ticker_only_title_context,,,,,final_freeze_2026-06-16,true,false,06_ratings\news_final_full\news_final_document_scores.csv,06_ratings\news_final_full\news_final_ratings_long.csv,2026-09-01T02:05:38+00:00
NEWS_PPB_2025_05_29_e6341f2fd8,news,PPB Group Berhad,PPB,The Star,2025-05-29,PPB posts higher net profit in 1Q,https://www.thestar.com.my/business/business-news/2025/05/29/ppb-posts-higher-net-profit-in-1q,,,,5,100.0,A,5,5,5,5,5,100.0,100.0,100.0,100.0,100.0,0,0,0,0,0,0,False,,initial,2026-06-15,qwen3:8b,ollama,,,,,,,,,,high,high_confidence_company_news,No,,,,,,final_freeze_2026-06-16,true,false,06_ratings\news_final_full\news_final_document_scores.csv,06_ratings\news_final_full\news_final_ratings_long.csv,2026-09-01T02:05:38+00:00
NEWS_PPB_2025_03_06_130c19688a,news,PPB Group Berhad,PPB,The Star,2025-03-06,PPB Group expects sound performance in 2025,https://www.thestar.com.my/business/business-news/2025/03/06/ppb-group-expects-sound-performance-in-2025,,,,5,100.0,A,5,5,5,5,5,100.0,100.0,100.0,100.0,100.0,0,0,0,0,0,0,False,,initial,2026-06-15,qwen3:8b,ollama,,,,,,,,,,high,high_confidence_company_news,No,,,,,,final_freeze_2026-06-16,true,false,06_ratings\news_final_full\news_final_document_scores.csv,06_ratings\news_final_full\news_final_ratings_long.csv,2026-09-01T02:05:38+00:00
NEWS_PPB_2025_03_05_270cb8e52d,news,PPB Group Berhad,PPB,The Star,2025-03-05,PPB Group expects core business to continue delivering satisfactory performance in 2025,https://www.thestar.com.my/business/business-news/2025/03/05/ppb-group-expects-core-business-to-continue-delivering-satisfactory-performance-in-2025,,,,5,100.0,A,5,5,5,5,5,100.0,100.0,100.0,100.0,100.0,0,0,0,0,0,0,False,,initial,2026-06-15,qwen3:8b,ollama,,,,,,,,,,high,high_confidence_company_news,No,,,,,,final_freeze_2026-06-16,true,false,06_ratings\news_final_full\news_final_document_scores.csv,06_ratings\news_final_full\news_final_ratings_long.csv,2026-09-01T02:05:38+00:00
NEWS_PPB_2025_02_12_81559aea86,news,PPB Group Berhad,PPB,The Star,2025-02-12,Wilmar’s latest acquisition to bolster earnings,https://www.thestar.com.my/business/business-news/2025/02/12/wilmars-latest-acquisition-to-bolster-earnings,,,,5,82.5,B,5,4,4,4,4,100.0,75.0,75.0,75.0,75.0,0,0,0,0,0,0,False,,initial,2026-06-15,qwen3:8b,ollama,,,,,,,,,,low,low_confidence_company_news,Yes,weak_company_specific_context,,,,,final_freeze_2026-06-16,true,false,06_ratings\news_final_full\news_final_document_scores.csv,06_ratings\news_final_full\news_final_ratings_long.csv,2026-09-01T02:05:38+00:00
NEWS_PPB_2024_11_28_542e8052de,news,PPB Group Berhad,PPB,The Star,2024-11-28,PPB's 3Q net profit falls to RM208.12mil,https://www.thestar.com.my/business/business-news/2024/11/28/ppb039s-3q-net-profit-falls-to-rm20812mil,,,,5,100.0,A,5,5,5,5,5,100.0,100.0,100.0,100.0,100.0,0,0,0,0,0,0,False,,initial,2026-06-15,qwen3:8b,ollama,,,,,,,,,,high,high_confidence_company_news,No,,,,,,final_freeze_2026-06-16,true,false,06_ratings\news_final_full\news_final_document_scores.csv,06_ratings\news_final_full\news_final_ratings_long.csv,2026-09-01T02:05:38+00:00
NEWS_PPB_2024_09_06_37ef99cc5c,news,PPB Group Berhad,PPB,The Star,2024-09-06,Better prospects for plantation companies in 2H24,https://www.thestar.com.my/business/business-news/2024/09/06/better-prospects-for-plantation-companies-in-2h24,,,,5,85.0,A,5,4,4,4,5,100.0,75.0,75.0,75.0,100.0,0,0,0,0,0,0,False,,initial,2026-06-15,qwen3:8b,ollama,,,,,,,,,,low,low_confidence_company_news,Yes,weak_company_specific_context,,,,,final_freeze_2026-06-16,true,false,06_ratings\news_final_full\news_final_document_scores.csv,06_ratings\news_final_full\news_final_ratings_long.csv,2026-09-01T02:05:38+00:00
NEWS_PPB_2024_09_06_c0abc7d33f,news,PPB Group Berhad,PPB,The Star,2024-09-06,PPB expects uptick in consumer product ops,https://www.thestar.com.my/business/business-news/2024/09/06/ppb-expects-uptick-in-consumer-product-ops,,,,5,93.75,A,5,5,4,5,4,100.0,100.0,75.0,100.0,75.0,0,0,0,0,0,0,False,,initial,2026-06-15,qwen3:8b,ollama,,,,,,,,,,high,high_confidence_company_news,No,,,,,,final_freeze_2026-06-16,true,false,06_ratings\news_final_full\news_final_document_scores.csv,06_ratings\news_final_full\news_final_ratings_long.csv,2026-09-01T02:05:38+00:00
NEWS_PPB_2024_09_05_b64b39b6ec,news,PPB Group Berhad,PPB,The Star,2024-09-05,Higher yearly earnings for plantation companies,https://www.thestar.com.my/business/business-news/2024/09/05/higher-yearly-earnings-for-plantation-companies,,,,5,82.5,B,5,4,4,4,4,100.0,75.0,75.0,75.0,75.0,0,0,0,0,0,0,False,,initial,2026-06-15,qwen3:8b,ollama,,,,,,,,,,low,low_confidence_company_news,Yes,weak_company_specific_context,,,,,final_freeze_2026-06-16,true,false,06_ratings\news_final_full\news_final_document_scores.csv,06_ratings\news_final_full\news_final_ratings_long.csv,2026-09-01T02:05:38+00:00
NEWS_PPB_2024_08_30_013fe4fff4,news,PPB Group Berhad,PPB,The Star,2024-08-30,PPB Group quarterly earnings higher at RM309mil,https://www.thestar.com.my/business/business-news/2024/08/30/ppb-group-quarterly-earnings-higher-at-rm309mil,,,,5,100.0,A,5,5,5,5,5,100.0,100.0,100.0,100.0,100.0,0,0,0,0,0,0,False,,initial,2026-06-15,qwen3:8b,ollama,,,,,,,,,,high,high_confidence_company_news,No,,,,,,final_freeze_2026-06-16,true,false,06_ratings\news_final_full\news_final_document_scores.csv,06_ratings\news_final_full\news_final_ratings_long.csv,2026-09-01T02:05:38+00:00
NEWS_PPB_2024_08_29_3b94579d0a,news,PPB Group Berhad,PPB,The Star,2024-08-29,PPB Group 2Q net profit higher at RM308.919mil,https://www.thestar.com.my/business/business-news/2024/08/29/ppb-group-2q-net-profit-higher-at-rm308919mil,,,,5,100.0,A,5,5,5,5,5,100.0,100.0,100.0,100.0,100.0,0,0,0,0,0,0,False,,initial,2026-06-15,qwen3:8b,ollama,,,,,,,,,,high,high_confidence_company_news,No,,,,,,final_freeze_2026-06-16,true,false,06_ratings\news_final_full\news_final_document_scores.csv,06_ratings\news_final_full\news_final_ratings_long.csv,2026-09-01T02:05:38+00:00
NEWS_PPB_2024_08_15_76917e3c4c,news,PPB Group Berhad,PPB,The Star,2024-08-15,Softer earnings likely for PPB Group in 1H24,https://www.thestar.com.my/business/business-news/2024/08/15/softer-earnings-likely-for-ppb-group-in-1h24,,,,5,96.25,A,5,5,4,5,5,100.0,100.0,75.0,100.0,100.0,0,0,0,0,0,0,False,,initial,2026-06-15,qwen3:8b,ollama,,,,,,,,,,high,high_confidence_company_news,No,,,,,,final_freeze_2026-06-16,true,false,06_ratings\news_final_full\news_final_document_scores.csv,06_ratings\news_final_full\news_final_ratings_long.csv,2026-09-01T02:05:38+00:00
NEWS_PPB_2024_06_25_1f5058a240,news,PPB Group Berhad,PPB,The Star,2024-06-25,Toy library a treasure trove for B40 in Lembah Subang,https://www.thestar.com.my/metro/metro-news/2024/06/25/toy-library-a-treasure-trove-for-b40-in-lembah-subang,,,,5,100.0,A,5,5,5,5,5,100.0,100.0,100.0,100.0,100.0,0,0,0,0,0,0,False,,initial,2026-06-15,qwen3:8b,ollama,,,,,,,,,,low,low_confidence_company_news,Yes,weak_company_specific_context,,,,,final_freeze_2026-06-16,true,false,06_ratings\news_final_full\news_final_document_scores.csv,06_ratings\news_final_full\news_final_ratings_long.csv,2026-09-01T02:05:38+00:00
NEWS_PPB_2024_06_19_90873d2b58,news,PPB Group Berhad,PPB,The Star,2024-06-19,Techbond in the spotlight,https://www.thestar.com.my/business/business-news/2024/06/19/techbond-in-the-spotlight,,,,5,87.5,A,5,4,4,5,4,100.0,75.0,75.0,100.0,75.0,0,0,0,0,0,0,False,,initial,2026-06-15,qwen3:8b,ollama,,,,,,,,,,low,low_confidence_company_news,Yes,weak_company_specific_context,,,,,final_freeze_2026-06-16,true,false,06_ratings\news_final_full\news_final_document_scores.csv,06_ratings\news_final_full\news_final_ratings_long.csv,2026-09-01T02:05:38+00:00
NEWS_PPB_2024_06_11_be261e3503,news,PPB Group Berhad,PPB,The Star,2024-06-11,Muted near-term downstream earnings likely for planters,https://www.thestar.com.my/business/business-news/2024/06/11/muted-near-term-downstream-earnings-likely-for-planters,,,,5,82.5,B,5,4,4,4,4,100.0,75.0,75.0,75.0,75.0,0,0,0,0,0,0,False,,initial,2026-06-15,qwen3:8b,ollama,,,,,,,,,,low,low_confidence_company_news,Yes,weak_company_specific_context,,,,,final_freeze_2026-06-16,true,false,06_ratings\news_final_full\news_final_document_scores.csv,06_ratings\news_final_full\news_final_ratings_long.csv,2026-09-01T02:05:38+00:00
NEWS_PPB_2024_06_04_85c6d017d5,news,PPB Group Berhad,PPB,The Star,2024-06-04,Brighter prospects for PPB Group on China recovery,https://www.thestar.com.my/business/business-news/2024/06/04/brighter-prospects-for-ppb-group-on-china-recovery,,,,5,96.25,A,5,5,4,5,5,100.0,100.0,75.0,100.0,100.0,0,0,0,0,0,0,False,,initial,2026-06-15,qwen3:8b,ollama,,,,,,,,,,high,high_confidence_company_news,No,,,,,,final_freeze_2026-06-16,true,false,06_ratings\news_final_full\news_final_document_scores.csv,06_ratings\news_final_full\news_final_ratings_long.csv,2026-09-01T02:05:38+00:00
NEWS_PPB_2024_06_04_c7ed71f649,news,PPB Group Berhad,PPB,The Star,2024-06-04,High expectations for corporate earnings,https://www.thestar.com.my/business/business-news/2024/06/04/high-expectations--for-corporate-earnings,,,,5,82.5,B,5,4,4,4,4,100.0,75.0,75.0,75.0,75.0,0,0,0,0,0,0,False,,initial,2026-06-15,qwen3:8b,ollama,,,,,,,,,,low,low_confidence_company_news,Yes,stock_market_roundup_list_only,,,,,final_freeze_2026-06-16,true,false,06_ratings\news_final_full\news_final_document_scores.csv,06_ratings\news_final_full\news_final_ratings_long.csv,2026-09-01T02:05:38+00:00
NEWS_PPB_2024_05_30_4398a6b842,news,PPB Group Berhad,PPB,The Star,2024-05-30,PPB posts lower net profit of RM337.17mil in 1Q,https://www.thestar.com.my/business/business-news/2024/05/30/ppb-posts-lower-net-profit-of-rm33717mil-in-1q,,,,5,96.25,A,5,5,4,5,5,100.0,100.0,75.0,100.0,100.0,0,0,0,0,0,0,False,,initial,2026-06-15,qwen3:8b,ollama,,,,,,,,,,high,high_confidence_company_news,No,,,,,,final_freeze_2026-06-16,true,false,06_ratings\news_final_full\news_final_document_scores.csv,06_ratings\news_final_full\news_final_ratings_long.csv,2026-09-01T02:05:38+00:00
NEWS_PPB_2024_03_20_e106615fa1,news,PPB Group Berhad,PPB,The Star,2024-03-20,Mixed outlook for plantations on downstream margin drag,https://www.thestar.com.my/business/business-news/2024/03/20/mixed-outlook-for-plantations-on-downstream-margin-drag,,,,5,82.5,B,5,4,4,4,4,100.0,75.0,75.0,75.0,75.0,0,0,0,0,0,0,False,,initial,2026-06-15,qwen3:8b,ollama,,,,,,,,,,low,low_confidence_company_news,Yes,weak_company_specific_context,,,,,final_freeze_2026-06-16,true,false,06_ratings\news_final_full\news_final_document_scores.csv,06_ratings\news_final_full\news_final_ratings_long.csv,2026-09-01T02:05:38+00:00
NEWS_PPB_2024_03_07_9a5d462dbc,news,PPB Group Berhad,PPB,The Star,2024-03-07,"PPB to spend RM419mil on flour, feed milling unit",https://www.thestar.com.my/business/business-news/2024/03/07/ppb-to-spend-rm419mil-on-flour-feed-milling-unit,,,,5,96.25,A,5,5,4,5,5,100.0,100.0,75.0,100.0,100.0,0,0,0,0,0,0,False,,initial,2026-06-15,qwen3:8b,ollama,,,,,,,,,,high,high_confidence_company_news,No,,,,,,final_freeze_2026-06-16,true,false,06_ratings\news_final_full\news_final_document_scores.csv,06_ratings\news_final_full\news_final_ratings_long.csv,2026-09-01T02:05:38+00:00
NEWS_SPRITZER_2026_01_01_29fb9054f6,news,SPRITZER,SPRITZER,The Star,2026-01-01,SupportLine,https://www.thestar.com.my/business/business-news/2026/01/01/supportline,,,,5,40.0,D,4,2,2,2,2,75.0,25.0,25.0,25.0,25.0,0,0,0,0,0,0,False,,initial,2026-06-15,qwen3:8b,ollama,,,,,,,,,,low,low_confidence_company_news,Yes,weak_company_specific_context,,,,,final_freeze_2026-06-16,true,false,06_ratings\news_final_full\news_final_document_scores.csv,06_ratings\news_final_full\news_final_ratings_long.csv,2026-09-01T02:05:38+00:00
NEWS_SPRITZER_2025_12_19_5cfa1fd486,news,SPRITZER,SPRITZER,The Star,2025-12-19,"Tourism, policy support to boost consumer sector",https://www.thestar.com.my/business/business-news/2025/12/19/tourism-policy-support-to-boost-consumer-sector,,,,5,82.5,B,5,4,4,4,4,100.0,75.0,75.0,75.0,75.0,0,0,0,0,0,0,False,,initial,2026-06-15,qwen3:8b,ollama,,,,,,,,,,low,low_confidence_company_news,Yes,weak_company_specific_context,,,,,final_freeze_2026-06-16,true,false,06_ratings\news_final_full\news_final_document_scores.csv,06_ratings\news_final_full\news_final_ratings_long.csv,2026-09-01T02:05:38+00:00
NEWS_SPRITZER_2025_12_05_51db7c5d1a,news,SPRITZER,SPRITZER,The Star,2025-12-05,Opportunity for investors to profit from Spritzer,https://www.thestar.com.my/business/business-news/2025/12/05/opportunity-for-investors-to-profit-from-spritzer,,,,5,93.75,A,5,5,4,5,4,100.0,100.0,75.0,100.0,75.0,0,0,0,0,0,0,False,,initial,2026-06-15,qwen3:8b,ollama,,,,,,,,,,high,high_confidence_company_news,No,,,,,,final_freeze_2026-06-16,true,false,06_ratings\news_final_full\news_final_document_scores.csv,06_ratings\news_final_full\news_final_ratings_long.csv,2026-09-01T02:05:38+00:00
NEWS_SPRITZER_2025_11_14_13ba2ae89f,news,SPRITZER,SPRITZER,The Star,2025-11-14,Inbound tourists to bring growth along for the ride,https://www.thestar.com.my/business/business-news/2025/11/14/inbound-tourists-to-bring-growth-along-for-the-ride,,,,5,87.5,A,5,4,4,5,4,100.0,75.0,75.0,100.0,75.0,0,0,0,0,0,0,False,,initial,2026-06-15,qwen3:8b,ollama,,,,,,,,,,low,low_confidence_company_news,Yes,weak_company_specific_context,,,,,final_freeze_2026-06-16,true,false,06_ratings\news_final_full\news_final_document_scores.csv,06_ratings\news_final_full\news_final_ratings_long.csv,2026-09-01T02:05:38+00:00
NEWS_SPRITZER_2025_10_01_77c6d3d985,news,SPRITZER,SPRITZER,The Star,2025-10-01,Retail growth to remain resilient with subsidies,https://www.thestar.com.my/business/business-news/2025/10/01/retail-growth-to-remain-resilient-with-subsidies,,,,5,87.5,A,5,4,4,5,4,100.0,75.0,75.0,100.0,75.0,0,0,0,0,0,0,False,,initial,2026-06-15,qwen3:8b,ollama,,,,,,,,,,low,low_confidence_company_news,Yes,sponsor_list_or_csr_only,,,,,final_freeze_2026-06-16,true,false,06_ratings\news_final_full\news_final_document_scores.csv,06_ratings\news_final_full\news_final_ratings_long.csv,2026-09-01T02:05:38+00:00
NEWS_SPRITZER_2025_09_11_1b0940a58d,news,SPRITZER,SPRITZER,The Star,2025-09-11,Switch to value stocks holds investor potential,https://www.thestar.com.my/business/business-news/2025/09/11/switch-to-value-stocks-holds-investor-potential,,,,5,82.5,B,5,4,4,4,4,100.0,75.0,75.0,75.0,75.0,0,0,0,0,0,0,False,,initial,2026-06-15,qwen3:8b,ollama,,,,,,,,,,low,low_confidence_company_news,Yes,sponsor_list_or_csr_only,,,,,final_freeze_2026-06-16,true,false,06_ratings\news_final_full\news_final_document_scores.csv,06_ratings\news_final_full\news_final_ratings_long.csv,2026-09-01T02:05:38+00:00
NEWS_SPRITZER_2025_08_29_069113b9dc,news,SPRITZER,SPRITZER,The Star,2025-08-29,Strong 2Q25 performance positions Spritzer for gains,https://www.thestar.com.my/business/business-news/2025/08/29/strong-2q25-performance-positions-spritzer-for-gains,,,,5,100.0,A,5,5,5,5,5,100.0,100.0,100.0,100.0,100.0,0,0,0,0,0,0,False,,initial,2026-06-15,qwen3:8b,ollama,,,,,,,,,,high,high_confidence_company_news,No,,,,,,final_freeze_2026-06-16,true,false,06_ratings\news_final_full\news_final_document_scores.csv,06_ratings\news_final_full\news_final_ratings_long.csv,2026-09-01T02:05:38+00:00
NEWS_SPRITZER_2025_06_19_a751838def,news,SPRITZER,SPRITZER,The Star,2025-06-19,Consumer staples favourable amid expanded SST,https://www.thestar.com.my/business/business-news/2025/06/19/consumer-staples-favourable-amid-expanded-sst,,,,5,87.5,A,5,4,4,5,4,100.0,75.0,75.0,100.0,75.0,0,0,0,0,0,0,False,,initial,2026-06-15,qwen3:8b,ollama,,,,,,,,,,low,low_confidence_company_news,Yes,weak_company_specific_context,,,,,final_freeze_2026-06-16,true,false,06_ratings\news_final_full\news_final_document_scores.csv,06_ratings\news_final_full\news_final_ratings_long.csv,2026-09-01T02:05:38+00:00
NEWS_SPRITZER_2025_06_19_2524a9463e,news,SPRITZER,SPRITZER,The Star,2025-06-19,SupportLine,https://www.thestar.com.my/business/business-news/2025/06/19/supportline,,,,5,57.5,C,4,2,4,4,2,75.0,25.0,75.0,75.0,25.0,0,0,0,0,0,0,False,,initial,2026-06-15,qwen3:8b,ollama,,,,,,,,,,low,low_confidence_company_news,Yes,weak_company_specific_context,,,,,final_freeze_2026-06-16,true,false,06_ratings\news_final_full\news_final_document_scores.csv,06_ratings\news_final_full\news_final_ratings_long.csv,2026-09-01T02:05:38+00:00
NEWS_SPRITZER_2025_04_16_1dd4fe73e3,news,SPRITZER,SPRITZER,The Star,2025-04-16,Life Water targets high-capacity expansion,https://www.thestar.com.my/business/business-news/2025/04/16/life-water-targets-high-capacity-expansion,,,,5,87.5,A,5,4,4,5,4,100.0,75.0,75.0,100.0,75.0,0,0,0,0,0,0,False,,initial,2026-06-15,qwen3:8b,ollama,,,,,,,,,,low,low_confidence_company_news,Yes,weak_company_specific_context,,,,,final_freeze_2026-06-16,true,false,06_ratings\news_final_full\news_final_document_scores.csv,06_ratings\news_final_full\news_final_ratings_long.csv,2026-09-01T02:05:38+00:00
NEWS_SPRITZER_2025_03_19_8da837678a,news,SPRITZER,SPRITZER,The Star,2025-03-19,Consumer sector poised to capitalise on tourism windfall,https://www.thestar.com.my/business/business-news/2025/03/19/consumer-sector-poised-to-capitalise-on-tourism-windfall,,,,5,93.75,A,5,4,5,5,5,100.0,75.0,100.0,100.0,100.0,0,0,0,0,0,0,False,,initial,2026-06-15,qwen3:8b,ollama,,,,,,,,,,low,low_confidence_company_news,Yes,weak_company_specific_context,,,,,final_freeze_2026-06-16,true,false,06_ratings\news_final_full\news_final_document_scores.csv,06_ratings\news_final_full\news_final_ratings_long.csv,2026-09-01T02:05:38+00:00
NEWS_SPRITZER_2025_02_19_6e3a70e56b,news,SPRITZER,SPRITZER,The Star,2025-02-19,Rising tourism brightens consumer sector outlook,https://www.thestar.com.my/business/business-news/2025/02/19/rising-tourism-brightens-consumer-sector-outlook,,,,5,90.0,A,5,4,4,5,5,100.0,75.0,75.0,100.0,100.0,0,0,0,0,0,0,False,,initial,2026-06-15,qwen3:8b,ollama,,,,,,,,,,low,low_confidence_company_news,Yes,weak_company_specific_context,,,,,final_freeze_2026-06-16,true,false,06_ratings\news_final_full\news_final_document_scores.csv,06_ratings\news_final_full\news_final_ratings_long.csv,2026-09-01T02:05:38+00:00
NEWS_SPRITZER_2024_12_04_989e7aaf2a,news,SPRITZER,SPRITZER,The Star,2024-12-04,Higher production capacity to buoy Spritzer showing,https://www.thestar.com.my/business/business-news/2024/12/04/higher-production-capacity-to-buoy-spritzer-showing,,,,5,100.0,A,5,5,5,5,5,100.0,100.0,100.0,100.0,100.0,0,0,0,0,0,0,False,,initial,2026-06-15,qwen3:8b,ollama,,,,,,,,,,high,high_confidence_company_news,No,,,,,,final_freeze_2026-06-16,true,false,06_ratings\news_final_full\news_final_document_scores.csv,06_ratings\news_final_full\news_final_ratings_long.csv,2026-09-01T02:05:38+00:00
NEWS_SPRITZER_2024_11_14_d25845d8ea,news,SPRITZER,SPRITZER,The Star,2024-11-14,Spritzer’s sparkling potential undervalued by market,https://www.thestar.com.my/business/business-news/2024/11/14/spritzers-sparkling-potential-undervalued-by-market,,,,5,96.25,A,5,5,4,5,5,100.0,100.0,75.0,100.0,100.0,0,0,0,0,0,0,False,,initial,2026-06-15,qwen3:8b,ollama,,,,,,,,,,high,high_confidence_company_news,No,,,,,,final_freeze_2026-06-16,true,false,06_ratings\news_final_full\news_final_document_scores.csv,06_ratings\news_final_full\news_final_ratings_long.csv,2026-09-01T02:05:38+00:00
