document_id,ticker,company_name,title,source_name,publish_date,url,relevance_status,confidence_tier,main_model_include_flag,company_focus_status,suspect_not_company_focused,company_focus_reason,strict_main_sample_include,title_focus_alias_hits,lead_focus_alias_hits,filter_mode,filter_version
NEWS_AJI_2025_10_31_7b3ecf05e3,AJI,Ajinomoto,Trapper Group continues to lead,The Star,2025-10-31,https://www.thestar.com.my/news/nation/2025/10/31/trapper-group-continues-to-lead,low_confidence_company_news,low,Yes,suspect_not_company_focused,Yes,no_title_or_lead_company_alias,No,,,manual_preserve,manual_preserve_v1
NEWS_AJI_2025_08_08_884ebf5716,AJI,Ajinomoto,KLCI edges higher at midday on selective buying in heavyweights,The Star,2025-08-08,https://www.thestar.com.my/business/business-news/2025/08/08/klci-edges-higher-at-midday-on-selective-buying-in-heavyweights,low_confidence_company_news,low,Yes,suspect_not_company_focused,Yes,sponsor_list_or_csr_only,No,,,manual_preserve,manual_preserve_v1
NEWS_AJI_2024_05_08_a162563c71,AJI,Ajinomoto,"KLCI dips on profit taking, stays firmly above 1,600 level",The Star,2024-05-08,https://www.thestar.com.my/business/business-news/2024/05/08/klci-dips-on-profit-taking-stays-firmly-above-1600-level,low_confidence_company_news,low,Yes,suspect_not_company_focused,Yes,stock_market_roundup_list_only,No,,Ajinomoto,manual_preserve,manual_preserve_v1
NEWS_AJI_2024_05_02_3f6eeb6732,AJI,Ajinomoto,Ajinomoto declares special dividend of RM2.12 from land sale,The Star,2024-05-02,https://www.thestar.com.my/business/business-news/2024/05/02/ajinomoto-declares-special-dividend-of-rm212-from-land-sale,high_confidence_company_news,high,Yes,company_focused,No,title_alias_with_company_operating_context,Yes,Ajinomoto,Ajinomoto,manual_preserve,manual_preserve_v1
NEWS_APOLLO_2025_12_17_7a9557bbbc,APOLLO,Apollo,Apollo Food quarterly revenue at RM75mil,The Star,2025-12-17,https://www.thestar.com.my/business/business-news/2025/12/17/apollo-food-quarterly-revenue-at-rm75mil,high_confidence_company_news,high,Yes,company_focused,No,title_alias_with_company_operating_context,Yes,Apollo Food,Apollo Food,manual_preserve,manual_preserve_v1
NEWS_APOLLO_2025_09_24_5f02449853,APOLLO,Apollo,Apollo on track to strengthen distribution model,The Star,2025-09-24,https://www.thestar.com.my/business/business-news/2025/09/24/apolloon-track-to-strengthen-distribution-model,high_confidence_company_news,high,Yes,company_focused,No,lead_alias_with_company_operating_context,Yes,,Apollo Food,manual_preserve,manual_preserve_v1
NEWS_APOLLO_2025_06_18_7483b10d6f,APOLLO,Apollo,Apollo Food ends FY25 on a high note,The Star,2025-06-18,https://www.thestar.com.my/business/business-news/2025/06/18/apollo-food-ends-fy25-on-a-high-note,high_confidence_company_news,high,Yes,company_focused,No,title_alias_with_company_operating_context,Yes,Apollo Food,Apollo Food,manual_preserve,manual_preserve_v1
NEWS_APOLLO_2025_03_14_3941c02132,APOLLO,Apollo,Apollo Food 3Q revenue up to RM76mil,The Star,2025-03-14,https://www.thestar.com.my/business/business-news/2025/03/14/apollo-food-3q-revenue-up-to-rm76mil,high_confidence_company_news,high,Yes,company_focused,No,title_alias_with_company_operating_context,Yes,Apollo Food,Apollo Food,manual_preserve,manual_preserve_v1
NEWS_APOLLO_2025_03_13_f3f6e8defa,APOLLO,Apollo,Apollo Food stays cautious amid raw material price volatility,The Star,2025-03-13,https://www.thestar.com.my/business/business-news/2025/03/13/apollo-food-stays-cautious-amid-raw-material-price-volatility,high_confidence_company_news,high,Yes,company_focused,No,title_alias_with_company_operating_context,Yes,Apollo Food,Apollo Food,manual_preserve,manual_preserve_v1
NEWS_APOLLO_2024_12_05_af7f8e3a9d,APOLLO,Apollo,Apollo Food to mitigate rising cost,The Star,2024-12-05,https://www.thestar.com.my/business/business-news/2024/12/05/apollo-food-to-mitigate-rising-cost,high_confidence_company_news,high,Yes,company_focused,No,title_alias_with_company_operating_context,Yes,Apollo Food,Apollo Food,manual_preserve,manual_preserve_v1
NEWS_APOLLO_2024_12_04_40774629ea,APOLLO,Apollo,Apollo Food registers higher net profit of RM10.62mil in 2Q,The Star,2024-12-04,https://www.thestar.com.my/business/business-news/2024/12/04/apollo-food-registers-higher-net-profit-of-rm1062mil-in-2q,high_confidence_company_news,high,Yes,company_focused,No,title_alias_with_company_operating_context,Yes,Apollo Food,Apollo Food,manual_preserve,manual_preserve_v1
NEWS_APOLLO_2024_06_13_6fae37e79e,APOLLO,Apollo,Apollo’s net profit jumps 70% to RM53.8mil in FY24,The Star,2024-06-13,https://www.thestar.com.my/business/business-news/2024/06/13/apollos-net-profit-jumps-70-to-rm538mil-in-fy24,high_confidence_company_news,high,Yes,company_focused,No,lead_alias_with_company_operating_context,Yes,,Apollo Food,manual_preserve,manual_preserve_v1
NEWS_APOLLO_2024_03_20_80c1e51215,APOLLO,Apollo,Apollo Food to address shareholding spread,The Star,2024-03-20,https://www.thestar.com.my/business/business-news/2024/03/20/apollo-food-to-address-shareholding-spread,low_confidence_company_news,low,Yes,company_focused,No,title_alias_with_company_operating_context,Yes,Apollo Food,Apollo Food,manual_preserve,manual_preserve_v1
NEWS_APOLLO_2024_03_20_135b27aed9,APOLLO,Apollo,Investors take cautious approach as US rate decision looms,The Star,2024-03-20,https://www.thestar.com.my/business/business-news/2024/03/20/investors-take-cautious-approach-as-us-rate-decision-looms,low_confidence_company_news,low,Yes,suspect_not_company_focused,Yes,stock_market_roundup_list_only,No,,,manual_preserve,manual_preserve_v1
NEWS_APOLLO_2024_03_19_ac1666c08d,APOLLO,Apollo,"Profit-taking in the market, KLCI down 8.68 points",The Star,2024-03-19,https://www.thestar.com.my/business/business-news/2024/03/19/profit-taking-in-the-market-klci-down-868-points,low_confidence_company_news,low,Yes,suspect_not_company_focused,Yes,stock_market_roundup_list_only,No,,Apollo Food,manual_preserve,manual_preserve_v1
NEWS_APOLLO_2024_03_20_6608331c4a,APOLLO,Apollo,Banks lead Bursa blue-chips lower,The Star,2024-03-20,https://www.thestar.com.my/business/business-news/2024/03/20/banks-lead-bursa-blue-chips-lower,low_confidence_company_news,low,Yes,suspect_not_company_focused,Yes,stock_market_roundup_list_only,No,,,manual_preserve,manual_preserve_v1
NEWS_CARLSBG_2025_06_26_768e2d1e41,CARLSBG,Carlsberg Brewery Malaysia Berhad,A toast to diversity,The Star,2025-06-26,https://www.thestar.com.my/starpicks/2025/06/26/a-toast-to-diversity,high_confidence_company_news,high,Yes,company_focused,No,lead_alias_with_company_operating_context,Yes,,Carlsberg Brewery Malaysia Berhad|Carlsberg Brewery|Carlsberg Malaysia|Carlsberg,manual_preserve,manual_preserve_v1
NEWS_FFB_2025_08_28_227fccdd6a,FFB,FarmFresh,Negeri Sembilan lifts nearly 30% of poor households out of poverty,The Star,2025-08-28,https://www.thestar.com.my/news/nation/2025/08/28/negeri-sembilan-lifts-nearly-30-of-poor-households-out-of-poverty,low_confidence_company_news,low,Yes,suspect_not_company_focused,Yes,insufficient_company_operating_context,No,,Farm Fresh Berhad|Farm Fresh,manual_preserve,manual_preserve_v1
NEWS_FFB_2025_07_06_69d9a8cfbc,FFB,FarmFresh,"‘Form Six, not a last resort’",The Star,2025-07-06,https://www.thestar.com.my/news/education/2025/07/06/form-six-not-a-last-resort,low_confidence_company_news,low,Yes,suspect_not_company_focused,Yes,no_title_or_lead_company_alias,No,,,manual_preserve,manual_preserve_v1
NEWS_FFB_2024_11_29_52934062fa,FFB,FarmFresh,Farm Fresh wins Brand of the Year in dairy for the second time,The Star,2024-11-29,https://www.thestar.com.my/news/nation/2024/11/29/farm-fresh-wins-brand-of-the-year-in-dairy-for-the-second-time,high_confidence_company_news,high,Yes,company_focused,No,title_alias_with_company_operating_context,Yes,Farm Fresh,Farm Fresh Berhad|Farm Fresh,manual_preserve,manual_preserve_v1
NEWS_FFB_2024_03_25_6d7e0b33b8,FFB,FarmFresh,Nurturing a community of empowered mothers,The Star,2024-03-25,https://www.thestar.com.my/metro/metro-news/2024/03/25/nurturing-a-community-of-empowered-mothers,high_confidence_company_news,high,Yes,suspect_not_company_focused,Yes,soft_csr_lifestyle_or_event_story,No,,Farm Fresh Berhad|Farm Fresh,manual_preserve,manual_preserve_v1
NEWS_GCB_2024_10_10_760f239c42,GCB,Guan Chong Berhad,Analysts positive on Guan Chong's growth prospects following Ivory Coast acquisition,The Star,2024-10-10,https://www.thestar.com.my/business/business-news/2024/10/10/analysts-positive-on-guan-chong039s-growth-prospects-following-ivory-coast-acquisition,high_confidence_company_news,high,Yes,company_focused,No,title_alias_with_company_operating_context,Yes,Guan Chong,Guan Chong,manual_preserve,manual_preserve_v1
NEWS_GCB_2024_10_09_d838cb0e39,GCB,Guan Chong Berhad,Guan Chong plans purchase of 25% equity in Ivory Coast cocoa processor,The Star,2024-10-09,https://www.thestar.com.my/business/business-news/2024/10/09/guan-chong-plans-purchase-of-25-equity-in-ivory-coast-cocoa-processor,high_confidence_company_news,high,Yes,company_focused,No,title_alias_with_company_operating_context,Yes,Guan Chong,Guan Chong,manual_preserve,manual_preserve_v1
NEWS_HEIM_2024_10_30_de348b2301,HEIM,Heineken,"Tipsy-Turvy Quick Shots: Scotch for a cause, cognac craft, peachy beer",The Star,2024-10-30,https://www.thestar.com.my/lifestyle/living/tipsy-turvy/2024/10/30/tipsy-turvy-quick-shots-scotch-for-a-cause-cognac-craft-peachy-beer,low_confidence_company_news,low,Yes,suspect_not_company_focused,Yes,no_title_or_lead_company_alias,No,,,manual_preserve,manual_preserve_v1
NEWS_KAWAN_2025_05_02_cf4c3b6730,KAWAN,Kawan Food,Malaysia’s halal product exports up 15% to RM62bil last year,The Star,2025-05-02,https://www.thestar.com.my/business/business-news/2025/05/02/malaysias-halal-product-exports-up-15-to-rm62bil-last-year,low_confidence_company_news,low,Yes,suspect_not_company_focused,Yes,no_title_or_lead_company_alias,No,,,manual_preserve,manual_preserve_v1
NEWS_KAWAN_2025_05_01_8618bad820,KAWAN,Kawan Food,Malaysia’s halal product exports up 15% to RM61.79bil in 2024,The Star,2025-05-01,https://www.thestar.com.my/business/business-news/2025/05/01/malaysias-halal-product-exports-up-15-to-rm6179bil-in-2024,low_confidence_company_news,low,Yes,suspect_not_company_focused,Yes,no_title_or_lead_company_alias,No,,,manual_preserve,manual_preserve_v1
NEWS_KAWAN_2024_10_17_73ac524c0a,KAWAN,Kawan Food,Lim Hun Soon is chairman of Kawan Food,The Star,2024-10-17,https://www.thestar.com.my/business/business-news/2024/10/17/lim-hun-soon-is-chairman-of-kawan-food,low_confidence_company_news,low,Yes,company_focused,No,title_alias_with_company_operating_context,Yes,Kawan Food,Kawan Food,manual_preserve,manual_preserve_v1
NEWS_KAWAN_2024_08_22_df0cfefb2c,KAWAN,Kawan Food,Kawan benefitting from strong foreign demand,The Star,2024-08-22,https://www.thestar.com.my/business/business-news/2024/08/22/kawan-benefitting-from-strong-foreign-demand,high_confidence_company_news,high,Yes,company_focused,No,lead_alias_with_company_operating_context,Yes,,Kawan Food,manual_preserve,manual_preserve_v1
NEWS_LOTUS_2024_11_29_b667d9d01f,LOTUS,Lotus KFM Berhad,Lotus KFM eyes growth with bioenergy and plantation ventures,The Star,2024-11-29,https://www.thestar.com.my/business/business-news/2024/11/29/lotus-kfm-eyes-growth-with-bioenergy-and-plantation-ventures,low_confidence_company_news,low,Yes,suspect_not_company_focused,Yes,sponsor_list_or_csr_only,No,Lotus KFM,Lotus KFM,manual_preserve,manual_preserve_v1
NEWS_MSM_2025_11_28_908d08456a,MSM,MSM Malaysia Holdings Berhad,MSM Malaysia says low raw sugar prices bolster 2026 prospects,The Star,2025-11-28,https://www.thestar.com.my/business/business-news/2025/11/28/msm-malaysia-says-low-raw-sugar-prices-bolster-2026-prospects,high_confidence_company_news,high,Yes,company_focused,No,title_alias_with_company_operating_context,Yes,MSM Malaysia,MSM Malaysia,manual_preserve,manual_preserve_v1
NEWS_MSM_2025_09_18_bba3204f63,MSM,MSM Malaysia Holdings Berhad,Felda: Abolish permits for refined sugar,The Star,2025-09-18,https://www.thestar.com.my/news/nation/2025/09/18/felda-abolish-permits-for-refined-sugar,low_confidence_company_news,low,Yes,company_focused,No,lead_alias_with_company_operating_context,Yes,,MSM Malaysia Holdings Berhad|MSM Malaysia,manual_preserve,manual_preserve_v1
NEWS_MSM_2025_09_11_d997c2e9df,MSM,MSM Malaysia Holdings Berhad,Switch to value stocks holds investor potential,The Star,2025-09-11,https://www.thestar.com.my/business/business-news/2025/09/11/switch-to-value-stocks-holds-investor-potential,low_confidence_company_news,low,Yes,suspect_not_company_focused,Yes,sponsor_list_or_csr_only,No,,,manual_preserve,manual_preserve_v1
NEWS_MSM_2025_07_03_50b881c980,MSM,MSM Malaysia Holdings Berhad,MSM appoints new acting group CEO,The Star,2025-07-03,https://www.thestar.com.my/business/business-news/2025/07/03/msm-appoints-new-acting-group-ceo,low_confidence_company_news,low,Yes,company_focused,No,lead_alias_with_company_operating_context,Yes,,MSM Malaysia,manual_preserve,manual_preserve_v1
NEWS_MSM_2025_07_02_5b7f705160,MSM,MSM Malaysia Holdings Berhad,MSM appoints Hasni Ahmad as acting CEO following Syed Feizal’s resignation,The Star,2025-07-02,https://www.thestar.com.my/business/business-news/2025/07/02/msm-appoints-hasni-ahmad-as-acting-ceo-following-syed-feizals-resignation,low_confidence_company_news,low,Yes,suspect_not_company_focused,Yes,insufficient_company_operating_context,No,,MSM Malaysia,manual_preserve,manual_preserve_v1
NEWS_MSM_2025_06_20_60bfc7df84,MSM,MSM Malaysia Holdings Berhad,"Refined sugar to stay tax-exempt, says Finance Ministry",The Star,2025-06-20,https://www.thestar.com.my/news/nation/2025/06/20/refined-sugar-to-stay-tax-exempt-says-finance-ministry,high_confidence_company_news,high,Yes,company_focused,No,lead_alias_with_company_operating_context,Yes,,MSM Malaysia Holdings Berhad|MSM Malaysia,manual_preserve,manual_preserve_v1
NEWS_MSM_2025_06_20_ee796bcae3,MSM,MSM Malaysia Holdings Berhad,MSM Malaysia aims to increase export volumes,The Star,2025-06-20,https://www.thestar.com.my/business/business-news/2025/06/20/msm-malaysia-aims-to-increase-export-volumes,high_confidence_company_news,high,Yes,company_focused,No,title_alias_with_company_operating_context,Yes,MSM Malaysia,MSM Malaysia,manual_preserve,manual_preserve_v1
NEWS_MSM_2025_06_19_1ebde10200,MSM,MSM Malaysia Holdings Berhad,MSM reiterates call for tariff to curb dumping of imported sugar,The Star,2025-06-19,https://www.thestar.com.my/business/business-news/2025/06/19/msm-reiterates-call-for-tariff-to-curb-dumping-of-imported-sugar,low_confidence_company_news,low,Yes,company_focused,No,lead_alias_with_company_operating_context,Yes,,MSM Malaysia,manual_preserve,manual_preserve_v1
NEWS_MSM_2025_03_20_3508a07a0e,MSM,MSM Malaysia Holdings Berhad,"MSM plans Tg Langsat as sugar export hub, eyes new markets",The Star,2025-03-20,https://www.thestar.com.my/business/business-news/2025/03/20/msm-plans-tg-langsat-as-sugar-export-hub-eyes-new-markets,high_confidence_company_news,high,Yes,company_focused,No,lead_alias_with_company_operating_context,Yes,,MSM Malaysia,manual_preserve,manual_preserve_v1
NEWS_MSM_2024_08_29_999c6cd4ed,MSM,MSM Malaysia Holdings Berhad,FGV on track for a better 2H on rising production,The Star,2024-08-29,https://www.thestar.com.my/business/business-news/2024/08/29/fgv-on-track-for-a-better-2h-on-rising-production,low_confidence_company_news,low,Yes,suspect_not_company_focused,Yes,sponsor_list_or_csr_only,No,,,manual_preserve,manual_preserve_v1
NEWS_MSM_2024_08_23_14b0cd98e7,MSM,MSM Malaysia Holdings Berhad,MSM to strengthen domestic sales,The Star,2024-08-23,https://www.thestar.com.my/business/business-news/2024/08/23/msm-to-strengthen-domestic-sales,high_confidence_company_news,high,Yes,company_focused,No,lead_alias_with_company_operating_context,Yes,,MSM Malaysia,manual_preserve,manual_preserve_v1
NEWS_MSM_2024_08_22_7db1515566,MSM,MSM Malaysia Holdings Berhad,MSM posts bigger loss in 2Q,The Star,2024-08-22,https://www.thestar.com.my/business/business-news/2024/08/22/msm-posts-bigger-loss-in-2q,high_confidence_company_news,high,Yes,company_focused,No,lead_alias_with_company_operating_context,Yes,,MSM Malaysia,manual_preserve,manual_preserve_v1
NEWS_MSM_2024_06_06_16d8068e4d,MSM,MSM Malaysia Holdings Berhad,"MSM Malaysia to continue managing sugar price hedging, looks forward to new mechanism",The Star,2024-06-06,https://www.thestar.com.my/business/business-news/2024/06/06/msm-malaysia-to-continue-managing-sugar-price-hedging-looks-forward-to-new-mechanism,high_confidence_company_news,high,Yes,company_focused,No,title_alias_with_company_operating_context,Yes,MSM Malaysia,MSM Malaysia,manual_preserve,manual_preserve_v1
NEWS_MSM_2024_05_23_2dda81547f,MSM,MSM Malaysia Holdings Berhad,MSM Malaysia registers 1Q net profit of RM41.71mil on improved margins,The Star,2024-05-23,https://www.thestar.com.my/business/business-news/2024/05/23/msm-malaysia-registers-1q-net-profit-of-rm4171mil-on-improved-margins,high_confidence_company_news,high,Yes,company_focused,No,title_alias_with_company_operating_context,Yes,MSM Malaysia,MSM Malaysia,manual_preserve,manual_preserve_v1
NEWS_MSM_2024_04_04_648fba36a4,MSM,MSM Malaysia Holdings Berhad,MSM on track for sweeter bottom line,The Star,2024-04-04,https://www.thestar.com.my/business/business-news/2024/04/04/msm-on-track-for-sweeter-bottom-line,high_confidence_company_news,high,Yes,company_focused,No,lead_alias_with_company_operating_context,Yes,,MSM Malaysia,manual_preserve,manual_preserve_v1
NEWS_MSM_2024_04_03_a72ab8d0fd,MSM,MSM Malaysia Holdings Berhad,FGV targets submission of petition to US customs by end-June,The Star,2024-04-03,https://www.thestar.com.my/business/business-news/2024/04/03/fgv-targets-submission-of-petition-to-us-customs-by-end-june,low_confidence_company_news,low,Yes,suspect_not_company_focused,Yes,no_title_or_lead_company_alias,No,,,manual_preserve,manual_preserve_v1
NEWS_MSM_2024_03_21_a984e37e6d,MSM,MSM Malaysia Holdings Berhad,Lack of refinement in sugar policy,The Star,2024-03-21,https://www.thestar.com.my/news/nation/2024/03/21/lack-of-refinement-in-sugar-policy,low_confidence_company_news,low,Yes,company_focused,No,lead_alias_with_company_operating_context,Yes,,MSM Malaysia,manual_preserve,manual_preserve_v1
NEWS_MSM_2024_03_20_79c58f6fd3,MSM,MSM Malaysia Holdings Berhad,Govt acknowledges providing incentives to sugar producer after stopping sugar subsidies,The Star,2024-03-20,https://www.thestar.com.my/news/nation/2024/03/20/govt-acknowledges-providing-incentives-to-sugar-producer-after-stopping-sugar-subsidies,low_confidence_company_news,low,Yes,company_focused,No,lead_alias_with_company_operating_context,Yes,,MSM Malaysia,manual_preserve,manual_preserve_v1
NEWS_MSM_2024_02_28_5730d0c5ba,MSM,MSM Malaysia Holdings Berhad,"Quit flip-flopping on sugar policies, Dr Wee tells govt",The Star,2024-02-28,https://www.thestar.com.my/news/nation/2024/02/28/quit-flip-flopping-on-sugar-policies-dr-wee-tells-govt,low_confidence_company_news,low,Yes,company_focused,No,lead_alias_with_company_operating_context,Yes,,MSM Malaysia Holdings Berhad|MSM Malaysia,manual_preserve,manual_preserve_v1
NEWS_NESTLE_2025_11_25_55cdacd864,NESTLE,Nestle Malaysia Berhad,"Selangor to expand door-to-door recycling initiative to 11 of 12 local authorities by year end, says MB",The Star,2025-11-25,https://www.thestar.com.my/metro/metro-news/2025/11/25/selangor-to-expand-door-to-door-recycling-initiative-to-11-of-12-local-authorities-by-year-end-says-mb,low_confidence_company_news,low,Yes,suspect_not_company_focused,Yes,soft_csr_lifestyle_or_event_story,No,,Nestle|Nestle Malaysia,manual_preserve,manual_preserve_v1
NEWS_NESTLE_2025_11_21_f9fe7d9520,NESTLE,Nestle Malaysia Berhad,"‘410,000 Selangor households now recycling’",The Star,2025-11-21,https://www.thestar.com.my/metro/metro-news/2025/11/21/410000-selangor-households-now-recycling,low_confidence_company_news,low,Yes,suspect_not_company_focused,Yes,no_title_or_lead_company_alias,No,,,manual_preserve,manual_preserve_v1
NEWS_NESTLE_2025_11_20_7f6948a262,NESTLE,Nestle Malaysia Berhad,Pay-As-You-Throw policy proposed to reduce waste,The Star,2025-11-20,https://www.thestar.com.my/metro/metro-news/2025/11/20/pay-as-you-throw-policy-proposed-to-reduce-waste,low_confidence_company_news,low,Yes,suspect_not_company_focused,Yes,no_title_or_lead_company_alias,No,,,manual_preserve,manual_preserve_v1
NEWS_NESTLE_2025_11_12_7fc6fe46e9,NESTLE,Nestle Malaysia Berhad,"Volunteers pack 5,500 aid boxes for flood relief",The Star,2025-11-12,https://www.thestar.com.my/metro/metro-news/2025/11/12/volunteers-pack-5500-aid-boxes-for-flood-relief,low_confidence_company_news,low,Yes,suspect_not_company_focused,Yes,soft_csr_lifestyle_or_event_story,No,,Nestle|Nestle Malaysia,manual_preserve,manual_preserve_v1
NEWS_NESTLE_2025_10_30_ab42e593ff,NESTLE,Nestle Malaysia Berhad,"Improving sales, lower costs to bolster Nestle",The Star,2025-10-30,https://www.thestar.com.my/business/business-news/2025/10/30/improving-sales-lower-costs-to-bolster-nestle,low_confidence_company_news,low,Yes,suspect_not_company_focused,Yes,sponsor_list_or_csr_only,No,Nestle,Nestle|Nestle Malaysia|Nestlé,manual_preserve,manual_preserve_v1
NEWS_NESTLE_2025_10_30_6eec010fdf,NESTLE,Nestle Malaysia Berhad,Cautious optimism outlines 3Q results season,The Star,2025-10-30,https://www.thestar.com.my/business/business-news/2025/10/30/cautious-optimism-outlines-3q-results-season,high_confidence_company_news,high,Yes,company_focused,No,lead_alias_with_company_operating_context,Yes,,Nestle,manual_preserve,manual_preserve_v1
NEWS_NESTLE_2025_10_31_53e61dd023,NESTLE,Nestle Malaysia Berhad,Company to nurture 20 women food entrepreneurs,The Star,2025-10-31,https://www.thestar.com.my/metro/metro-news/2025/10/31/company-to-nurture-20-women-food-entrepreneurs,low_confidence_company_news,low,Yes,suspect_not_company_focused,Yes,no_title_or_lead_company_alias,No,,,manual_preserve,manual_preserve_v1
NEWS_NESTLE_2025_10_29_478d148c2e,NESTLE,Nestle Malaysia Berhad,Subang Jaya cleanup bags 10 tonnes of waste,The Star,2025-10-29,https://www.thestar.com.my/metro/metro-news/2025/10/29/subang-jaya-cleanup-bags-10-tonnes-of-waste,low_confidence_company_news,low,Yes,suspect_not_company_focused,Yes,no_title_or_lead_company_alias,No,,,manual_preserve,manual_preserve_v1
NEWS_NESTLE_2025_07_24_73ef3c058a,NESTLE,Nestle Malaysia Berhad,Strong sales momentum underpins Nestle Malaysia's higher bottomline in 2Q,The Star,2025-07-24,https://www.thestar.com.my/business/business-news/2025/07/24/strong-sales-momentum-underpins-nestle-malaysia039s-higher-bottomline-in-2q,high_confidence_company_news,high,Yes,company_focused,No,title_alias_with_company_operating_context,Yes,Nestle|Nestle Malaysia,Nestle|Nestle Malaysia|Nestlé,manual_preserve,manual_preserve_v1
NEWS_NESTLE_2025_04_30_4dc7cd12a3,NESTLE,Nestle Malaysia Berhad,Strong domestic sales to bolster Nestle Malaysia,The Star,2025-04-30,https://www.thestar.com.my/business/business-news/2025/04/30/strong-domestic-sales-to-bolster-nestle-malaysia,low_confidence_company_news,low,Yes,suspect_not_company_focused,Yes,sponsor_list_or_csr_only,No,Nestle|Nestle Malaysia,Nestle,manual_preserve,manual_preserve_v1
NEWS_NESTLE_2025_04_26_6d8b03d4d8,NESTLE,Nestle Malaysia Berhad,"Recycling project expands to Subang Jaya, Sepang",The Star,2025-04-26,https://www.thestar.com.my/metro/metro-news/2025/04/26/recycling-project-expands-to-subang-jaya-sepang,low_confidence_company_news,low,Yes,suspect_not_company_focused,Yes,soft_csr_lifestyle_or_event_story,No,,Nestle|Nestle Malaysia,manual_preserve,manual_preserve_v1
NEWS_NESTLE_2025_04_18_3593658a86,NESTLE,Nestle Malaysia Berhad,MSPO to launch Impact Alliance platform by 3Q to boost certification value - Johari Ghani,The Star,2025-04-18,https://www.thestar.com.my/business/business-news/2025/04/18/mspo-to-launch-impact-alliance-platform-by-3q-to-boost-certification-value---johari-ghani,low_confidence_company_news,low,Yes,suspect_not_company_focused,Yes,no_title_or_lead_company_alias,No,,,manual_preserve,manual_preserve_v1
NEWS_NESTLE_2025_03_21_999afd3b0d,NESTLE,Nestle Malaysia Berhad,Nestle Malaysia holds groundbreaking for RM250mil logistics hub in Port Klang,The Star,2025-03-21,https://www.thestar.com.my/business/business-news/2025/03/21/nestle-malaysia-holds-groundbreaking-for-rm250mil-logistics-hub-in-port-klang,high_confidence_company_news,high,Yes,company_focused,No,title_alias_with_company_operating_context,Yes,Nestle|Nestle Malaysia,Nestle|Nestle Malaysia|Nestlé Malaysia|Nestlé,manual_preserve,manual_preserve_v1
NEWS_NESTLE_2025_01_03_d3d67cede6,NESTLE,Nestle Malaysia Berhad,Planting seeds of change among Sabah’s children,The Star,2025-01-03,https://www.thestar.com.my/metro/metro-news/2025/01/03/planting-seeds-of-change-among-sabahs-children,high_confidence_company_news,high,Yes,suspect_not_company_focused,Yes,soft_csr_lifestyle_or_event_story,No,,Nestle|Nestle Malaysia,manual_preserve,manual_preserve_v1
NEWS_NESTLE_2024_12_18_40df1b49c4,NESTLE,Nestle Malaysia Berhad,"Red Crescent distributes flood aid to over 6,000 families nationwide",The Star,2024-12-18,https://www.thestar.com.my/news/nation/2024/12/18/red-crescent-distributes-flood-aid-to-over-6000-families-nationwide,low_confidence_company_news,low,Yes,company_focused,No,lead_alias_with_company_operating_context,Yes,,Nestle|Nestle Malaysia,manual_preserve,manual_preserve_v1
NEWS_NESTLE_2024_12_04_8d581af215,NESTLE,Nestle Malaysia Berhad,"5,000 boxes of food aid head east",The Star,2024-12-04,https://www.thestar.com.my/metro/metro-news/2024/12/04/5000-boxes-of-food-aid-head-east,low_confidence_company_news,low,Yes,suspect_not_company_focused,Yes,soft_csr_lifestyle_or_event_story,No,,Nestle|Nestle Malaysia,manual_preserve,manual_preserve_v1
NEWS_NESTLE_2024_11_14_03ee223992,NESTLE,Nestle Malaysia Berhad,Lucky duo gets salary for lifetime,The Star,2024-11-14,https://www.thestar.com.my/metro/metro-news/2024/11/14/lucky-duo-gets-salary-for-lifetime,low_confidence_company_news,low,Yes,suspect_not_company_focused,Yes,soft_csr_lifestyle_or_event_story,No,,Nestle|Nestle Malaysia,manual_preserve,manual_preserve_v1
NEWS_NESTLE_2024_10_25_53b1895f8b,NESTLE,Nestle Malaysia Berhad,A boost for consumption from Budget 2025,The Star,2024-10-25,https://www.thestar.com.my/business/business-news/2024/10/25/a-boost-for-consumption-from-budget-2025,low_confidence_company_news,low,Yes,suspect_not_company_focused,Yes,no_title_or_lead_company_alias,No,,,manual_preserve,manual_preserve_v1
NEWS_NESTLE_2024_10_25_197df58c64,NESTLE,Nestle Malaysia Berhad,Nestle records turnover of RM4.75bil in 9M24,The Star,2024-10-25,https://www.thestar.com.my/business/business-news/2024/10/25/nestle-records-turnover-of-rm475bil-in-9m24,high_confidence_company_news,high,Yes,company_focused,No,title_alias_with_company_operating_context,Yes,Nestle,Nestle|Nestle Malaysia,manual_preserve,manual_preserve_v1
NEWS_NESTLE_2024_09_30_e5b1ac6727,NESTLE,Nestle Malaysia Berhad,Company pitches in with food aid for flood victims,The Star,2024-09-30,https://www.thestar.com.my/metro/metro-news/2024/09/30/company-pitches-in-with-food-aid-for-flood-victims,low_confidence_company_news,low,Yes,suspect_not_company_focused,Yes,soft_csr_lifestyle_or_event_story,No,,Nestle|Nestle Malaysia,manual_preserve,manual_preserve_v1
NEWS_NESTLE_2024_09_06_3479083847,NESTLE,Nestle Malaysia Berhad,Nestle to prioritise domestic workers at its factory,The Star,2024-09-06,https://www.thestar.com.my/business/business-news/2024/09/06/nestle-to-prioritise-domestic-workers-at-its-factory,high_confidence_company_news,high,Yes,company_focused,No,title_alias_with_company_operating_context,Yes,Nestle,Nestle|Nestle Malaysia,manual_preserve,manual_preserve_v1
NEWS_NESTLE_2024_09_05_d85c0b2d71,NESTLE,Nestle Malaysia Berhad,Local grad honoured for leading green initiatives,The Star,2024-09-05,https://www.thestar.com.my/metro/metro-news/2024/09/05/local-grad-honoured-for-leading-green-initiatives,low_confidence_company_news,low,Yes,suspect_not_company_focused,Yes,no_title_or_lead_company_alias,No,,,manual_preserve,manual_preserve_v1
NEWS_NESTLE_2024_07_26_4b5f7c972f,NESTLE,Nestle Malaysia Berhad,Nestle maintains strong market leadership,The Star,2024-07-26,https://www.thestar.com.my/business/business-news/2024/07/26/nestle-maintains-strong-market-leadership,high_confidence_company_news,high,Yes,company_focused,No,title_alias_with_company_operating_context,Yes,Nestle,Nestle|Nestle Malaysia,manual_preserve,manual_preserve_v1
NEWS_NESTLE_2024_07_25_93ac3583d2,NESTLE,Nestle Malaysia Berhad,Nestle Malaysia posts lower 1H sales on cautious consumer spending,The Star,2024-07-25,https://www.thestar.com.my/business/business-news/2024/07/25/nestle-malaysia-faces-lower-1h-sales-on-cautious-consumer-spending,high_confidence_company_news,high,Yes,company_focused,No,title_alias_with_company_operating_context,Yes,Nestle|Nestle Malaysia,Nestle|Nestle Malaysia,manual_preserve,manual_preserve_v1
NEWS_NESTLE_2024_06_05_fb87b4df17,NESTLE,Nestle Malaysia Berhad,2.8 million trees planted in reforestation efforts,The Star,2024-06-05,https://www.thestar.com.my/metro/metro-news/2024/06/05/28-million-trees-planted-in-reforestation-efforts,high_confidence_company_news,high,Yes,suspect_not_company_focused,Yes,soft_csr_lifestyle_or_event_story,No,,Nestle|Nestle Malaysia,manual_preserve,manual_preserve_v1
NEWS_NESTLE_2024_05_16_dfb44e778f,NESTLE,Nestle Malaysia Berhad,"Manufacturer’s dark chocolate variant made with Sabah, Sarawak cocoa beans",The Star,2024-05-16,https://www.thestar.com.my/food/food-news/2024/05/16/manufacturers-dark-chocolate-variant-made-with-sabah-sarawak-cocoa-beans,high_confidence_company_news,high,Yes,company_focused,No,lead_alias_with_company_operating_context,Yes,,Nestle|Nestle Malaysia,manual_preserve,manual_preserve_v1
NEWS_NESTLE_2024_04_25_e0b190ae68,NESTLE,Nestle Malaysia Berhad,NESTLE’S ‘SALARY FOR LIFE’ CONTEST RETURNS,The Star,2024-04-25,https://www.thestar.com.my/news/nation/2024/04/25/nestles-salary-for-life-contest-returns,high_confidence_company_news,high,Yes,company_focused,No,title_alias_with_company_operating_context,Yes,Nestle,Nestle Malaysia Berhad|Nestle|Nestle Malaysia,manual_preserve,manual_preserve_v1
NEWS_NESTLE_2024_04_16_9f0218476d,NESTLE,Nestle Malaysia Berhad,Time-saving pastries make for good snacks,The Star,2024-04-16,https://www.thestar.com.my/food/food-news/2024/04/16/time-saving-pastries-make-for-good-snacks,high_confidence_company_news,high,Yes,company_focused,No,lead_alias_with_company_operating_context,Yes,,Nestle|Nestle Malaysia,manual_preserve,manual_preserve_v1
NEWS_NESTLE_2024_04_08_80db6e4ffd,NESTLE,Nestle Malaysia Berhad,New appointments set to guide Invictus Blue’s integrated proposition,The Star,2024-04-08,https://www.thestar.com.my/business/business-news/2024/04/08/new-appointments-set-to-guide-invictus-blues-integrated-proposition,low_confidence_company_news,low,Yes,company_focused,No,lead_alias_with_company_operating_context,Yes,,Nestle|Nestle Malaysia,manual_preserve,manual_preserve_v1
NEWS_NESTLE_2024_03_08_b10239edc7,NESTLE,Nestle Malaysia Berhad,Nestle Malaysia commissions RM18mil biomass boiler at Chembong complex to reduce carbon footprint,The Star,2024-03-08,https://www.thestar.com.my/metro/metro-news/2024/03/08/nestle-malaysia-commissions-rm18mil-biomass-boiler-at-chembong-complex-to-reduce-carbon-footprint,high_confidence_company_news,high,Yes,suspect_not_company_focused,Yes,soft_csr_lifestyle_or_event_story,No,Nestle|Nestle Malaysia,Nestle|Nestle Malaysia,manual_preserve,manual_preserve_v1
NEWS_OFI_2024_05_29_04c8df5867,OFI,Oriental Food Industries Holdings Berhad,Super Ring maker Oriental Food posts over 4-fold profit jump in 4Q24,The Star,2024-05-29,https://www.thestar.com.my/business/business-news/2024/05/29/oriental-food-posts-over-4-fold-profit-jump-in-4q24,high_confidence_company_news,high,Yes,company_focused,No,title_alias_with_company_operating_context,Yes,Oriental Food,Oriental Food,manual_preserve,manual_preserve_v1
NEWS_ORGABIO_2025_05_22_63f5a4d15c,ORGABIO,Orgabio Holdings Berhad,Orgabio optimistic on instant beverage market growth,The Star,2025-05-22,https://www.thestar.com.my/business/business-news/2025/05/22/orgabio-optimistic-on-instant-beverage-market-growth,low_confidence_company_news,low,Yes,suspect_not_company_focused,Yes,sponsor_list_or_csr_only,No,Orgabio,Orgabio,manual_preserve,manual_preserve_v1
NEWS_PPB_2025_11_27_5769e41c44,PPB,PPB Group Berhad,"PPB posts 3Q25 loss, sees better performance ahead",The Star,2025-11-27,https://www.thestar.com.my/business/business-news/2025/11/27/ppb-posts-3q25-loss-sees-better-performance-ahead,high_confidence_company_news,high,Yes,company_focused,No,lead_alias_with_company_operating_context,Yes,,PPB Group,manual_preserve,manual_preserve_v1
NEWS_PPB_2025_10_23_8c35deb984,PPB,PPB Group Berhad,PPB likely to endure minor hit from Wilmar case,The Star,2025-10-23,https://www.thestar.com.my/business/business-news/2025/10/23/ppb-likely-to-endure-minor-hit-from-wilmar-case,high_confidence_company_news,high,Yes,company_focused,No,lead_alias_with_company_operating_context,Yes,,PPB Group,manual_preserve,manual_preserve_v1
NEWS_PPB_2025_10_22_07c30b4b87,PPB,PPB Group Berhad,Wilmar’s Indonesia unit charged for sugar import,The Star,2025-10-22,https://www.thestar.com.my/business/business-news/2025/10/22/wilmars-indonesia-unit-charged-for-sugar-import,low_confidence_company_news,low,Yes,company_focused,No,lead_alias_with_company_operating_context,Yes,,PPB Group,manual_preserve,manual_preserve_v1
NEWS_PPB_2025_10_03_5e4771fefe,PPB,PPB Group Berhad,Leong Hup unit wins relief from MyCC fine,The Star,2025-10-03,https://www.thestar.com.my/business/business-news/2025/10/03/leong-hup-unit-wins-relief-from-mycc-fine,low_confidence_company_news,low,Yes,suspect_not_company_focused,Yes,no_title_or_lead_company_alias,No,,,manual_preserve,manual_preserve_v1
NEWS_PPB_2025_10_02_62db2f4c6a,PPB,PPB Group Berhad,"High Court grants Leong Hup, PPB’s FFM stay on MyCC penalties",The Star,2025-10-02,https://www.thestar.com.my/business/business-news/2025/10/02/high-court-grants-leong-hup-ppbs-ffm-stay-on-mycc-penalties,low_confidence_company_news,low,Yes,suspect_not_company_focused,Yes,no_title_or_lead_company_alias,No,,,manual_preserve,manual_preserve_v1
NEWS_PPB_2025_10_01_44446a28fe,PPB,PPB Group Berhad,PPB outlook brightens after Wilmar verdict,The Star,2025-10-01,https://www.thestar.com.my/business/business-news/2025/10/01/ppb-outlook-brightens-after-wilmar-verdict,high_confidence_company_news,high,Yes,company_focused,No,lead_alias_with_company_operating_context,Yes,,PPB Group,manual_preserve,manual_preserve_v1
NEWS_PPB_2025_09_25_2ed0f53daf,PPB,PPB Group Berhad,PPB valuations remain attractive,The Star,2025-09-25,https://www.thestar.com.my/business/business-news/2025/09/25/ppb-valuations-remain-attractive,high_confidence_company_news,high,Yes,suspect_not_company_focused,Yes,sponsor_list_or_csr_only,No,,PPB Group,manual_preserve,manual_preserve_v1
NEWS_PPB_2025_09_03_38f13f7a40,PPB,PPB Group Berhad,PPB Group confident Wilmar case will not affect dividend commitment,The Star,2025-09-03,https://www.thestar.com.my/business/business-news/2025/09/03/ppb-group-confident-wilmar-case-will-not-affect-dividend-commitment,high_confidence_company_news,high,Yes,company_focused,No,title_alias_with_company_operating_context,Yes,PPB Group,PPB Group,manual_preserve,manual_preserve_v1
NEWS_PPB_2025_08_28_07d20392fa,PPB,PPB Group Berhad,PPB banks on grain for stability,The Star,2025-08-28,https://www.thestar.com.my/business/business-news/2025/08/28/ppb-banks-on-grain-for-stability,high_confidence_company_news,high,Yes,company_focused,No,lead_alias_with_company_operating_context,Yes,,PPB Group,manual_preserve,manual_preserve_v1
NEWS_PPB_2025_08_27_2d730571a9,PPB,PPB Group Berhad,PPB records lower net profit in 2Q25,The Star,2025-08-27,https://www.thestar.com.my/business/business-news/2025/08/27/ppb-records-lower-net-profit-in-2q25,high_confidence_company_news,high,Yes,company_focused,No,lead_alias_with_company_operating_context,Yes,,PPB Group,manual_preserve,manual_preserve_v1
NEWS_PPB_2025_08_08_9f5b2b8a71,PPB,PPB Group Berhad,KLCI edges higher at midday on selective buying in heavyweights,The Star,2025-08-08,https://www.thestar.com.my/business/business-news/2025/08/08/klci-edges-higher-at-midday-on-selective-buying-in-heavyweights,low_confidence_company_news,low,Yes,suspect_not_company_focused,Yes,sponsor_list_or_csr_only,No,,,manual_preserve,manual_preserve_v1
NEWS_PPB_2025_06_19_a37ef2f9bf,PPB,PPB Group Berhad,PPB risk premium higher amid legal case in Indonesia,The Star,2025-06-19,https://www.thestar.com.my/business/business-news/2025/06/19/ppb-risk-premium-higher-amid-legal-case-in-indonesia,low_confidence_company_news,low,Yes,company_focused,No,lead_alias_with_company_operating_context,Yes,,PPB Group,manual_preserve,manual_preserve_v1
NEWS_PPB_2025_05_29_e6341f2fd8,PPB,PPB Group Berhad,PPB posts higher net profit in 1Q,The Star,2025-05-29,https://www.thestar.com.my/business/business-news/2025/05/29/ppb-posts-higher-net-profit-in-1q,high_confidence_company_news,high,Yes,company_focused,No,lead_alias_with_company_operating_context,Yes,,PPB Group,manual_preserve,manual_preserve_v1
NEWS_PPB_2025_03_06_130c19688a,PPB,PPB Group Berhad,PPB Group expects sound performance in 2025,The Star,2025-03-06,https://www.thestar.com.my/business/business-news/2025/03/06/ppb-group-expects-sound-performance-in-2025,high_confidence_company_news,high,Yes,company_focused,No,title_alias_with_company_operating_context,Yes,PPB Group,PPB Group,manual_preserve,manual_preserve_v1
NEWS_PPB_2025_03_05_270cb8e52d,PPB,PPB Group Berhad,PPB Group expects core business to continue delivering satisfactory performance in 2025,The Star,2025-03-05,https://www.thestar.com.my/business/business-news/2025/03/05/ppb-group-expects-core-business-to-continue-delivering-satisfactory-performance-in-2025,high_confidence_company_news,high,Yes,company_focused,No,title_alias_with_company_operating_context,Yes,PPB Group,PPB Group,manual_preserve,manual_preserve_v1
NEWS_PPB_2025_02_12_81559aea86,PPB,PPB Group Berhad,Wilmar’s latest acquisition to bolster earnings,The Star,2025-02-12,https://www.thestar.com.my/business/business-news/2025/02/12/wilmars-latest-acquisition-to-bolster-earnings,low_confidence_company_news,low,Yes,company_focused,No,lead_alias_with_company_operating_context,Yes,,PPB Group,manual_preserve,manual_preserve_v1
NEWS_PPB_2024_11_28_542e8052de,PPB,PPB Group Berhad,PPB's 3Q net profit falls to RM208.12mil,The Star,2024-11-28,https://www.thestar.com.my/business/business-news/2024/11/28/ppb039s-3q-net-profit-falls-to-rm20812mil,high_confidence_company_news,high,Yes,company_focused,No,lead_alias_with_company_operating_context,Yes,,PPB Group,manual_preserve,manual_preserve_v1
NEWS_PPB_2024_09_06_37ef99cc5c,PPB,PPB Group Berhad,Better prospects for plantation companies in 2H24,The Star,2024-09-06,https://www.thestar.com.my/business/business-news/2024/09/06/better-prospects-for-plantation-companies-in-2h24,low_confidence_company_news,low,Yes,suspect_not_company_focused,Yes,no_title_or_lead_company_alias,No,,,manual_preserve,manual_preserve_v1
NEWS_PPB_2024_09_06_c0abc7d33f,PPB,PPB Group Berhad,PPB expects uptick in consumer product ops,The Star,2024-09-06,https://www.thestar.com.my/business/business-news/2024/09/06/ppb-expects-uptick-in-consumer-product-ops,high_confidence_company_news,high,Yes,company_focused,No,lead_alias_with_company_operating_context,Yes,,PPB Group,manual_preserve,manual_preserve_v1
NEWS_PPB_2024_09_05_b64b39b6ec,PPB,PPB Group Berhad,Higher yearly earnings for plantation companies,The Star,2024-09-05,https://www.thestar.com.my/business/business-news/2024/09/05/higher-yearly-earnings-for-plantation-companies,low_confidence_company_news,low,Yes,suspect_not_company_focused,Yes,no_title_or_lead_company_alias,No,,,manual_preserve,manual_preserve_v1
NEWS_PPB_2024_08_30_013fe4fff4,PPB,PPB Group Berhad,PPB Group quarterly earnings higher at RM309mil,The Star,2024-08-30,https://www.thestar.com.my/business/business-news/2024/08/30/ppb-group-quarterly-earnings-higher-at-rm309mil,high_confidence_company_news,high,Yes,company_focused,No,title_alias_with_company_operating_context,Yes,PPB Group,PPB Group,manual_preserve,manual_preserve_v1
NEWS_PPB_2024_08_29_3b94579d0a,PPB,PPB Group Berhad,PPB Group 2Q net profit higher at RM308.919mil,The Star,2024-08-29,https://www.thestar.com.my/business/business-news/2024/08/29/ppb-group-2q-net-profit-higher-at-rm308919mil,high_confidence_company_news,high,Yes,company_focused,No,title_alias_with_company_operating_context,Yes,PPB Group,PPB Group,manual_preserve,manual_preserve_v1
NEWS_PPB_2024_08_15_76917e3c4c,PPB,PPB Group Berhad,Softer earnings likely for PPB Group in 1H24,The Star,2024-08-15,https://www.thestar.com.my/business/business-news/2024/08/15/softer-earnings-likely-for-ppb-group-in-1h24,high_confidence_company_news,high,Yes,company_focused,No,title_alias_with_company_operating_context,Yes,PPB Group,PPB Group,manual_preserve,manual_preserve_v1
NEWS_PPB_2024_06_25_1f5058a240,PPB,PPB Group Berhad,Toy library a treasure trove for B40 in Lembah Subang,The Star,2024-06-25,https://www.thestar.com.my/metro/metro-news/2024/06/25/toy-library-a-treasure-trove-for-b40-in-lembah-subang,low_confidence_company_news,low,Yes,suspect_not_company_focused,Yes,no_title_or_lead_company_alias,No,,,manual_preserve,manual_preserve_v1
NEWS_PPB_2024_06_19_90873d2b58,PPB,PPB Group Berhad,Techbond in the spotlight,The Star,2024-06-19,https://www.thestar.com.my/business/business-news/2024/06/19/techbond-in-the-spotlight,low_confidence_company_news,low,Yes,company_focused,No,lead_alias_with_company_operating_context,Yes,,PPB Group,manual_preserve,manual_preserve_v1
NEWS_PPB_2024_06_11_be261e3503,PPB,PPB Group Berhad,Muted near-term downstream earnings likely for planters,The Star,2024-06-11,https://www.thestar.com.my/business/business-news/2024/06/11/muted-near-term-downstream-earnings-likely-for-planters,low_confidence_company_news,low,Yes,suspect_not_company_focused,Yes,no_title_or_lead_company_alias,No,,,manual_preserve,manual_preserve_v1
NEWS_PPB_2024_06_04_85c6d017d5,PPB,PPB Group Berhad,Brighter prospects for PPB Group on China recovery,The Star,2024-06-04,https://www.thestar.com.my/business/business-news/2024/06/04/brighter-prospects-for-ppb-group-on-china-recovery,high_confidence_company_news,high,Yes,company_focused,No,title_alias_with_company_operating_context,Yes,PPB Group,PPB Group,manual_preserve,manual_preserve_v1
NEWS_PPB_2024_06_04_c7ed71f649,PPB,PPB Group Berhad,High expectations for corporate earnings,The Star,2024-06-04,https://www.thestar.com.my/business/business-news/2024/06/04/high-expectations--for-corporate-earnings,low_confidence_company_news,low,Yes,suspect_not_company_focused,Yes,stock_market_roundup_list_only,No,,,manual_preserve,manual_preserve_v1
NEWS_PPB_2024_05_30_4398a6b842,PPB,PPB Group Berhad,PPB posts lower net profit of RM337.17mil in 1Q,The Star,2024-05-30,https://www.thestar.com.my/business/business-news/2024/05/30/ppb-posts-lower-net-profit-of-rm33717mil-in-1q,high_confidence_company_news,high,Yes,company_focused,No,lead_alias_with_company_operating_context,Yes,,PPB Group,manual_preserve,manual_preserve_v1
NEWS_PPB_2024_03_20_e106615fa1,PPB,PPB Group Berhad,Mixed outlook for plantations on downstream margin drag,The Star,2024-03-20,https://www.thestar.com.my/business/business-news/2024/03/20/mixed-outlook-for-plantations-on-downstream-margin-drag,low_confidence_company_news,low,Yes,suspect_not_company_focused,Yes,no_title_or_lead_company_alias,No,,,manual_preserve,manual_preserve_v1
NEWS_PPB_2024_03_07_9a5d462dbc,PPB,PPB Group Berhad,"PPB to spend RM419mil on flour, feed milling unit",The Star,2024-03-07,https://www.thestar.com.my/business/business-news/2024/03/07/ppb-to-spend-rm419mil-on-flour-feed-milling-unit,high_confidence_company_news,high,Yes,company_focused,No,lead_alias_with_company_operating_context,Yes,,PPB Group,manual_preserve,manual_preserve_v1
NEWS_SPRITZER_2026_01_01_29fb9054f6,SPRITZER,SPRITZER,SupportLine,The Star,2026-01-01,https://www.thestar.com.my/business/business-news/2026/01/01/supportline,low_confidence_company_news,low,Yes,suspect_not_company_focused,Yes,sponsor_list_or_csr_only,No,,,manual_preserve,manual_preserve_v1
NEWS_SPRITZER_2025_12_19_5cfa1fd486,SPRITZER,SPRITZER,"Tourism, policy support to boost consumer sector",The Star,2025-12-19,https://www.thestar.com.my/business/business-news/2025/12/19/tourism-policy-support-to-boost-consumer-sector,low_confidence_company_news,low,Yes,suspect_not_company_focused,Yes,no_title_or_lead_company_alias,No,,,manual_preserve,manual_preserve_v1
NEWS_SPRITZER_2025_12_05_51db7c5d1a,SPRITZER,SPRITZER,Opportunity for investors to profit from Spritzer,The Star,2025-12-05,https://www.thestar.com.my/business/business-news/2025/12/05/opportunity-for-investors-to-profit-from-spritzer,high_confidence_company_news,high,Yes,company_focused,No,title_alias_with_company_operating_context,Yes,Spritzer,Spritzer Bhd|Spritzer,manual_preserve,manual_preserve_v1
NEWS_SPRITZER_2025_11_14_13ba2ae89f,SPRITZER,SPRITZER,Inbound tourists to bring growth along for the ride,The Star,2025-11-14,https://www.thestar.com.my/business/business-news/2025/11/14/inbound-tourists-to-bring-growth-along-for-the-ride,low_confidence_company_news,low,Yes,suspect_not_company_focused,Yes,no_title_or_lead_company_alias,No,,,manual_preserve,manual_preserve_v1
NEWS_SPRITZER_2025_10_01_77c6d3d985,SPRITZER,SPRITZER,Retail growth to remain resilient with subsidies,The Star,2025-10-01,https://www.thestar.com.my/business/business-news/2025/10/01/retail-growth-to-remain-resilient-with-subsidies,low_confidence_company_news,low,Yes,suspect_not_company_focused,Yes,sponsor_list_or_csr_only,No,,,manual_preserve,manual_preserve_v1
NEWS_SPRITZER_2025_09_11_1b0940a58d,SPRITZER,SPRITZER,Switch to value stocks holds investor potential,The Star,2025-09-11,https://www.thestar.com.my/business/business-news/2025/09/11/switch-to-value-stocks-holds-investor-potential,low_confidence_company_news,low,Yes,suspect_not_company_focused,Yes,sponsor_list_or_csr_only,No,,,manual_preserve,manual_preserve_v1
NEWS_SPRITZER_2025_08_29_069113b9dc,SPRITZER,SPRITZER,Strong 2Q25 performance positions Spritzer for gains,The Star,2025-08-29,https://www.thestar.com.my/business/business-news/2025/08/29/strong-2q25-performance-positions-spritzer-for-gains,high_confidence_company_news,high,Yes,company_focused,No,title_alias_with_company_operating_context,Yes,Spritzer,Spritzer Bhd|Spritzer,manual_preserve,manual_preserve_v1
NEWS_SPRITZER_2025_06_19_a751838def,SPRITZER,SPRITZER,Consumer staples favourable amid expanded SST,The Star,2025-06-19,https://www.thestar.com.my/business/business-news/2025/06/19/consumer-staples-favourable-amid-expanded-sst,low_confidence_company_news,low,Yes,suspect_not_company_focused,Yes,sponsor_list_or_csr_only,No,,,manual_preserve,manual_preserve_v1
NEWS_SPRITZER_2025_06_19_2524a9463e,SPRITZER,SPRITZER,SupportLine,The Star,2025-06-19,https://www.thestar.com.my/business/business-news/2025/06/19/supportline,low_confidence_company_news,low,Yes,suspect_not_company_focused,Yes,no_title_or_lead_company_alias,No,,,manual_preserve,manual_preserve_v1
NEWS_SPRITZER_2025_04_16_1dd4fe73e3,SPRITZER,SPRITZER,Life Water targets high-capacity expansion,The Star,2025-04-16,https://www.thestar.com.my/business/business-news/2025/04/16/life-water-targets-high-capacity-expansion,low_confidence_company_news,low,Yes,suspect_not_company_focused,Yes,no_title_or_lead_company_alias,No,,,manual_preserve,manual_preserve_v1
NEWS_SPRITZER_2025_03_19_8da837678a,SPRITZER,SPRITZER,Consumer sector poised to capitalise on tourism windfall,The Star,2025-03-19,https://www.thestar.com.my/business/business-news/2025/03/19/consumer-sector-poised-to-capitalise-on-tourism-windfall,low_confidence_company_news,low,Yes,suspect_not_company_focused,Yes,no_title_or_lead_company_alias,No,,,manual_preserve,manual_preserve_v1
NEWS_SPRITZER_2025_02_19_6e3a70e56b,SPRITZER,SPRITZER,Rising tourism brightens consumer sector outlook,The Star,2025-02-19,https://www.thestar.com.my/business/business-news/2025/02/19/rising-tourism-brightens-consumer-sector-outlook,low_confidence_company_news,low,Yes,company_focused,No,lead_alias_with_company_operating_context,Yes,,Spritzer Bhd|Spritzer,manual_preserve,manual_preserve_v1
NEWS_SPRITZER_2024_12_04_989e7aaf2a,SPRITZER,SPRITZER,Higher production capacity to buoy Spritzer showing,The Star,2024-12-04,https://www.thestar.com.my/business/business-news/2024/12/04/higher-production-capacity-to-buoy-spritzer-showing,high_confidence_company_news,high,Yes,company_focused,No,title_alias_with_company_operating_context,Yes,Spritzer,Spritzer Bhd|Spritzer,manual_preserve,manual_preserve_v1
NEWS_SPRITZER_2024_11_14_d25845d8ea,SPRITZER,SPRITZER,Spritzer’s sparkling potential undervalued by market,The Star,2024-11-14,https://www.thestar.com.my/business/business-news/2024/11/14/spritzers-sparkling-potential-undervalued-by-market,high_confidence_company_news,high,Yes,suspect_not_company_focused,Yes,sponsor_list_or_csr_only,No,Spritzer,Spritzer Bhd|Spritzer,manual_preserve,manual_preserve_v1
