document_id,doc_type,ticker,company_name,publish_date,source_name,title,url,article_text_hash,text_length,synthetic_flag,include_flag,relevance_status,confidence_tier,needs_manual_review,review_reason,shared_article_flag,multi_company_article_flag,original_file,original_file_hash,raw_row_key,text_path,notes
NEWS_AJI_2025_10_31_7b3ecf05e3,news,AJI,Ajinomoto,2025-10-31,The Star,Trapper Group continues to lead,https://www.thestar.com.my/news/nation/2025/10/31/trapper-group-continues-to-lead,7b5ef3393091e8b6a1c22e9ba4204e5a6b239c458d239db9aab337b035d9b6a5,4083,false,Yes,low_confidence_company_news,low,Yes,weak_company_specific_context,1,0,New_news/AJI/AJI_news.csv,1c7ae39f5f5b99fb2c5422b287ac63f2aac5f84db8d4acf10712771a137a2da9,"New_news_AJI_AJI_news_csv:{""row_number"": 206}:562eeb781a64",02_extracted_text/news_clean/NEWS_AJI_2025_10_31_7b3ecf05e3.txt,source=Filter news real article text; synthetic_flag=false; registry_selection_flag=broad_include_flag
NEWS_AJI_2025_08_08_884ebf5716,news,AJI,Ajinomoto,2025-08-08,The Star,KLCI edges higher at midday on selective buying in heavyweights,https://www.thestar.com.my/business/business-news/2025/08/08/klci-edges-higher-at-midday-on-selective-buying-in-heavyweights,a1760cdfdf4e5ca2bbfa2535229d4a3824a79048deb412169cef6e1780640a38,2323,false,Yes,low_confidence_company_news,low,Yes,sponsor_list_or_csr_only,1,1,New_news/AJI/AJI_news.csv,1c7ae39f5f5b99fb2c5422b287ac63f2aac5f84db8d4acf10712771a137a2da9,"New_news_AJI_AJI_news_csv:{""row_number"": 467}:4a1abccaa21c",02_extracted_text/news_clean/NEWS_AJI_2025_08_08_884ebf5716.txt,source=Filter news real article text; synthetic_flag=false; registry_selection_flag=broad_include_flag
NEWS_AJI_2024_05_08_a162563c71,news,AJI,Ajinomoto,2024-05-08,The Star,"KLCI dips on profit taking, stays firmly above 1,600 level",https://www.thestar.com.my/business/business-news/2024/05/08/klci-dips-on-profit-taking-stays-firmly-above-1600-level,3907473eb08be6dcb9b01e231a60fb17dd85c14ab60fc7e6918d2bc317b37ae5,1670,false,Yes,low_confidence_company_news,low,Yes,stock_market_roundup_list_only,1,1,New_news/AJI/AJI_news.csv,1c7ae39f5f5b99fb2c5422b287ac63f2aac5f84db8d4acf10712771a137a2da9,"New_news_AJI_AJI_news_csv:{""row_number"": 1829}:b4eeff8f4e63",02_extracted_text/news_clean/NEWS_AJI_2024_05_08_a162563c71.txt,source=Filter news real article text; synthetic_flag=false; registry_selection_flag=broad_include_flag
NEWS_AJI_2024_05_02_3f6eeb6732,news,AJI,Ajinomoto,2024-05-02,The Star,Ajinomoto declares special dividend of RM2.12 from land sale,https://www.thestar.com.my/business/business-news/2024/05/02/ajinomoto-declares-special-dividend-of-rm212-from-land-sale,309084f4a6cdb170d5b388fae596245c2aae09a5eb6636315d9cb3ad8d974b65,829,false,Yes,high_confidence_company_news,high,No,,1,0,New_news/AJI/AJI_news.csv,1c7ae39f5f5b99fb2c5422b287ac63f2aac5f84db8d4acf10712771a137a2da9,"New_news_AJI_AJI_news_csv:{""row_number"": 1859}:4d580ffb0a09",02_extracted_text/news_clean/NEWS_AJI_2024_05_02_3f6eeb6732.txt,source=Filter news real article text; synthetic_flag=false; registry_selection_flag=broad_include_flag
NEWS_APOLLO_2025_12_17_7a9557bbbc,news,APOLLO,Apollo,2025-12-17,The Star,Apollo Food quarterly revenue at RM75mil,https://www.thestar.com.my/business/business-news/2025/12/17/apollo-food-quarterly-revenue-at-rm75mil,c519d4adeccf5c1dcbcc3276e8acf79de3bd21401564df2e61c2629219ae06b9,1590,false,Yes,high_confidence_company_news,high,No,,1,0,New_news/APOLLO/APOLLO_news.csv,5f0cca94ae07ce6cf04290515c46110de7027f6855271de6768221bd297cf4b2,"New_news_APOLLO_APOLLO_news_csv:{""row_number"": 9}:bbfe370f82b0",02_extracted_text/news_clean/NEWS_APOLLO_2025_12_17_7a9557bbbc.txt,source=Filter news real article text; synthetic_flag=false; registry_selection_flag=broad_include_flag
NEWS_APOLLO_2025_09_24_5f02449853,news,APOLLO,Apollo,2025-09-24,The Star,Apollo on track to strengthen distribution model,https://www.thestar.com.my/business/business-news/2025/09/24/apolloon-track-to-strengthen-distribution-model,6618ec18eef41e512c49ba4e838f7e330c27b69ac82268484a711c09bd152050,987,false,Yes,high_confidence_company_news,high,No,,1,0,New_news/APOLLO/APOLLO_news.csv,5f0cca94ae07ce6cf04290515c46110de7027f6855271de6768221bd297cf4b2,"New_news_APOLLO_APOLLO_news_csv:{""row_number"": 35}:e2a63e6efe7e",02_extracted_text/news_clean/NEWS_APOLLO_2025_09_24_5f02449853.txt,source=Filter news real article text; synthetic_flag=false; registry_selection_flag=broad_include_flag
NEWS_APOLLO_2025_06_18_7483b10d6f,news,APOLLO,Apollo,2025-06-18,The Star,Apollo Food ends FY25 on a high note,https://www.thestar.com.my/business/business-news/2025/06/18/apollo-food-ends-fy25-on-a-high-note,bc248fab2c84167163fc91976990feafc174b4c7c636857bf28a19afb60b6bff,817,false,Yes,high_confidence_company_news,high,No,,1,0,New_news/APOLLO/APOLLO_news.csv,5f0cca94ae07ce6cf04290515c46110de7027f6855271de6768221bd297cf4b2,"New_news_APOLLO_APOLLO_news_csv:{""row_number"": 59}:6d7f6453bf77",02_extracted_text/news_clean/NEWS_APOLLO_2025_06_18_7483b10d6f.txt,source=Filter news real article text; synthetic_flag=false; registry_selection_flag=broad_include_flag
NEWS_APOLLO_2025_03_14_3941c02132,news,APOLLO,Apollo,2025-03-14,The Star,Apollo Food 3Q revenue up to RM76mil,https://www.thestar.com.my/business/business-news/2025/03/14/apollo-food-3q-revenue-up-to-rm76mil,ee8451045a9507e06ffe9b17dac487e831d7c28df34a508f5c618ce1e5e21522,700,false,Yes,high_confidence_company_news,high,No,,1,0,New_news/APOLLO/APOLLO_news.csv,5f0cca94ae07ce6cf04290515c46110de7027f6855271de6768221bd297cf4b2,"New_news_APOLLO_APOLLO_news_csv:{""row_number"": 83}:5bc1383ee9d8",02_extracted_text/news_clean/NEWS_APOLLO_2025_03_14_3941c02132.txt,source=Filter news real article text; synthetic_flag=false; registry_selection_flag=broad_include_flag
NEWS_APOLLO_2025_03_13_f3f6e8defa,news,APOLLO,Apollo,2025-03-13,The Star,Apollo Food stays cautious amid raw material price volatility,https://www.thestar.com.my/business/business-news/2025/03/13/apollo-food-stays-cautious-amid-raw-material-price-volatility,0ee70aa31da22372ab58799a902861f8936e17be27d9ec4755d3b776042c8969,1446,false,Yes,high_confidence_company_news,high,No,,1,0,New_news/APOLLO/APOLLO_news.csv,5f0cca94ae07ce6cf04290515c46110de7027f6855271de6768221bd297cf4b2,"New_news_APOLLO_APOLLO_news_csv:{""row_number"": 84}:1031a4b0dc5a",02_extracted_text/news_clean/NEWS_APOLLO_2025_03_13_f3f6e8defa.txt,source=Filter news real article text; synthetic_flag=false; registry_selection_flag=broad_include_flag
NEWS_APOLLO_2024_12_05_af7f8e3a9d,news,APOLLO,Apollo,2024-12-05,The Star,Apollo Food to mitigate rising cost,https://www.thestar.com.my/business/business-news/2024/12/05/apollo-food-to-mitigate-rising-cost,314787a270ec3282c711d38e962dc6383d490821aac1c129a27dfafe392b490d,801,false,Yes,high_confidence_company_news,high,No,,1,0,New_news/APOLLO/APOLLO_news.csv,5f0cca94ae07ce6cf04290515c46110de7027f6855271de6768221bd297cf4b2,"New_news_APOLLO_APOLLO_news_csv:{""row_number"": 117}:d05ea5fb39fb",02_extracted_text/news_clean/NEWS_APOLLO_2024_12_05_af7f8e3a9d.txt,source=Filter news real article text; synthetic_flag=false; registry_selection_flag=broad_include_flag
NEWS_APOLLO_2024_12_04_40774629ea,news,APOLLO,Apollo,2024-12-04,The Star,Apollo Food registers higher net profit of RM10.62mil in 2Q,https://www.thestar.com.my/business/business-news/2024/12/04/apollo-food-registers-higher-net-profit-of-rm1062mil-in-2q,7f218936ffbd0419bb10c782dd0b5923fe47ee0514792387aa8bedfa5a01ac90,1221,false,Yes,high_confidence_company_news,high,No,,1,0,New_news/APOLLO/APOLLO_news.csv,5f0cca94ae07ce6cf04290515c46110de7027f6855271de6768221bd297cf4b2,"New_news_APOLLO_APOLLO_news_csv:{""row_number"": 118}:bad051fbd7d9",02_extracted_text/news_clean/NEWS_APOLLO_2024_12_04_40774629ea.txt,source=Filter news real article text; synthetic_flag=false; registry_selection_flag=broad_include_flag
NEWS_APOLLO_2024_06_13_6fae37e79e,news,APOLLO,Apollo,2024-06-13,The Star,Apollo’s net profit jumps 70% to RM53.8mil in FY24,https://www.thestar.com.my/business/business-news/2024/06/13/apollos-net-profit-jumps-70-to-rm538mil-in-fy24,6df1da4225d9b0c706432773b484ae12fd48df063798f8688e3b551c50914563,1383,false,Yes,high_confidence_company_news,high,No,,1,0,New_news/APOLLO/APOLLO_news.csv,5f0cca94ae07ce6cf04290515c46110de7027f6855271de6768221bd297cf4b2,"New_news_APOLLO_APOLLO_news_csv:{""row_number"": 171}:e2555757c4dc",02_extracted_text/news_clean/NEWS_APOLLO_2024_06_13_6fae37e79e.txt,source=Filter news real article text; synthetic_flag=false; registry_selection_flag=broad_include_flag
NEWS_APOLLO_2024_03_20_80c1e51215,news,APOLLO,Apollo,2024-03-20,The Star,Apollo Food to address shareholding spread,https://www.thestar.com.my/business/business-news/2024/03/20/apollo-food-to-address-shareholding-spread,502b5fa3f150c68a6830acbe7822f3e43629ab16c84ce0605660edf85ea10295,927,false,Yes,low_confidence_company_news,low,Yes,ticker_only_title_context,1,0,New_news/APOLLO/APOLLO_news.csv,5f0cca94ae07ce6cf04290515c46110de7027f6855271de6768221bd297cf4b2,"New_news_APOLLO_APOLLO_news_csv:{""row_number"": 206}:2938f439ce19",02_extracted_text/news_clean/NEWS_APOLLO_2024_03_20_80c1e51215.txt,source=Filter news real article text; synthetic_flag=false; registry_selection_flag=broad_include_flag
NEWS_APOLLO_2024_03_20_135b27aed9,news,APOLLO,Apollo,2024-03-20,The Star,Investors take cautious approach as US rate decision looms,https://www.thestar.com.my/business/business-news/2024/03/20/investors-take-cautious-approach-as-us-rate-decision-looms,87d14e381f185e0fff2f209e3a6897eb5a98fbcb04f0a311394a6fe4b112f49d,1927,false,Yes,low_confidence_company_news,low,Yes,stock_market_roundup_list_only,1,0,New_news/APOLLO/APOLLO_news.csv,5f0cca94ae07ce6cf04290515c46110de7027f6855271de6768221bd297cf4b2,"New_news_APOLLO_APOLLO_news_csv:{""row_number"": 207}:c521f5ad9931",02_extracted_text/news_clean/NEWS_APOLLO_2024_03_20_135b27aed9.txt,source=Filter news real article text; synthetic_flag=false; registry_selection_flag=broad_include_flag
NEWS_APOLLO_2024_03_19_ac1666c08d,news,APOLLO,Apollo,2024-03-19,The Star,"Profit-taking in the market, KLCI down 8.68 points",https://www.thestar.com.my/business/business-news/2024/03/19/profit-taking-in-the-market-klci-down-868-points,7b19017f998a6b7c76019ac9cbc5e5e349c7ae572f98108217747a6511768760,1133,false,Yes,low_confidence_company_news,low,Yes,stock_market_roundup_list_only,1,1,New_news/APOLLO/APOLLO_news.csv,5f0cca94ae07ce6cf04290515c46110de7027f6855271de6768221bd297cf4b2,"New_news_APOLLO_APOLLO_news_csv:{""row_number"": 208}:1e3d0c92f614",02_extracted_text/news_clean/NEWS_APOLLO_2024_03_19_ac1666c08d.txt,source=Filter news real article text; synthetic_flag=false; registry_selection_flag=broad_include_flag
NEWS_APOLLO_2024_03_20_6608331c4a,news,APOLLO,Apollo,2024-03-20,The Star,Banks lead Bursa blue-chips lower,https://www.thestar.com.my/business/business-news/2024/03/20/banks-lead-bursa-blue-chips-lower,c533ed528a8a956a042fc4ceef35e9ecbade4ec5ddf9902c3cd54325f76d45e7,2406,false,Yes,low_confidence_company_news,low,Yes,stock_market_roundup_list_only,1,0,New_news/APOLLO/APOLLO_news.csv,5f0cca94ae07ce6cf04290515c46110de7027f6855271de6768221bd297cf4b2,"New_news_APOLLO_APOLLO_news_csv:{""row_number"": 210}:5a72b162efc0",02_extracted_text/news_clean/NEWS_APOLLO_2024_03_20_6608331c4a.txt,source=Filter news real article text; synthetic_flag=false; registry_selection_flag=broad_include_flag
NEWS_CARLSBG_2025_06_26_768e2d1e41,news,CARLSBG,Carlsberg Brewery Malaysia Berhad,2025-06-26,The Star,A toast to diversity,https://www.thestar.com.my/starpicks/2025/06/26/a-toast-to-diversity,917b6912cdaef3d1cd4d99976282d7e585300c56287ecec0fd37d9f2c2776478,3649,false,Yes,high_confidence_company_news,high,No,,1,0,New_news/CARLSBG/CARLSBG_news.csv,bef8078db869198b30f34da9d09324bd35ad019ff9f7a5edaaadaa19a51c8663,"New_news_CARLSBG_CARLSBG_news_csv:{""row_number"": 1}:48056eae1b81",02_extracted_text/news_clean/NEWS_CARLSBG_2025_06_26_768e2d1e41.txt,source=Filter news real article text; synthetic_flag=false; registry_selection_flag=broad_include_flag
NEWS_FFB_2025_08_28_227fccdd6a,news,FFB,FarmFresh,2025-08-28,The Star,Negeri Sembilan lifts nearly 30% of poor households out of poverty,https://www.thestar.com.my/news/nation/2025/08/28/negeri-sembilan-lifts-nearly-30-of-poor-households-out-of-poverty,fc0af536fd7f688b958a24340e74b3521f76130e239e5c0307e97a32fcb58bb1,2199,false,Yes,low_confidence_company_news,low,Yes,weak_company_specific_context,1,0,New_news/FFB/FFB_news.csv,3b1438da63b59562389e6dc91e200a750645acbb8934b7e0a0ecf1b3b63bd2ec,"New_news_FFB_FFB_news_csv:{""row_number"": 33}:f4259e7fdb9d",02_extracted_text/news_clean/NEWS_FFB_2025_08_28_227fccdd6a.txt,source=Filter news real article text; synthetic_flag=false; registry_selection_flag=broad_include_flag
NEWS_FFB_2025_07_06_69d9a8cfbc,news,FFB,FarmFresh,2025-07-06,The Star,"‘Form Six, not a last resort’",https://www.thestar.com.my/news/education/2025/07/06/form-six-not-a-last-resort,96305947a2fd0242589e31741c9a8207036c65766b45be04e548fe3873c06433,5349,false,Yes,low_confidence_company_news,low,Yes,weak_company_specific_context,1,0,New_news/FFB/FFB_news.csv,3b1438da63b59562389e6dc91e200a750645acbb8934b7e0a0ecf1b3b63bd2ec,"New_news_FFB_FFB_news_csv:{""row_number"": 49}:e76a0ddfe571",02_extracted_text/news_clean/NEWS_FFB_2025_07_06_69d9a8cfbc.txt,source=Filter news real article text; synthetic_flag=false; registry_selection_flag=broad_include_flag
NEWS_FFB_2024_11_29_52934062fa,news,FFB,FarmFresh,2024-11-29,The Star,Farm Fresh wins Brand of the Year in dairy for the second time,https://www.thestar.com.my/news/nation/2024/11/29/farm-fresh-wins-brand-of-the-year-in-dairy-for-the-second-time,af8ad4b2b0a11d3a6d9416e87bd6ce4a5b70f3ab890d2de8c7a2f495ff756db1,2100,false,Yes,high_confidence_company_news,high,No,,0,0,New_news/FFB/FFB_news.csv,3b1438da63b59562389e6dc91e200a750645acbb8934b7e0a0ecf1b3b63bd2ec,"New_news_FFB_FFB_news_csv:{""row_number"": 103}:6980b8cc1899",02_extracted_text/news_clean/NEWS_FFB_2024_11_29_52934062fa.txt,source=Filter news real article text; synthetic_flag=false; registry_selection_flag=broad_include_flag
NEWS_FFB_2024_03_25_6d7e0b33b8,news,FFB,FarmFresh,2024-03-25,The Star,Nurturing a community of empowered mothers,https://www.thestar.com.my/metro/metro-news/2024/03/25/nurturing-a-community-of-empowered-mothers,a7721d329cb9e96ec2ed6eb459d2f303c8cff264306dca5c8c72276e1beca79c,3123,false,Yes,high_confidence_company_news,high,No,,0,0,New_news/FFB/FFB_news.csv,3b1438da63b59562389e6dc91e200a750645acbb8934b7e0a0ecf1b3b63bd2ec,"New_news_FFB_FFB_news_csv:{""row_number"": 155}:90f77df1d348",02_extracted_text/news_clean/NEWS_FFB_2024_03_25_6d7e0b33b8.txt,source=Filter news real article text; synthetic_flag=false; registry_selection_flag=broad_include_flag
NEWS_GCB_2024_10_10_760f239c42,news,GCB,Guan Chong Berhad,2024-10-10,The Star,Analysts positive on Guan Chong's growth prospects following Ivory Coast acquisition,https://www.thestar.com.my/business/business-news/2024/10/10/analysts-positive-on-guan-chong039s-growth-prospects-following-ivory-coast-acquisition,6fe5392fe25e45c7f999d27540eeb7d84ca615a67140297c8c2a1003d44aa4f0,3041,false,Yes,high_confidence_company_news,high,No,,1,0,New_news/GCB/GCB_news.csv,db813f2f6a5c28ea1d8435c78a9a413002eab098db483a209784e9bec3702e27,"New_news_GCB_GCB_news_csv:{""row_number"": 11}:dd8c1045ade8",02_extracted_text/news_clean/NEWS_GCB_2024_10_10_760f239c42.txt,source=Filter news real article text; synthetic_flag=false; registry_selection_flag=broad_include_flag
NEWS_GCB_2024_10_09_d838cb0e39,news,GCB,Guan Chong Berhad,2024-10-09,The Star,Guan Chong plans purchase of 25% equity in Ivory Coast cocoa processor,https://www.thestar.com.my/business/business-news/2024/10/09/guan-chong-plans-purchase-of-25-equity-in-ivory-coast-cocoa-processor,edd54f0d984791ede7a4c62e0141a1eb96c89137e3fedb525fcd85a291e0657f,921,false,Yes,high_confidence_company_news,high,No,,0,0,New_news/GCB/GCB_news.csv,db813f2f6a5c28ea1d8435c78a9a413002eab098db483a209784e9bec3702e27,"New_news_GCB_GCB_news_csv:{""row_number"": 12}:8de6b53525ce",02_extracted_text/news_clean/NEWS_GCB_2024_10_09_d838cb0e39.txt,source=Filter news real article text; synthetic_flag=false; registry_selection_flag=broad_include_flag
NEWS_HEIM_2024_10_30_de348b2301,news,HEIM,Heineken,2024-10-30,The Star,"Tipsy-Turvy Quick Shots: Scotch for a cause, cognac craft, peachy beer",https://www.thestar.com.my/lifestyle/living/tipsy-turvy/2024/10/30/tipsy-turvy-quick-shots-scotch-for-a-cause-cognac-craft-peachy-beer,a99226d0cf50c21410e7671661789ce49001f5574405994094027339b9ba06e9,3976,false,Yes,low_confidence_company_news,low,Yes,weak_company_specific_context,0,0,New_news/HEIM/HEIM_news.csv,247e95521f79a6c947c7c3cd40597ce8ac8a4d71ef9ad136d9b9abb400f6269c,"New_news_HEIM_HEIM_news_csv:{""row_number"": 240}:d2f00b0e2a4d",02_extracted_text/news_clean/NEWS_HEIM_2024_10_30_de348b2301.txt,source=Filter news real article text; synthetic_flag=false; registry_selection_flag=broad_include_flag
NEWS_KAWAN_2025_05_02_cf4c3b6730,news,KAWAN,Kawan Food,2025-05-02,The Star,Malaysia’s halal product exports up 15% to RM62bil last year,https://www.thestar.com.my/business/business-news/2025/05/02/malaysias-halal-product-exports-up-15-to-rm62bil-last-year,a34656c2fbc12f66e4fa10621d382f05fccf88e9330e5d7d99742c625bfcb896,1702,false,Yes,low_confidence_company_news,low,Yes,weak_company_specific_context,1,0,New_news/KAWAN/KAWAN_news.csv,7dc0ddda81f7e0e7b35a0791e25479e7c03c4059f2a35afaa3b7d28c76904b49,"New_news_KAWAN_KAWAN_news_csv:{""row_number"": 100}:3351f55cbe16",02_extracted_text/news_clean/NEWS_KAWAN_2025_05_02_cf4c3b6730.txt,source=Filter news real article text; synthetic_flag=false; registry_selection_flag=broad_include_flag
NEWS_KAWAN_2025_05_01_8618bad820,news,KAWAN,Kawan Food,2025-05-01,The Star,Malaysia’s halal product exports up 15% to RM61.79bil in 2024,https://www.thestar.com.my/business/business-news/2025/05/01/malaysias-halal-product-exports-up-15-to-rm6179bil-in-2024,d9481393e12e50914876537b508d462fb01d10556999ec7b969f3f76b247f12a,3723,false,Yes,low_confidence_company_news,low,Yes,weak_company_specific_context,1,1,New_news/KAWAN/KAWAN_news.csv,7dc0ddda81f7e0e7b35a0791e25479e7c03c4059f2a35afaa3b7d28c76904b49,"New_news_KAWAN_KAWAN_news_csv:{""row_number"": 103}:360d95356f43",02_extracted_text/news_clean/NEWS_KAWAN_2025_05_01_8618bad820.txt,source=Filter news real article text; synthetic_flag=false; registry_selection_flag=broad_include_flag
NEWS_KAWAN_2024_10_17_73ac524c0a,news,KAWAN,Kawan Food,2024-10-17,The Star,Lim Hun Soon is chairman of Kawan Food,https://www.thestar.com.my/business/business-news/2024/10/17/lim-hun-soon-is-chairman-of-kawan-food,a4971160b30513daf4d2033944d92cfc9f2de2d103b03da65a7d94efd129c244,703,false,Yes,low_confidence_company_news,low,Yes,ticker_only_title_context,1,0,New_news/KAWAN/KAWAN_news.csv,7dc0ddda81f7e0e7b35a0791e25479e7c03c4059f2a35afaa3b7d28c76904b49,"New_news_KAWAN_KAWAN_news_csv:{""row_number"": 168}:8f28c0784898",02_extracted_text/news_clean/NEWS_KAWAN_2024_10_17_73ac524c0a.txt,source=Filter news real article text; synthetic_flag=false; registry_selection_flag=broad_include_flag
NEWS_KAWAN_2024_08_22_df0cfefb2c,news,KAWAN,Kawan Food,2024-08-22,The Star,Kawan benefitting from strong foreign demand,https://www.thestar.com.my/business/business-news/2024/08/22/kawan-benefitting-from-strong-foreign-demand,4c01dc46560273334d4c7a5259c5802603b8fafd695e9705655862a11a869fa6,2311,false,Yes,high_confidence_company_news,high,No,,1,0,New_news/KAWAN/KAWAN_news.csv,7dc0ddda81f7e0e7b35a0791e25479e7c03c4059f2a35afaa3b7d28c76904b49,"New_news_KAWAN_KAWAN_news_csv:{""row_number"": 186}:de2091e3907c",02_extracted_text/news_clean/NEWS_KAWAN_2024_08_22_df0cfefb2c.txt,source=Filter news real article text; synthetic_flag=false; registry_selection_flag=broad_include_flag
NEWS_LOTUS_2024_11_29_b667d9d01f,news,LOTUS,Lotus KFM Berhad,2024-11-29,The Star,Lotus KFM eyes growth with bioenergy and plantation ventures,https://www.thestar.com.my/business/business-news/2024/11/29/lotus-kfm-eyes-growth-with-bioenergy-and-plantation-ventures,6b8bb4ffda324dc34e739861d3c927cd1407181528e704a0b347bd7026592470,1112,false,Yes,low_confidence_company_news,low,Yes,sponsor_list_or_csr_only,1,0,New_news/LOTUS/LOTUS_news.csv,8dcb32b71a4886944bec0e015bb1ee0894ef54d3324d396f497b2147a40c5f59,"New_news_LOTUS_LOTUS_news_csv:{""row_number"": 122}:355b7b365c2e",02_extracted_text/news_clean/NEWS_LOTUS_2024_11_29_b667d9d01f.txt,source=Filter news real article text; synthetic_flag=false; registry_selection_flag=broad_include_flag
NEWS_MSM_2025_11_28_908d08456a,news,MSM,MSM Malaysia Holdings Berhad,2025-11-28,The Star,MSM Malaysia says low raw sugar prices bolster 2026 prospects,https://www.thestar.com.my/business/business-news/2025/11/28/msm-malaysia-says-low-raw-sugar-prices-bolster-2026-prospects,b55a60c49a5bef76b29057ecb3e84c877fdb2bde042652870dfd52d54f54063a,1691,false,Yes,high_confidence_company_news,high,No,,1,0,New_news/MSM/MSM_news.csv,531d6d96b12be620b5c134481caa51bd1d3eadc1c3f9cf62583b68eea069f4aa,"New_news_MSM_MSM_news_csv:{""row_number"": 13}:a50312e5c830",02_extracted_text/news_clean/NEWS_MSM_2025_11_28_908d08456a.txt,source=Filter news real article text; synthetic_flag=false; registry_selection_flag=broad_include_flag
NEWS_MSM_2025_09_18_bba3204f63,news,MSM,MSM Malaysia Holdings Berhad,2025-09-18,The Star,Felda: Abolish permits for refined sugar,https://www.thestar.com.my/news/nation/2025/09/18/felda-abolish-permits-for-refined-sugar,8b17d546253f91a10ac4b0413cd5020a0f143bd60c3194884995a21bf0ef8b95,2747,false,Yes,low_confidence_company_news,low,Yes,weak_company_specific_context,1,0,New_news/MSM/MSM_news.csv,531d6d96b12be620b5c134481caa51bd1d3eadc1c3f9cf62583b68eea069f4aa,"New_news_MSM_MSM_news_csv:{""row_number"": 51}:fcfbc634ffa4",02_extracted_text/news_clean/NEWS_MSM_2025_09_18_bba3204f63.txt,source=Filter news real article text; synthetic_flag=false; registry_selection_flag=broad_include_flag
NEWS_MSM_2025_09_11_d997c2e9df,news,MSM,MSM Malaysia Holdings Berhad,2025-09-11,The Star,Switch to value stocks holds investor potential,https://www.thestar.com.my/business/business-news/2025/09/11/switch-to-value-stocks-holds-investor-potential,f56fbbbfcafce773725d672bcef0b9b118001de16a2238ccee69ca8056c9e9f4,3320,false,Yes,low_confidence_company_news,low,Yes,sponsor_list_or_csr_only,1,1,New_news/MSM/MSM_news.csv,531d6d96b12be620b5c134481caa51bd1d3eadc1c3f9cf62583b68eea069f4aa,"New_news_MSM_MSM_news_csv:{""row_number"": 52}:91dfc761f619",02_extracted_text/news_clean/NEWS_MSM_2025_09_11_d997c2e9df.txt,source=Filter news real article text; synthetic_flag=false; registry_selection_flag=broad_include_flag
NEWS_MSM_2025_07_03_50b881c980,news,MSM,MSM Malaysia Holdings Berhad,2025-07-03,The Star,MSM appoints new acting group CEO,https://www.thestar.com.my/business/business-news/2025/07/03/msm-appoints-new-acting-group-ceo,77dea026b6c1396491fce4b9bfe5511a7a0297ac086157cf1018e54d204a38e4,759,false,Yes,low_confidence_company_news,low,Yes,ticker_only_title_context,1,0,New_news/MSM/MSM_news.csv,531d6d96b12be620b5c134481caa51bd1d3eadc1c3f9cf62583b68eea069f4aa,"New_news_MSM_MSM_news_csv:{""row_number"": 83}:e466332e07bf",02_extracted_text/news_clean/NEWS_MSM_2025_07_03_50b881c980.txt,source=Filter news real article text; synthetic_flag=false; registry_selection_flag=broad_include_flag
NEWS_MSM_2025_07_02_5b7f705160,news,MSM,MSM Malaysia Holdings Berhad,2025-07-02,The Star,MSM appoints Hasni Ahmad as acting CEO following Syed Feizal’s resignation,https://www.thestar.com.my/business/business-news/2025/07/02/msm-appoints-hasni-ahmad-as-acting-ceo-following-syed-feizals-resignation,01dc108001a298377ae03d458de35dc29517518e8b520a8be22048a1dc46bd8b,503,false,Yes,low_confidence_company_news,low,Yes,ticker_only_title_context,0,0,New_news/MSM/MSM_news.csv,531d6d96b12be620b5c134481caa51bd1d3eadc1c3f9cf62583b68eea069f4aa,"New_news_MSM_MSM_news_csv:{""row_number"": 84}:e261497ed691",02_extracted_text/news_clean/NEWS_MSM_2025_07_02_5b7f705160.txt,source=Filter news real article text; synthetic_flag=false; registry_selection_flag=broad_include_flag
NEWS_MSM_2025_06_20_60bfc7df84,news,MSM,MSM Malaysia Holdings Berhad,2025-06-20,The Star,"Refined sugar to stay tax-exempt, says Finance Ministry",https://www.thestar.com.my/news/nation/2025/06/20/refined-sugar-to-stay-tax-exempt-says-finance-ministry,6afc386b9508470ab971b094530bd78e0291febd724e2247cf568d1566937da2,1455,false,Yes,high_confidence_company_news,high,No,,1,0,New_news/MSM/MSM_news.csv,531d6d96b12be620b5c134481caa51bd1d3eadc1c3f9cf62583b68eea069f4aa,"New_news_MSM_MSM_news_csv:{""row_number"": 87}:351341d7a284",02_extracted_text/news_clean/NEWS_MSM_2025_06_20_60bfc7df84.txt,source=Filter news real article text; synthetic_flag=false; registry_selection_flag=broad_include_flag
NEWS_MSM_2025_06_20_ee796bcae3,news,MSM,MSM Malaysia Holdings Berhad,2025-06-20,The Star,MSM Malaysia aims to increase export volumes,https://www.thestar.com.my/business/business-news/2025/06/20/msm-malaysia-aims-to-increase-export-volumes,710191016054876611d5d1708250b8a5cdb5872096fd1c5da0c2cc5e1a98a591,1618,false,Yes,high_confidence_company_news,high,No,,0,0,New_news/MSM/MSM_news.csv,531d6d96b12be620b5c134481caa51bd1d3eadc1c3f9cf62583b68eea069f4aa,"New_news_MSM_MSM_news_csv:{""row_number"": 90}:076de65b50fb",02_extracted_text/news_clean/NEWS_MSM_2025_06_20_ee796bcae3.txt,source=Filter news real article text; synthetic_flag=false; registry_selection_flag=broad_include_flag
NEWS_MSM_2025_06_19_1ebde10200,news,MSM,MSM Malaysia Holdings Berhad,2025-06-19,The Star,MSM reiterates call for tariff to curb dumping of imported sugar,https://www.thestar.com.my/business/business-news/2025/06/19/msm-reiterates-call-for-tariff-to-curb-dumping-of-imported-sugar,530ccbeb7d19415d7a05140bba88c571101cfe96d41eb3802de490abd24deb1f,1987,false,Yes,low_confidence_company_news,low,Yes,ticker_only_title_context,1,0,New_news/MSM/MSM_news.csv,531d6d96b12be620b5c134481caa51bd1d3eadc1c3f9cf62583b68eea069f4aa,"New_news_MSM_MSM_news_csv:{""row_number"": 93}:ef6a353393a8",02_extracted_text/news_clean/NEWS_MSM_2025_06_19_1ebde10200.txt,source=Filter news real article text; synthetic_flag=false; registry_selection_flag=broad_include_flag
NEWS_MSM_2025_03_20_3508a07a0e,news,MSM,MSM Malaysia Holdings Berhad,2025-03-20,The Star,"MSM plans Tg Langsat as sugar export hub, eyes new markets",https://www.thestar.com.my/business/business-news/2025/03/20/msm-plans-tg-langsat-as-sugar-export-hub-eyes-new-markets,0a6b44228db31b37de06718d7efadc34a2245a520afb7c9bc188581e8bc5d347,2116,false,Yes,high_confidence_company_news,high,No,,1,0,New_news/MSM/MSM_news.csv,531d6d96b12be620b5c134481caa51bd1d3eadc1c3f9cf62583b68eea069f4aa,"New_news_MSM_MSM_news_csv:{""row_number"": 120}:003f15262b3c",02_extracted_text/news_clean/NEWS_MSM_2025_03_20_3508a07a0e.txt,source=Filter news real article text; synthetic_flag=false; registry_selection_flag=broad_include_flag
NEWS_MSM_2024_08_29_999c6cd4ed,news,MSM,MSM Malaysia Holdings Berhad,2024-08-29,The Star,FGV on track for a better 2H on rising production,https://www.thestar.com.my/business/business-news/2024/08/29/fgv-on-track-for-a-better-2h-on-rising-production,06bfa7702fdd7edb35be0090d680232d4b965138de21b1a63675df6a94ba4032,2485,false,Yes,low_confidence_company_news,low,Yes,weak_company_specific_context,1,0,New_news/MSM/MSM_news.csv,531d6d96b12be620b5c134481caa51bd1d3eadc1c3f9cf62583b68eea069f4aa,"New_news_MSM_MSM_news_csv:{""row_number"": 181}:18acd34f3304",02_extracted_text/news_clean/NEWS_MSM_2024_08_29_999c6cd4ed.txt,source=Filter news real article text; synthetic_flag=false; registry_selection_flag=broad_include_flag
NEWS_MSM_2024_08_23_14b0cd98e7,news,MSM,MSM Malaysia Holdings Berhad,2024-08-23,The Star,MSM to strengthen domestic sales,https://www.thestar.com.my/business/business-news/2024/08/23/msm-to-strengthen-domestic-sales,b3a705efb7c73df0c00b134e267e140a3f3869bae20b9697a0ede390aa57a357,1716,false,Yes,high_confidence_company_news,high,No,,1,0,New_news/MSM/MSM_news.csv,531d6d96b12be620b5c134481caa51bd1d3eadc1c3f9cf62583b68eea069f4aa,"New_news_MSM_MSM_news_csv:{""row_number"": 186}:36b66933c074",02_extracted_text/news_clean/NEWS_MSM_2024_08_23_14b0cd98e7.txt,source=Filter news real article text; synthetic_flag=false; registry_selection_flag=broad_include_flag
NEWS_MSM_2024_08_22_7db1515566,news,MSM,MSM Malaysia Holdings Berhad,2024-08-22,The Star,MSM posts bigger loss in 2Q,https://www.thestar.com.my/business/business-news/2024/08/22/msm-posts-bigger-loss-in-2q,17ac40ceff20f613e7478e6c4c317afb8f04f59cc2913a286d27d7104457cefd,1676,false,Yes,high_confidence_company_news,high,No,,1,0,New_news/MSM/MSM_news.csv,531d6d96b12be620b5c134481caa51bd1d3eadc1c3f9cf62583b68eea069f4aa,"New_news_MSM_MSM_news_csv:{""row_number"": 188}:3ca46b97072c",02_extracted_text/news_clean/NEWS_MSM_2024_08_22_7db1515566.txt,source=Filter news real article text; synthetic_flag=false; registry_selection_flag=broad_include_flag
NEWS_MSM_2024_06_06_16d8068e4d,news,MSM,MSM Malaysia Holdings Berhad,2024-06-06,The Star,"MSM Malaysia to continue managing sugar price hedging, looks forward to new mechanism",https://www.thestar.com.my/business/business-news/2024/06/06/msm-malaysia-to-continue-managing-sugar-price-hedging-looks-forward-to-new-mechanism,fb379354264ce16b7e35e5bcfa2a7d11cd145756b7ef825402fc0609c0e58110,2872,false,Yes,high_confidence_company_news,high,No,,1,0,New_news/MSM/MSM_news.csv,531d6d96b12be620b5c134481caa51bd1d3eadc1c3f9cf62583b68eea069f4aa,"New_news_MSM_MSM_news_csv:{""row_number"": 211}:ef063c155d5c",02_extracted_text/news_clean/NEWS_MSM_2024_06_06_16d8068e4d.txt,source=Filter news real article text; synthetic_flag=false; registry_selection_flag=broad_include_flag
NEWS_MSM_2024_05_23_2dda81547f,news,MSM,MSM Malaysia Holdings Berhad,2024-05-23,The Star,MSM Malaysia registers 1Q net profit of RM41.71mil on improved margins,https://www.thestar.com.my/business/business-news/2024/05/23/msm-malaysia-registers-1q-net-profit-of-rm4171mil-on-improved-margins,fac4088fa48c59ef965f31f42b60904690ab3bf7fde3a672686e98a6dc3ddeba,2173,false,Yes,high_confidence_company_news,high,No,,1,0,New_news/MSM/MSM_news.csv,531d6d96b12be620b5c134481caa51bd1d3eadc1c3f9cf62583b68eea069f4aa,"New_news_MSM_MSM_news_csv:{""row_number"": 217}:e39a06987f24",02_extracted_text/news_clean/NEWS_MSM_2024_05_23_2dda81547f.txt,source=Filter news real article text; synthetic_flag=false; registry_selection_flag=broad_include_flag
NEWS_MSM_2024_04_04_648fba36a4,news,MSM,MSM Malaysia Holdings Berhad,2024-04-04,The Star,MSM on track for sweeter bottom line,https://www.thestar.com.my/business/business-news/2024/04/04/msm-on-track-for-sweeter-bottom-line,b9d879e222d7b22f011034e29db52e272b842235da08495d92995330ab8ee78e,3637,false,Yes,high_confidence_company_news,high,No,,1,0,New_news/MSM/MSM_news.csv,531d6d96b12be620b5c134481caa51bd1d3eadc1c3f9cf62583b68eea069f4aa,"New_news_MSM_MSM_news_csv:{""row_number"": 245}:274d012e4207",02_extracted_text/news_clean/NEWS_MSM_2024_04_04_648fba36a4.txt,source=Filter news real article text; synthetic_flag=false; registry_selection_flag=broad_include_flag
NEWS_MSM_2024_04_03_a72ab8d0fd,news,MSM,MSM Malaysia Holdings Berhad,2024-04-03,The Star,FGV targets submission of petition to US customs by end-June,https://www.thestar.com.my/business/business-news/2024/04/03/fgv-targets-submission-of-petition-to-us-customs-by-end-june,046530c6ab9eca3aed4d471c88861423cd133e70250498a086f4bfc35ba1fe52,2166,false,Yes,low_confidence_company_news,low,Yes,weak_company_specific_context,1,0,New_news/MSM/MSM_news.csv,531d6d96b12be620b5c134481caa51bd1d3eadc1c3f9cf62583b68eea069f4aa,"New_news_MSM_MSM_news_csv:{""row_number"": 246}:f7fc2d07eba6",02_extracted_text/news_clean/NEWS_MSM_2024_04_03_a72ab8d0fd.txt,source=Filter news real article text; synthetic_flag=false; registry_selection_flag=broad_include_flag
NEWS_MSM_2024_03_21_a984e37e6d,news,MSM,MSM Malaysia Holdings Berhad,2024-03-21,The Star,Lack of refinement in sugar policy,https://www.thestar.com.my/news/nation/2024/03/21/lack-of-refinement-in-sugar-policy,1397ce0c341d525f6fd65b545d009b516ec8ebc1e213d046624bc4be78bcdb98,3041,false,Yes,low_confidence_company_news,low,Yes,weak_company_specific_context,1,0,New_news/MSM/MSM_news.csv,531d6d96b12be620b5c134481caa51bd1d3eadc1c3f9cf62583b68eea069f4aa,"New_news_MSM_MSM_news_csv:{""row_number"": 250}:bc4282599c64",02_extracted_text/news_clean/NEWS_MSM_2024_03_21_a984e37e6d.txt,source=Filter news real article text; synthetic_flag=false; registry_selection_flag=broad_include_flag
NEWS_MSM_2024_03_20_79c58f6fd3,news,MSM,MSM Malaysia Holdings Berhad,2024-03-20,The Star,Govt acknowledges providing incentives to sugar producer after stopping sugar subsidies,https://www.thestar.com.my/news/nation/2024/03/20/govt-acknowledges-providing-incentives-to-sugar-producer-after-stopping-sugar-subsidies,15634b947c1bf4655790fa50aec7dfba9c9895b820e5dc9ed06c794fb850f5f4,3198,false,Yes,low_confidence_company_news,low,Yes,weak_company_specific_context,1,0,New_news/MSM/MSM_news.csv,531d6d96b12be620b5c134481caa51bd1d3eadc1c3f9cf62583b68eea069f4aa,"New_news_MSM_MSM_news_csv:{""row_number"": 251}:426e341fc05a",02_extracted_text/news_clean/NEWS_MSM_2024_03_20_79c58f6fd3.txt,source=Filter news real article text; synthetic_flag=false; registry_selection_flag=broad_include_flag
NEWS_MSM_2024_02_28_5730d0c5ba,news,MSM,MSM Malaysia Holdings Berhad,2024-02-28,The Star,"Quit flip-flopping on sugar policies, Dr Wee tells govt",https://www.thestar.com.my/news/nation/2024/02/28/quit-flip-flopping-on-sugar-policies-dr-wee-tells-govt,39c4bf836c3e21db4ae94bc9f0a805ad73c5270f183f5d2f199f119614791e69,2202,false,Yes,low_confidence_company_news,low,Yes,weak_company_specific_context,0,0,New_news/MSM/MSM_news.csv,531d6d96b12be620b5c134481caa51bd1d3eadc1c3f9cf62583b68eea069f4aa,"New_news_MSM_MSM_news_csv:{""row_number"": 265}:28407b733dc1",02_extracted_text/news_clean/NEWS_MSM_2024_02_28_5730d0c5ba.txt,source=Filter news real article text; synthetic_flag=false; registry_selection_flag=broad_include_flag
NEWS_NESTLE_2025_11_25_55cdacd864,news,NESTLE,Nestle Malaysia Berhad,2025-11-25,The Star,"Selangor to expand door-to-door recycling initiative to 11 of 12 local authorities by year end, says MB",https://www.thestar.com.my/metro/metro-news/2025/11/25/selangor-to-expand-door-to-door-recycling-initiative-to-11-of-12-local-authorities-by-year-end-says-mb,c02712c28e32d95e21287cee7ec84854958fd6b6927c5dca901a4a864ae58c86,3062,false,Yes,low_confidence_company_news,low,Yes,weak_company_specific_context,1,0,New_news/NESTLE/NESTLE_news.csv,437626b696797b38605fd99fa0d515d8b54f29dfede3ecdc300a8f4dce97e6a4,"New_news_NESTLE_NESTLE_news_csv:{""row_number"": 41}:b2abfcea6656",02_extracted_text/news_clean/NEWS_NESTLE_2025_11_25_55cdacd864.txt,source=Filter news real article text; synthetic_flag=false; registry_selection_flag=broad_include_flag
NEWS_NESTLE_2025_11_21_f9fe7d9520,news,NESTLE,Nestle Malaysia Berhad,2025-11-21,The Star,"‘410,000 Selangor households now recycling’",https://www.thestar.com.my/metro/metro-news/2025/11/21/410000-selangor-households-now-recycling,48e275f7b5cf2c72f9d498ecf6650074de46a517f8b41e23c7fdcfb97c9191a0,1864,false,Yes,low_confidence_company_news,low,Yes,weak_company_specific_context,1,0,New_news/NESTLE/NESTLE_news.csv,437626b696797b38605fd99fa0d515d8b54f29dfede3ecdc300a8f4dce97e6a4,"New_news_NESTLE_NESTLE_news_csv:{""row_number"": 42}:adf1b21c2e71",02_extracted_text/news_clean/NEWS_NESTLE_2025_11_21_f9fe7d9520.txt,source=Filter news real article text; synthetic_flag=false; registry_selection_flag=broad_include_flag
NEWS_NESTLE_2025_11_20_7f6948a262,news,NESTLE,Nestle Malaysia Berhad,2025-11-20,The Star,Pay-As-You-Throw policy proposed to reduce waste,https://www.thestar.com.my/metro/metro-news/2025/11/20/pay-as-you-throw-policy-proposed-to-reduce-waste,72207ee1162c49afde2f331fd5d4bb91053d6ab357c95f1cba7bf081001f9ae6,2610,false,Yes,low_confidence_company_news,low,Yes,weak_company_specific_context,1,0,New_news/NESTLE/NESTLE_news.csv,437626b696797b38605fd99fa0d515d8b54f29dfede3ecdc300a8f4dce97e6a4,"New_news_NESTLE_NESTLE_news_csv:{""row_number"": 43}:cdf1ba40c599",02_extracted_text/news_clean/NEWS_NESTLE_2025_11_20_7f6948a262.txt,source=Filter news real article text; synthetic_flag=false; registry_selection_flag=broad_include_flag
NEWS_NESTLE_2025_11_12_7fc6fe46e9,news,NESTLE,Nestle Malaysia Berhad,2025-11-12,The Star,"Volunteers pack 5,500 aid boxes for flood relief",https://www.thestar.com.my/metro/metro-news/2025/11/12/volunteers-pack-5500-aid-boxes-for-flood-relief,20a386dffabf925e9aad3425304e5da457713d900cff9fec20a3f1a5fc121317,3214,false,Yes,low_confidence_company_news,low,Yes,weak_company_specific_context,0,0,New_news/NESTLE/NESTLE_news.csv,437626b696797b38605fd99fa0d515d8b54f29dfede3ecdc300a8f4dce97e6a4,"New_news_NESTLE_NESTLE_news_csv:{""row_number"": 58}:7464c0a3c8ce",02_extracted_text/news_clean/NEWS_NESTLE_2025_11_12_7fc6fe46e9.txt,source=Filter news real article text; synthetic_flag=false; registry_selection_flag=broad_include_flag
NEWS_NESTLE_2025_10_30_ab42e593ff,news,NESTLE,Nestle Malaysia Berhad,2025-10-30,The Star,"Improving sales, lower costs to bolster Nestle",https://www.thestar.com.my/business/business-news/2025/10/30/improving-sales-lower-costs-to-bolster-nestle,1bf17d7d91b27cf7c37d946fe47cc35278234b46407d9d59f5b2dc1a1b0327de,2624,false,Yes,low_confidence_company_news,low,Yes,sponsor_list_or_csr_only,1,0,New_news/NESTLE/NESTLE_news.csv,437626b696797b38605fd99fa0d515d8b54f29dfede3ecdc300a8f4dce97e6a4,"New_news_NESTLE_NESTLE_news_csv:{""row_number"": 72}:fc3b289493df",02_extracted_text/news_clean/NEWS_NESTLE_2025_10_30_ab42e593ff.txt,source=Filter news real article text; synthetic_flag=false; registry_selection_flag=broad_include_flag
NEWS_NESTLE_2025_10_30_6eec010fdf,news,NESTLE,Nestle Malaysia Berhad,2025-10-30,The Star,Cautious optimism outlines 3Q results season,https://www.thestar.com.my/business/business-news/2025/10/30/cautious-optimism-outlines-3q-results-season,f24e57996a5e424232091e24a2e0791528c03523255900343878b5900a425ef3,6087,false,Yes,high_confidence_company_news,high,No,,1,0,New_news/NESTLE/NESTLE_news.csv,437626b696797b38605fd99fa0d515d8b54f29dfede3ecdc300a8f4dce97e6a4,"New_news_NESTLE_NESTLE_news_csv:{""row_number"": 73}:35d35a03493f",02_extracted_text/news_clean/NEWS_NESTLE_2025_10_30_6eec010fdf.txt,source=Filter news real article text; synthetic_flag=false; registry_selection_flag=broad_include_flag
NEWS_NESTLE_2025_10_31_53e61dd023,news,NESTLE,Nestle Malaysia Berhad,2025-10-31,The Star,Company to nurture 20 women food entrepreneurs,https://www.thestar.com.my/metro/metro-news/2025/10/31/company-to-nurture-20-women-food-entrepreneurs,caebc6a8a88081b648fb640bd5e64a192358d04f1e42eb51d922083fd72c9669,3206,false,Yes,low_confidence_company_news,low,Yes,weak_company_specific_context,1,0,New_news/NESTLE/NESTLE_news.csv,437626b696797b38605fd99fa0d515d8b54f29dfede3ecdc300a8f4dce97e6a4,"New_news_NESTLE_NESTLE_news_csv:{""row_number"": 79}:cea1ac27f24f",02_extracted_text/news_clean/NEWS_NESTLE_2025_10_31_53e61dd023.txt,source=Filter news real article text; synthetic_flag=false; registry_selection_flag=broad_include_flag
NEWS_NESTLE_2025_10_29_478d148c2e,news,NESTLE,Nestle Malaysia Berhad,2025-10-29,The Star,Subang Jaya cleanup bags 10 tonnes of waste,https://www.thestar.com.my/metro/metro-news/2025/10/29/subang-jaya-cleanup-bags-10-tonnes-of-waste,9bca32d46ef96a3f06f4de13c9d8def6d5b1092571611f75f62148f04dd841f9,1869,false,Yes,low_confidence_company_news,low,Yes,weak_company_specific_context,0,0,New_news/NESTLE/NESTLE_news.csv,437626b696797b38605fd99fa0d515d8b54f29dfede3ecdc300a8f4dce97e6a4,"New_news_NESTLE_NESTLE_news_csv:{""row_number"": 80}:f5437073d933",02_extracted_text/news_clean/NEWS_NESTLE_2025_10_29_478d148c2e.txt,source=Filter news real article text; synthetic_flag=false; registry_selection_flag=broad_include_flag
NEWS_NESTLE_2025_07_24_73ef3c058a,news,NESTLE,Nestle Malaysia Berhad,2025-07-24,The Star,Strong sales momentum underpins Nestle Malaysia's higher bottomline in 2Q,https://www.thestar.com.my/business/business-news/2025/07/24/strong-sales-momentum-underpins-nestle-malaysia039s-higher-bottomline-in-2q,8ef9b3b6f2022b349093e7fc3f34d401b3a62d0ff1f1fe3784b54b513f1309d2,1936,false,Yes,high_confidence_company_news,high,No,,1,0,New_news/NESTLE/NESTLE_news.csv,437626b696797b38605fd99fa0d515d8b54f29dfede3ecdc300a8f4dce97e6a4,"New_news_NESTLE_NESTLE_news_csv:{""row_number"": 166}:8941199dfe36",02_extracted_text/news_clean/NEWS_NESTLE_2025_07_24_73ef3c058a.txt,source=Filter news real article text; synthetic_flag=false; registry_selection_flag=broad_include_flag
NEWS_NESTLE_2025_04_30_4dc7cd12a3,news,NESTLE,Nestle Malaysia Berhad,2025-04-30,The Star,Strong domestic sales to bolster Nestle Malaysia,https://www.thestar.com.my/business/business-news/2025/04/30/strong-domestic-sales-to-bolster-nestle-malaysia,6b0eb47907cd4e37f7a0dabc22893a1302c9323bbb9b03a647f0adc937b2fb93,3226,false,Yes,low_confidence_company_news,low,Yes,sponsor_list_or_csr_only,1,0,New_news/NESTLE/NESTLE_news.csv,437626b696797b38605fd99fa0d515d8b54f29dfede3ecdc300a8f4dce97e6a4,"New_news_NESTLE_NESTLE_news_csv:{""row_number"": 251}:ad8a69d2e484",02_extracted_text/news_clean/NEWS_NESTLE_2025_04_30_4dc7cd12a3.txt,source=Filter news real article text; synthetic_flag=false; registry_selection_flag=broad_include_flag
NEWS_NESTLE_2025_04_26_6d8b03d4d8,news,NESTLE,Nestle Malaysia Berhad,2025-04-26,The Star,"Recycling project expands to Subang Jaya, Sepang",https://www.thestar.com.my/metro/metro-news/2025/04/26/recycling-project-expands-to-subang-jaya-sepang,3faf4b25ff7bd6430eb299183a23f7ffc3e66c5bf128bf4fea151df8d6ff64f1,3035,false,Yes,low_confidence_company_news,low,Yes,weak_company_specific_context,1,0,New_news/NESTLE/NESTLE_news.csv,437626b696797b38605fd99fa0d515d8b54f29dfede3ecdc300a8f4dce97e6a4,"New_news_NESTLE_NESTLE_news_csv:{""row_number"": 255}:84a44fb1a420",02_extracted_text/news_clean/NEWS_NESTLE_2025_04_26_6d8b03d4d8.txt,source=Filter news real article text; synthetic_flag=false; registry_selection_flag=broad_include_flag
NEWS_NESTLE_2025_04_18_3593658a86,news,NESTLE,Nestle Malaysia Berhad,2025-04-18,The Star,MSPO to launch Impact Alliance platform by 3Q to boost certification value - Johari Ghani,https://www.thestar.com.my/business/business-news/2025/04/18/mspo-to-launch-impact-alliance-platform-by-3q-to-boost-certification-value---johari-ghani,8d61c316777b61cbcd0ed4d87e3103a944304a19c3607063fa060b2a500d1949,3004,false,Yes,low_confidence_company_news,low,Yes,weak_company_specific_context,0,0,New_news/NESTLE/NESTLE_news.csv,437626b696797b38605fd99fa0d515d8b54f29dfede3ecdc300a8f4dce97e6a4,"New_news_NESTLE_NESTLE_news_csv:{""row_number"": 258}:acce9f093e32",02_extracted_text/news_clean/NEWS_NESTLE_2025_04_18_3593658a86.txt,source=Filter news real article text; synthetic_flag=false; registry_selection_flag=broad_include_flag
NEWS_NESTLE_2025_03_21_999afd3b0d,news,NESTLE,Nestle Malaysia Berhad,2025-03-21,The Star,Nestle Malaysia holds groundbreaking for RM250mil logistics hub in Port Klang,https://www.thestar.com.my/business/business-news/2025/03/21/nestle-malaysia-holds-groundbreaking-for-rm250mil-logistics-hub-in-port-klang,fc91c3472e2fba42891677b498d5394e4dc30d71142b014122611647f9487956,1436,false,Yes,high_confidence_company_news,high,No,,0,0,New_news/NESTLE/NESTLE_news.csv,437626b696797b38605fd99fa0d515d8b54f29dfede3ecdc300a8f4dce97e6a4,"New_news_NESTLE_NESTLE_news_csv:{""row_number"": 294}:b58df75bb9d9",02_extracted_text/news_clean/NEWS_NESTLE_2025_03_21_999afd3b0d.txt,source=Filter news real article text; synthetic_flag=false; registry_selection_flag=broad_include_flag
NEWS_NESTLE_2025_01_03_d3d67cede6,news,NESTLE,Nestle Malaysia Berhad,2025-01-03,The Star,Planting seeds of change among Sabah’s children,https://www.thestar.com.my/metro/metro-news/2025/01/03/planting-seeds-of-change-among-sabahs-children,8e25e7bf450045d683f28a8304e49f2c08cdc192d5624aa70a34223031232d05,3110,false,Yes,high_confidence_company_news,high,No,,1,0,New_news/NESTLE/NESTLE_news.csv,437626b696797b38605fd99fa0d515d8b54f29dfede3ecdc300a8f4dce97e6a4,"New_news_NESTLE_NESTLE_news_csv:{""row_number"": 369}:7ea7af6ea0e6",02_extracted_text/news_clean/NEWS_NESTLE_2025_01_03_d3d67cede6.txt,source=Filter news real article text; synthetic_flag=false; registry_selection_flag=broad_include_flag
NEWS_NESTLE_2024_12_18_40df1b49c4,news,NESTLE,Nestle Malaysia Berhad,2024-12-18,The Star,"Red Crescent distributes flood aid to over 6,000 families nationwide",https://www.thestar.com.my/news/nation/2024/12/18/red-crescent-distributes-flood-aid-to-over-6000-families-nationwide,834010b5f9326b9dfc7ceaee8c61ce2e1ca67cb493cc5eee66b7a4d93d37dd9d,1477,false,Yes,low_confidence_company_news,low,Yes,weak_company_specific_context,0,0,New_news/NESTLE/NESTLE_news.csv,437626b696797b38605fd99fa0d515d8b54f29dfede3ecdc300a8f4dce97e6a4,"New_news_NESTLE_NESTLE_news_csv:{""row_number"": 377}:2d0b924d6fbb",02_extracted_text/news_clean/NEWS_NESTLE_2024_12_18_40df1b49c4.txt,source=Filter news real article text; synthetic_flag=false; registry_selection_flag=broad_include_flag
NEWS_NESTLE_2024_12_04_8d581af215,news,NESTLE,Nestle Malaysia Berhad,2024-12-04,The Star,"5,000 boxes of food aid head east",https://www.thestar.com.my/metro/metro-news/2024/12/04/5000-boxes-of-food-aid-head-east,e73f94546d8b0a9188a489ec0b8dc693d4bcca9ed05c3791b30a8a32d80b3938,2255,false,Yes,low_confidence_company_news,low,Yes,weak_company_specific_context,1,0,New_news/NESTLE/NESTLE_news.csv,437626b696797b38605fd99fa0d515d8b54f29dfede3ecdc300a8f4dce97e6a4,"New_news_NESTLE_NESTLE_news_csv:{""row_number"": 393}:c0c2d4b4cd6b",02_extracted_text/news_clean/NEWS_NESTLE_2024_12_04_8d581af215.txt,source=Filter news real article text; synthetic_flag=false; registry_selection_flag=broad_include_flag
NEWS_NESTLE_2024_11_14_03ee223992,news,NESTLE,Nestle Malaysia Berhad,2024-11-14,The Star,Lucky duo gets salary for lifetime,https://www.thestar.com.my/metro/metro-news/2024/11/14/lucky-duo-gets-salary-for-lifetime,d6f4b8ce8226581bcc829937dba4bce475486535cc717af9b2e392059c435029,4206,false,Yes,low_confidence_company_news,low,Yes,weak_company_specific_context,1,0,New_news/NESTLE/NESTLE_news.csv,437626b696797b38605fd99fa0d515d8b54f29dfede3ecdc300a8f4dce97e6a4,"New_news_NESTLE_NESTLE_news_csv:{""row_number"": 407}:7a6bc090401f",02_extracted_text/news_clean/NEWS_NESTLE_2024_11_14_03ee223992.txt,source=Filter news real article text; synthetic_flag=false; registry_selection_flag=broad_include_flag
NEWS_NESTLE_2024_10_25_53b1895f8b,news,NESTLE,Nestle Malaysia Berhad,2024-10-25,The Star,A boost for consumption from Budget 2025,https://www.thestar.com.my/business/business-news/2024/10/25/a-boost-for-consumption-from-budget-2025,8a341714568f983a3fee1e2a38917c468da07d17f7b22619e02c26691ddc6c8e,4811,false,Yes,low_confidence_company_news,low,Yes,weak_company_specific_context,1,1,New_news/NESTLE/NESTLE_news.csv,437626b696797b38605fd99fa0d515d8b54f29dfede3ecdc300a8f4dce97e6a4,"New_news_NESTLE_NESTLE_news_csv:{""row_number"": 420}:2e9c0bdb5d56",02_extracted_text/news_clean/NEWS_NESTLE_2024_10_25_53b1895f8b.txt,source=Filter news real article text; synthetic_flag=false; registry_selection_flag=broad_include_flag
NEWS_NESTLE_2024_10_25_197df58c64,news,NESTLE,Nestle Malaysia Berhad,2024-10-25,The Star,Nestle records turnover of RM4.75bil in 9M24,https://www.thestar.com.my/business/business-news/2024/10/25/nestle-records-turnover-of-rm475bil-in-9m24,55aada2a797022bdad56f8a49242df3269128715abfeff4e0dc7ce73214f9d62,1727,false,Yes,high_confidence_company_news,high,No,,1,0,New_news/NESTLE/NESTLE_news.csv,437626b696797b38605fd99fa0d515d8b54f29dfede3ecdc300a8f4dce97e6a4,"New_news_NESTLE_NESTLE_news_csv:{""row_number"": 421}:c662188869f3",02_extracted_text/news_clean/NEWS_NESTLE_2024_10_25_197df58c64.txt,source=Filter news real article text; synthetic_flag=false; registry_selection_flag=broad_include_flag
NEWS_NESTLE_2024_09_30_e5b1ac6727,news,NESTLE,Nestle Malaysia Berhad,2024-09-30,The Star,Company pitches in with food aid for flood victims,https://www.thestar.com.my/metro/metro-news/2024/09/30/company-pitches-in-with-food-aid-for-flood-victims,e087d38c06d7cf31635ce1193648f2b43e4ff24dee7ca95b8a8bdcd85c915b71,1421,false,Yes,low_confidence_company_news,low,Yes,weak_company_specific_context,0,0,New_news/NESTLE/NESTLE_news.csv,437626b696797b38605fd99fa0d515d8b54f29dfede3ecdc300a8f4dce97e6a4,"New_news_NESTLE_NESTLE_news_csv:{""row_number"": 450}:a0c629640677",02_extracted_text/news_clean/NEWS_NESTLE_2024_09_30_e5b1ac6727.txt,source=Filter news real article text; synthetic_flag=false; registry_selection_flag=broad_include_flag
NEWS_NESTLE_2024_09_06_3479083847,news,NESTLE,Nestle Malaysia Berhad,2024-09-06,The Star,Nestle to prioritise domestic workers at its factory,https://www.thestar.com.my/business/business-news/2024/09/06/nestle-to-prioritise-domestic-workers-at-its-factory,ae1c4f5c541ed71bf11a582682a747ac9d3b89b4a4a6ea841db167d1a57d8cda,1463,false,Yes,high_confidence_company_news,high,No,,0,0,New_news/NESTLE/NESTLE_news.csv,437626b696797b38605fd99fa0d515d8b54f29dfede3ecdc300a8f4dce97e6a4,"New_news_NESTLE_NESTLE_news_csv:{""row_number"": 473}:b1e77b447180",02_extracted_text/news_clean/NEWS_NESTLE_2024_09_06_3479083847.txt,source=Filter news real article text; synthetic_flag=false; registry_selection_flag=broad_include_flag
NEWS_NESTLE_2024_09_05_d85c0b2d71,news,NESTLE,Nestle Malaysia Berhad,2024-09-05,The Star,Local grad honoured for leading green initiatives,https://www.thestar.com.my/metro/metro-news/2024/09/05/local-grad-honoured-for-leading-green-initiatives,f3099ff11a81d523801f422576cdb117f1a4161621b72b540a7dc82b6f4affa2,2647,false,Yes,low_confidence_company_news,low,Yes,weak_company_specific_context,1,0,New_news/NESTLE/NESTLE_news.csv,437626b696797b38605fd99fa0d515d8b54f29dfede3ecdc300a8f4dce97e6a4,"New_news_NESTLE_NESTLE_news_csv:{""row_number"": 479}:1ab474099cde",02_extracted_text/news_clean/NEWS_NESTLE_2024_09_05_d85c0b2d71.txt,source=Filter news real article text; synthetic_flag=false; registry_selection_flag=broad_include_flag
NEWS_NESTLE_2024_07_26_4b5f7c972f,news,NESTLE,Nestle Malaysia Berhad,2024-07-26,The Star,Nestle maintains strong market leadership,https://www.thestar.com.my/business/business-news/2024/07/26/nestle-maintains-strong-market-leadership,86ebba0976895ca5b87f5c66189856723281cc14eb753b56c5cecc61c814dbdb,2773,false,Yes,high_confidence_company_news,high,No,,1,0,New_news/NESTLE/NESTLE_news.csv,437626b696797b38605fd99fa0d515d8b54f29dfede3ecdc300a8f4dce97e6a4,"New_news_NESTLE_NESTLE_news_csv:{""row_number"": 522}:8cd5dede473e",02_extracted_text/news_clean/NEWS_NESTLE_2024_07_26_4b5f7c972f.txt,source=Filter news real article text; synthetic_flag=false; registry_selection_flag=broad_include_flag
NEWS_NESTLE_2024_07_25_93ac3583d2,news,NESTLE,Nestle Malaysia Berhad,2024-07-25,The Star,Nestle Malaysia posts lower 1H sales on cautious consumer spending,https://www.thestar.com.my/business/business-news/2024/07/25/nestle-malaysia-faces-lower-1h-sales-on-cautious-consumer-spending,97732e804962fa93288f55f85741f4878620165ee9e97c4310b498a1aad49373,1748,false,Yes,high_confidence_company_news,high,No,,1,0,New_news/NESTLE/NESTLE_news.csv,437626b696797b38605fd99fa0d515d8b54f29dfede3ecdc300a8f4dce97e6a4,"New_news_NESTLE_NESTLE_news_csv:{""row_number"": 523}:035a7eb50a27",02_extracted_text/news_clean/NEWS_NESTLE_2024_07_25_93ac3583d2.txt,source=Filter news real article text; synthetic_flag=false; registry_selection_flag=broad_include_flag
NEWS_NESTLE_2024_06_05_fb87b4df17,news,NESTLE,Nestle Malaysia Berhad,2024-06-05,The Star,2.8 million trees planted in reforestation efforts,https://www.thestar.com.my/metro/metro-news/2024/06/05/28-million-trees-planted-in-reforestation-efforts,8f519070d2d4284797bb6a5a2561b2b2a9a43fe485ff88f0216854fca4d60547,3010,false,Yes,high_confidence_company_news,high,No,,1,0,New_news/NESTLE/NESTLE_news.csv,437626b696797b38605fd99fa0d515d8b54f29dfede3ecdc300a8f4dce97e6a4,"New_news_NESTLE_NESTLE_news_csv:{""row_number"": 551}:0440e0e000a8",02_extracted_text/news_clean/NEWS_NESTLE_2024_06_05_fb87b4df17.txt,source=Filter news real article text; synthetic_flag=false; registry_selection_flag=broad_include_flag
NEWS_NESTLE_2024_05_16_dfb44e778f,news,NESTLE,Nestle Malaysia Berhad,2024-05-16,The Star,"Manufacturer’s dark chocolate variant made with Sabah, Sarawak cocoa beans",https://www.thestar.com.my/food/food-news/2024/05/16/manufacturers-dark-chocolate-variant-made-with-sabah-sarawak-cocoa-beans,e53b5fc421f58a20b3edb534f2ed8e4c6a2f8c660fca3d75cbf6a0813e760aab,3496,false,Yes,high_confidence_company_news,high,No,,1,0,New_news/NESTLE/NESTLE_news.csv,437626b696797b38605fd99fa0d515d8b54f29dfede3ecdc300a8f4dce97e6a4,"New_news_NESTLE_NESTLE_news_csv:{""row_number"": 572}:5c2e66774c32",02_extracted_text/news_clean/NEWS_NESTLE_2024_05_16_dfb44e778f.txt,source=Filter news real article text; synthetic_flag=false; registry_selection_flag=broad_include_flag
NEWS_NESTLE_2024_04_25_e0b190ae68,news,NESTLE,Nestle Malaysia Berhad,2024-04-25,The Star,NESTLE’S ‘SALARY FOR LIFE’ CONTEST RETURNS,https://www.thestar.com.my/news/nation/2024/04/25/nestles-salary-for-life-contest-returns,93c42087fed43df7fa1a5caf7c8fafd16e1525da5ad4da5703abb764616815f6,5008,false,Yes,high_confidence_company_news,high,No,,1,0,New_news/NESTLE/NESTLE_news.csv,437626b696797b38605fd99fa0d515d8b54f29dfede3ecdc300a8f4dce97e6a4,"New_news_NESTLE_NESTLE_news_csv:{""row_number"": 587}:6421843b3b0d",02_extracted_text/news_clean/NEWS_NESTLE_2024_04_25_e0b190ae68.txt,source=Filter news real article text; synthetic_flag=false; registry_selection_flag=broad_include_flag
NEWS_NESTLE_2024_04_16_9f0218476d,news,NESTLE,Nestle Malaysia Berhad,2024-04-16,The Star,Time-saving pastries make for good snacks,https://www.thestar.com.my/food/food-news/2024/04/16/time-saving-pastries-make-for-good-snacks,18046119b95d0a7d5dceef994f85c7d5998edbe69b0b99482735717d42d379a5,307,false,Yes,high_confidence_company_news,high,No,,0,0,New_news/NESTLE/NESTLE_news.csv,437626b696797b38605fd99fa0d515d8b54f29dfede3ecdc300a8f4dce97e6a4,"New_news_NESTLE_NESTLE_news_csv:{""row_number"": 605}:5311ccdb5f7a",02_extracted_text/news_clean/NEWS_NESTLE_2024_04_16_9f0218476d.txt,source=Filter news real article text; synthetic_flag=false; registry_selection_flag=broad_include_flag
NEWS_NESTLE_2024_04_08_80db6e4ffd,news,NESTLE,Nestle Malaysia Berhad,2024-04-08,The Star,New appointments set to guide Invictus Blue’s integrated proposition,https://www.thestar.com.my/business/business-news/2024/04/08/new-appointments-set-to-guide-invictus-blues-integrated-proposition,9bf635c824b40d314bcc54dd04a586f7f8f5a61f71e28f54de977ebf27f6c1e7,1911,false,Yes,low_confidence_company_news,low,Yes,weak_company_specific_context,1,0,New_news/NESTLE/NESTLE_news.csv,437626b696797b38605fd99fa0d515d8b54f29dfede3ecdc300a8f4dce97e6a4,"New_news_NESTLE_NESTLE_news_csv:{""row_number"": 608}:22514a2216f9",02_extracted_text/news_clean/NEWS_NESTLE_2024_04_08_80db6e4ffd.txt,source=Filter news real article text; synthetic_flag=false; registry_selection_flag=broad_include_flag
NEWS_NESTLE_2024_03_08_b10239edc7,news,NESTLE,Nestle Malaysia Berhad,2024-03-08,The Star,Nestle Malaysia commissions RM18mil biomass boiler at Chembong complex to reduce carbon footprint,https://www.thestar.com.my/metro/metro-news/2024/03/08/nestle-malaysia-commissions-rm18mil-biomass-boiler-at-chembong-complex-to-reduce-carbon-footprint,d42d842a18bb411f85693ed3e4f2f27cc8b9a050746abc4bcef53d6adf9a5ade,3321,false,Yes,high_confidence_company_news,high,No,,0,0,New_news/NESTLE/NESTLE_news.csv,437626b696797b38605fd99fa0d515d8b54f29dfede3ecdc300a8f4dce97e6a4,"New_news_NESTLE_NESTLE_news_csv:{""row_number"": 628}:1a80f3d38b99",02_extracted_text/news_clean/NEWS_NESTLE_2024_03_08_b10239edc7.txt,source=Filter news real article text; synthetic_flag=false; registry_selection_flag=broad_include_flag
NEWS_OFI_2024_05_29_04c8df5867,news,OFI,Oriental Food Industries Holdings Berhad,2024-05-29,The Star,Super Ring maker Oriental Food posts over 4-fold profit jump in 4Q24,https://www.thestar.com.my/business/business-news/2024/05/29/oriental-food-posts-over-4-fold-profit-jump-in-4q24,e3cc7c7499adca84f72173264a1e08d222731f144bbe96fcf8d947854d6eaddb,1645,false,Yes,high_confidence_company_news,high,No,,1,0,New_news/OFI/OFI_news.csv,c266423998389ceb59ce49715045f90b1d181f07327dbdac876a7fc9df14e53c,"New_news_OFI_OFI_news_csv:{""row_number"": 9771}:7cc5305e2ba9",02_extracted_text/news_clean/NEWS_OFI_2024_05_29_04c8df5867.txt,source=Filter news real article text; synthetic_flag=false; registry_selection_flag=broad_include_flag
NEWS_ORGABIO_2025_05_22_63f5a4d15c,news,ORGABIO,Orgabio Holdings Berhad,2025-05-22,The Star,Orgabio optimistic on instant beverage market growth,https://www.thestar.com.my/business/business-news/2025/05/22/orgabio-optimistic-on-instant-beverage-market-growth,7e05e64a3ffb65ddd35e3344e029070ea1092bb76eb2655d5edc0becc7c07ec9,1565,false,Yes,low_confidence_company_news,low,Yes,sponsor_list_or_csr_only,1,0,New_news/ORGABIO/ORGABIO_news.csv,6cd0eaee2df45a0da2e5de8a70ca5ddaae300ade75605e3d81622403026a4312,"New_news_ORGABIO_ORGABIO_news_csv:{""row_number"": 71}:82216ebd71c8",02_extracted_text/news_clean/NEWS_ORGABIO_2025_05_22_63f5a4d15c.txt,source=Filter news real article text; synthetic_flag=false; registry_selection_flag=broad_include_flag
NEWS_PPB_2025_11_27_5769e41c44,news,PPB,PPB Group Berhad,2025-11-27,The Star,"PPB posts 3Q25 loss, sees better performance ahead",https://www.thestar.com.my/business/business-news/2025/11/27/ppb-posts-3q25-loss-sees-better-performance-ahead,2bd530915df3bf29298015a0568299c415654e06ffd34d2d09ef984e491c0605,3060,false,Yes,high_confidence_company_news,high,No,,1,0,New_news/PPB/PPB_news.csv,ebffdac47db3b0ac2eb44a1b3940e1bae79ecfdd1d23d11f0d8629f713b35ff7,"New_news_PPB_PPB_news_csv:{""row_number"": 11}:f5e4a8c25af0",02_extracted_text/news_clean/NEWS_PPB_2025_11_27_5769e41c44.txt,source=Filter news real article text; synthetic_flag=false; registry_selection_flag=broad_include_flag
NEWS_PPB_2025_10_23_8c35deb984,news,PPB,PPB Group Berhad,2025-10-23,The Star,PPB likely to endure minor hit from Wilmar case,https://www.thestar.com.my/business/business-news/2025/10/23/ppb-likely-to-endure-minor-hit-from-wilmar-case,1434f4ba13bd254874c80b19d8a8c1979a61cedaa8cff4e059085fe03ebaccf1,1540,false,Yes,high_confidence_company_news,high,No,,1,0,New_news/PPB/PPB_news.csv,ebffdac47db3b0ac2eb44a1b3940e1bae79ecfdd1d23d11f0d8629f713b35ff7,"New_news_PPB_PPB_news_csv:{""row_number"": 19}:605ec23d774d",02_extracted_text/news_clean/NEWS_PPB_2025_10_23_8c35deb984.txt,source=Filter news real article text; synthetic_flag=false; registry_selection_flag=broad_include_flag
NEWS_PPB_2025_10_22_07c30b4b87,news,PPB,PPB Group Berhad,2025-10-22,The Star,Wilmar’s Indonesia unit charged for sugar import,https://www.thestar.com.my/business/business-news/2025/10/22/wilmars-indonesia-unit-charged-for-sugar-import,09cca20f1bc2a2ebbf7b03d204ca52bc3bf15b0d485ad79fd0b0b8853f29c5d7,2042,false,Yes,low_confidence_company_news,low,Yes,weak_company_specific_context,1,0,New_news/PPB/PPB_news.csv,ebffdac47db3b0ac2eb44a1b3940e1bae79ecfdd1d23d11f0d8629f713b35ff7,"New_news_PPB_PPB_news_csv:{""row_number"": 20}:060f6e0bc215",02_extracted_text/news_clean/NEWS_PPB_2025_10_22_07c30b4b87.txt,source=Filter news real article text; synthetic_flag=false; registry_selection_flag=broad_include_flag
NEWS_PPB_2025_10_03_5e4771fefe,news,PPB,PPB Group Berhad,2025-10-03,The Star,Leong Hup unit wins relief from MyCC fine,https://www.thestar.com.my/business/business-news/2025/10/03/leong-hup-unit-wins-relief-from-mycc-fine,240eb091f1528de81eda1b9eaecdf3190c8d8651a6f11ee968a7e7e42d15dd2f,1364,false,Yes,low_confidence_company_news,low,Yes,weak_company_specific_context,1,1,New_news/PPB/PPB_news.csv,ebffdac47db3b0ac2eb44a1b3940e1bae79ecfdd1d23d11f0d8629f713b35ff7,"New_news_PPB_PPB_news_csv:{""row_number"": 25}:c95b7fac9080",02_extracted_text/news_clean/NEWS_PPB_2025_10_03_5e4771fefe.txt,source=Filter news real article text; synthetic_flag=false; registry_selection_flag=broad_include_flag
NEWS_PPB_2025_10_02_62db2f4c6a,news,PPB,PPB Group Berhad,2025-10-02,The Star,"High Court grants Leong Hup, PPB’s FFM stay on MyCC penalties",https://www.thestar.com.my/business/business-news/2025/10/02/high-court-grants-leong-hup-ppbs-ffm-stay-on-mycc-penalties,a87811ad74cee563c0cc9344909e9502acc861a19d476b53247b1238be0f6add,1769,false,Yes,low_confidence_company_news,low,Yes,ticker_only_title_context,1,1,New_news/PPB/PPB_news.csv,ebffdac47db3b0ac2eb44a1b3940e1bae79ecfdd1d23d11f0d8629f713b35ff7,"New_news_PPB_PPB_news_csv:{""row_number"": 26}:4d142764aaa6",02_extracted_text/news_clean/NEWS_PPB_2025_10_02_62db2f4c6a.txt,source=Filter news real article text; synthetic_flag=false; registry_selection_flag=broad_include_flag
NEWS_PPB_2025_10_01_44446a28fe,news,PPB,PPB Group Berhad,2025-10-01,The Star,PPB outlook brightens after Wilmar verdict,https://www.thestar.com.my/business/business-news/2025/10/01/ppb-outlook-brightens-after-wilmar-verdict,bc837a1602c6d737958c11cdccc0c803dd56970323c40d665050fddf2b332113,3155,false,Yes,high_confidence_company_news,high,No,,1,0,New_news/PPB/PPB_news.csv,ebffdac47db3b0ac2eb44a1b3940e1bae79ecfdd1d23d11f0d8629f713b35ff7,"New_news_PPB_PPB_news_csv:{""row_number"": 28}:309cd47a3dd1",02_extracted_text/news_clean/NEWS_PPB_2025_10_01_44446a28fe.txt,source=Filter news real article text; synthetic_flag=false; registry_selection_flag=broad_include_flag
NEWS_PPB_2025_09_25_2ed0f53daf,news,PPB,PPB Group Berhad,2025-09-25,The Star,PPB valuations remain attractive,https://www.thestar.com.my/business/business-news/2025/09/25/ppb-valuations-remain-attractive,a2bd6145ad7524fc7d2f4373cf819708dcd6bedf8531f640746d95e142e72025,2698,false,Yes,high_confidence_company_news,high,No,,1,0,New_news/PPB/PPB_news.csv,ebffdac47db3b0ac2eb44a1b3940e1bae79ecfdd1d23d11f0d8629f713b35ff7,"New_news_PPB_PPB_news_csv:{""row_number"": 29}:ded1a0668311",02_extracted_text/news_clean/NEWS_PPB_2025_09_25_2ed0f53daf.txt,source=Filter news real article text; synthetic_flag=false; registry_selection_flag=broad_include_flag
NEWS_PPB_2025_09_03_38f13f7a40,news,PPB,PPB Group Berhad,2025-09-03,The Star,PPB Group confident Wilmar case will not affect dividend commitment,https://www.thestar.com.my/business/business-news/2025/09/03/ppb-group-confident-wilmar-case-will-not-affect-dividend-commitment,77c70e83eb749caef7064452c5772b80a1e5d1c2354d5223c076c76083d179eb,2757,false,Yes,high_confidence_company_news,high,No,,1,0,New_news/PPB/PPB_news.csv,ebffdac47db3b0ac2eb44a1b3940e1bae79ecfdd1d23d11f0d8629f713b35ff7,"New_news_PPB_PPB_news_csv:{""row_number"": 37}:03ea39770176",02_extracted_text/news_clean/NEWS_PPB_2025_09_03_38f13f7a40.txt,source=Filter news real article text; synthetic_flag=false; registry_selection_flag=broad_include_flag
NEWS_PPB_2025_08_28_07d20392fa,news,PPB,PPB Group Berhad,2025-08-28,The Star,PPB banks on grain for stability,https://www.thestar.com.my/business/business-news/2025/08/28/ppb-banks-on-grain-for-stability,c2344751b9dc21afff2bc548ed3fbde9801dedbcb94616c82d2ec0c0b192bb50,979,false,Yes,high_confidence_company_news,high,No,,1,0,New_news/PPB/PPB_news.csv,ebffdac47db3b0ac2eb44a1b3940e1bae79ecfdd1d23d11f0d8629f713b35ff7,"New_news_PPB_PPB_news_csv:{""row_number"": 39}:5ef40d398d61",02_extracted_text/news_clean/NEWS_PPB_2025_08_28_07d20392fa.txt,source=Filter news real article text; synthetic_flag=false; registry_selection_flag=broad_include_flag
NEWS_PPB_2025_08_27_2d730571a9,news,PPB,PPB Group Berhad,2025-08-27,The Star,PPB records lower net profit in 2Q25,https://www.thestar.com.my/business/business-news/2025/08/27/ppb-records-lower-net-profit-in-2q25,606b545642e05236fd65c8f0053b010e677114942ac175eb8a04580cad7581fe,989,false,Yes,high_confidence_company_news,high,No,,1,0,New_news/PPB/PPB_news.csv,ebffdac47db3b0ac2eb44a1b3940e1bae79ecfdd1d23d11f0d8629f713b35ff7,"New_news_PPB_PPB_news_csv:{""row_number"": 40}:d477c4a257b3",02_extracted_text/news_clean/NEWS_PPB_2025_08_27_2d730571a9.txt,source=Filter news real article text; synthetic_flag=false; registry_selection_flag=broad_include_flag
NEWS_PPB_2025_08_08_9f5b2b8a71,news,PPB,PPB Group Berhad,2025-08-08,The Star,KLCI edges higher at midday on selective buying in heavyweights,https://www.thestar.com.my/business/business-news/2025/08/08/klci-edges-higher-at-midday-on-selective-buying-in-heavyweights,a1760cdfdf4e5ca2bbfa2535229d4a3824a79048deb412169cef6e1780640a38,2323,false,Yes,low_confidence_company_news,low,Yes,sponsor_list_or_csr_only,1,1,New_news/PPB/PPB_news.csv,ebffdac47db3b0ac2eb44a1b3940e1bae79ecfdd1d23d11f0d8629f713b35ff7,"New_news_PPB_PPB_news_csv:{""row_number"": 49}:10964f7176f4",02_extracted_text/news_clean/NEWS_PPB_2025_08_08_9f5b2b8a71.txt,source=Filter news real article text; synthetic_flag=false; registry_selection_flag=broad_include_flag
NEWS_PPB_2025_06_19_a37ef2f9bf,news,PPB,PPB Group Berhad,2025-06-19,The Star,PPB risk premium higher amid legal case in Indonesia,https://www.thestar.com.my/business/business-news/2025/06/19/ppb-risk-premium-higher-amid-legal-case-in-indonesia,0a6d40cbf5d34e6260ffbd52f497917d5dcad02942f300a8a71bc0f95153d05e,1809,false,Yes,low_confidence_company_news,low,Yes,ticker_only_title_context,1,0,New_news/PPB/PPB_news.csv,ebffdac47db3b0ac2eb44a1b3940e1bae79ecfdd1d23d11f0d8629f713b35ff7,"New_news_PPB_PPB_news_csv:{""row_number"": 60}:b297a4496440",02_extracted_text/news_clean/NEWS_PPB_2025_06_19_a37ef2f9bf.txt,source=Filter news real article text; synthetic_flag=false; registry_selection_flag=broad_include_flag
NEWS_PPB_2025_05_29_e6341f2fd8,news,PPB,PPB Group Berhad,2025-05-29,The Star,PPB posts higher net profit in 1Q,https://www.thestar.com.my/business/business-news/2025/05/29/ppb-posts-higher-net-profit-in-1q,c1fd1406f2439267cb34a91e613bbc76a805a18f4bc4d0f6943d36c49fd41d99,714,false,Yes,high_confidence_company_news,high,No,,1,0,New_news/PPB/PPB_news.csv,ebffdac47db3b0ac2eb44a1b3940e1bae79ecfdd1d23d11f0d8629f713b35ff7,"New_news_PPB_PPB_news_csv:{""row_number"": 63}:8573ca62fe23",02_extracted_text/news_clean/NEWS_PPB_2025_05_29_e6341f2fd8.txt,source=Filter news real article text; synthetic_flag=false; registry_selection_flag=broad_include_flag
NEWS_PPB_2025_03_06_130c19688a,news,PPB,PPB Group Berhad,2025-03-06,The Star,PPB Group expects sound performance in 2025,https://www.thestar.com.my/business/business-news/2025/03/06/ppb-group-expects-sound-performance-in-2025,d0a2d850b3a9e090711b215abc108d8d2d62a9d28d409ae91736fd7c8c2cb07a,1850,false,Yes,high_confidence_company_news,high,No,,1,0,New_news/PPB/PPB_news.csv,ebffdac47db3b0ac2eb44a1b3940e1bae79ecfdd1d23d11f0d8629f713b35ff7,"New_news_PPB_PPB_news_csv:{""row_number"": 75}:2b91a492ea2e",02_extracted_text/news_clean/NEWS_PPB_2025_03_06_130c19688a.txt,source=Filter news real article text; synthetic_flag=false; registry_selection_flag=broad_include_flag
NEWS_PPB_2025_03_05_270cb8e52d,news,PPB,PPB Group Berhad,2025-03-05,The Star,PPB Group expects core business to continue delivering satisfactory performance in 2025,https://www.thestar.com.my/business/business-news/2025/03/05/ppb-group-expects-core-business-to-continue-delivering-satisfactory-performance-in-2025,0b1d9370d9152cda39f70a2fb4ab39cb7c251a04d94887a5785913f5c27b9fc8,2168,false,Yes,high_confidence_company_news,high,No,,1,0,New_news/PPB/PPB_news.csv,ebffdac47db3b0ac2eb44a1b3940e1bae79ecfdd1d23d11f0d8629f713b35ff7,"New_news_PPB_PPB_news_csv:{""row_number"": 76}:e28004847d26",02_extracted_text/news_clean/NEWS_PPB_2025_03_05_270cb8e52d.txt,source=Filter news real article text; synthetic_flag=false; registry_selection_flag=broad_include_flag
NEWS_PPB_2025_02_12_81559aea86,news,PPB,PPB Group Berhad,2025-02-12,The Star,Wilmar’s latest acquisition to bolster earnings,https://www.thestar.com.my/business/business-news/2025/02/12/wilmars-latest-acquisition-to-bolster-earnings,dcf53b97de50f9bd686352a51f959d1597d748c8ab503e76af96a47386cd018f,3569,false,Yes,low_confidence_company_news,low,Yes,weak_company_specific_context,1,0,New_news/PPB/PPB_news.csv,ebffdac47db3b0ac2eb44a1b3940e1bae79ecfdd1d23d11f0d8629f713b35ff7,"New_news_PPB_PPB_news_csv:{""row_number"": 83}:40b75dcdb03f",02_extracted_text/news_clean/NEWS_PPB_2025_02_12_81559aea86.txt,source=Filter news real article text; synthetic_flag=false; registry_selection_flag=broad_include_flag
NEWS_PPB_2024_11_28_542e8052de,news,PPB,PPB Group Berhad,2024-11-28,The Star,PPB's 3Q net profit falls to RM208.12mil,https://www.thestar.com.my/business/business-news/2024/11/28/ppb039s-3q-net-profit-falls-to-rm20812mil,4b27cdb940c36a981ad9bf31acf5073ec6a067918e0202d1d48cff6c2a53f770,1516,false,Yes,high_confidence_company_news,high,No,,1,0,New_news/PPB/PPB_news.csv,ebffdac47db3b0ac2eb44a1b3940e1bae79ecfdd1d23d11f0d8629f713b35ff7,"New_news_PPB_PPB_news_csv:{""row_number"": 95}:dbba9c2ce6b3",02_extracted_text/news_clean/NEWS_PPB_2024_11_28_542e8052de.txt,source=Filter news real article text; synthetic_flag=false; registry_selection_flag=broad_include_flag
NEWS_PPB_2024_09_06_37ef99cc5c,news,PPB,PPB Group Berhad,2024-09-06,The Star,Better prospects for plantation companies in 2H24,https://www.thestar.com.my/business/business-news/2024/09/06/better-prospects-for-plantation-companies-in-2h24,28b76652e473131a47ae2f11a4bcfbb1154c30f6ddd59a815e716cde41896abe,3368,false,Yes,low_confidence_company_news,low,Yes,weak_company_specific_context,1,0,New_news/PPB/PPB_news.csv,ebffdac47db3b0ac2eb44a1b3940e1bae79ecfdd1d23d11f0d8629f713b35ff7,"New_news_PPB_PPB_news_csv:{""row_number"": 116}:0c1322892b54",02_extracted_text/news_clean/NEWS_PPB_2024_09_06_37ef99cc5c.txt,source=Filter news real article text; synthetic_flag=false; registry_selection_flag=broad_include_flag
NEWS_PPB_2024_09_06_c0abc7d33f,news,PPB,PPB Group Berhad,2024-09-06,The Star,PPB expects uptick in consumer product ops,https://www.thestar.com.my/business/business-news/2024/09/06/ppb-expects-uptick-in-consumer-product-ops,072e186f5fede1d1b7772647953fd8d2be96108934e660b70a26474bacb7e281,3127,false,Yes,high_confidence_company_news,high,No,,1,0,New_news/PPB/PPB_news.csv,ebffdac47db3b0ac2eb44a1b3940e1bae79ecfdd1d23d11f0d8629f713b35ff7,"New_news_PPB_PPB_news_csv:{""row_number"": 117}:bd97f50186a6",02_extracted_text/news_clean/NEWS_PPB_2024_09_06_c0abc7d33f.txt,source=Filter news real article text; synthetic_flag=false; registry_selection_flag=broad_include_flag
NEWS_PPB_2024_09_05_b64b39b6ec,news,PPB,PPB Group Berhad,2024-09-05,The Star,Higher yearly earnings for plantation companies,https://www.thestar.com.my/business/business-news/2024/09/05/higher-yearly-earnings-for-plantation-companies,2b06740afd16ba7ab31b53cb2299ea74afbfdb6437fb542f0f2a50d4dd3ff819,4384,false,Yes,low_confidence_company_news,low,Yes,weak_company_specific_context,1,0,New_news/PPB/PPB_news.csv,ebffdac47db3b0ac2eb44a1b3940e1bae79ecfdd1d23d11f0d8629f713b35ff7,"New_news_PPB_PPB_news_csv:{""row_number"": 120}:9f9cbf1ae679",02_extracted_text/news_clean/NEWS_PPB_2024_09_05_b64b39b6ec.txt,source=Filter news real article text; synthetic_flag=false; registry_selection_flag=broad_include_flag
NEWS_PPB_2024_08_30_013fe4fff4,news,PPB,PPB Group Berhad,2024-08-30,The Star,PPB Group quarterly earnings higher at RM309mil,https://www.thestar.com.my/business/business-news/2024/08/30/ppb-group-quarterly-earnings-higher-at-rm309mil,8d6f6084c972814dc4329dd340bb637a24e2b4527f133a43a6d1128cb30f9bfa,995,false,Yes,high_confidence_company_news,high,No,,1,0,New_news/PPB/PPB_news.csv,ebffdac47db3b0ac2eb44a1b3940e1bae79ecfdd1d23d11f0d8629f713b35ff7,"New_news_PPB_PPB_news_csv:{""row_number"": 124}:ff8a492bfe42",02_extracted_text/news_clean/NEWS_PPB_2024_08_30_013fe4fff4.txt,source=Filter news real article text; synthetic_flag=false; registry_selection_flag=broad_include_flag
NEWS_PPB_2024_08_29_3b94579d0a,news,PPB,PPB Group Berhad,2024-08-29,The Star,PPB Group 2Q net profit higher at RM308.919mil,https://www.thestar.com.my/business/business-news/2024/08/29/ppb-group-2q-net-profit-higher-at-rm308919mil,aca562d4c24b96acdcfbcf22de2dfa0706e8d6ff213014626f252dd83d4af32c,1092,false,Yes,high_confidence_company_news,high,No,,1,0,New_news/PPB/PPB_news.csv,ebffdac47db3b0ac2eb44a1b3940e1bae79ecfdd1d23d11f0d8629f713b35ff7,"New_news_PPB_PPB_news_csv:{""row_number"": 125}:511a589b30cc",02_extracted_text/news_clean/NEWS_PPB_2024_08_29_3b94579d0a.txt,source=Filter news real article text; synthetic_flag=false; registry_selection_flag=broad_include_flag
NEWS_PPB_2024_08_15_76917e3c4c,news,PPB,PPB Group Berhad,2024-08-15,The Star,Softer earnings likely for PPB Group in 1H24,https://www.thestar.com.my/business/business-news/2024/08/15/softer-earnings-likely-for-ppb-group-in-1h24,14c4c1e5ca70f11b6c8b6f95a93edfa50938e030a858cd5ef3337a00c14696f5,3306,false,Yes,high_confidence_company_news,high,No,,1,0,New_news/PPB/PPB_news.csv,ebffdac47db3b0ac2eb44a1b3940e1bae79ecfdd1d23d11f0d8629f713b35ff7,"New_news_PPB_PPB_news_csv:{""row_number"": 128}:8e04930db769",02_extracted_text/news_clean/NEWS_PPB_2024_08_15_76917e3c4c.txt,source=Filter news real article text; synthetic_flag=false; registry_selection_flag=broad_include_flag
NEWS_PPB_2024_06_25_1f5058a240,news,PPB,PPB Group Berhad,2024-06-25,The Star,Toy library a treasure trove for B40 in Lembah Subang,https://www.thestar.com.my/metro/metro-news/2024/06/25/toy-library-a-treasure-trove-for-b40-in-lembah-subang,aecbbf8446659cfc09b706b430d6ee23fe0c4b1a24cb17122b1e1421c46780e2,3455,false,Yes,low_confidence_company_news,low,Yes,weak_company_specific_context,1,0,New_news/PPB/PPB_news.csv,ebffdac47db3b0ac2eb44a1b3940e1bae79ecfdd1d23d11f0d8629f713b35ff7,"New_news_PPB_PPB_news_csv:{""row_number"": 139}:3cdbe775843c",02_extracted_text/news_clean/NEWS_PPB_2024_06_25_1f5058a240.txt,source=Filter news real article text; synthetic_flag=false; registry_selection_flag=broad_include_flag
NEWS_PPB_2024_06_19_90873d2b58,news,PPB,PPB Group Berhad,2024-06-19,The Star,Techbond in the spotlight,https://www.thestar.com.my/business/business-news/2024/06/19/techbond-in-the-spotlight,1eee31413c9f153a61f5595e9f0946461612a746cb6fece6ade5d3e27fa7f6fe,2560,false,Yes,low_confidence_company_news,low,Yes,weak_company_specific_context,1,0,New_news/PPB/PPB_news.csv,ebffdac47db3b0ac2eb44a1b3940e1bae79ecfdd1d23d11f0d8629f713b35ff7,"New_news_PPB_PPB_news_csv:{""row_number"": 141}:1d9f01f09b0f",02_extracted_text/news_clean/NEWS_PPB_2024_06_19_90873d2b58.txt,source=Filter news real article text; synthetic_flag=false; registry_selection_flag=broad_include_flag
NEWS_PPB_2024_06_11_be261e3503,news,PPB,PPB Group Berhad,2024-06-11,The Star,Muted near-term downstream earnings likely for planters,https://www.thestar.com.my/business/business-news/2024/06/11/muted-near-term-downstream-earnings-likely-for-planters,381e07f79eed59c97c6117c2d4d2aa817bba45ba40bea1462955000743c7e2fc,3311,false,Yes,low_confidence_company_news,low,Yes,weak_company_specific_context,1,0,New_news/PPB/PPB_news.csv,ebffdac47db3b0ac2eb44a1b3940e1bae79ecfdd1d23d11f0d8629f713b35ff7,"New_news_PPB_PPB_news_csv:{""row_number"": 144}:c4b8edb8d8f6",02_extracted_text/news_clean/NEWS_PPB_2024_06_11_be261e3503.txt,source=Filter news real article text; synthetic_flag=false; registry_selection_flag=broad_include_flag
NEWS_PPB_2024_06_04_85c6d017d5,news,PPB,PPB Group Berhad,2024-06-04,The Star,Brighter prospects for PPB Group on China recovery,https://www.thestar.com.my/business/business-news/2024/06/04/brighter-prospects-for-ppb-group-on-china-recovery,054b65029f41c882036d8f10be09efabfcdcf16ef07e8f500a669b3d7a7d2235,2121,false,Yes,high_confidence_company_news,high,No,,1,0,New_news/PPB/PPB_news.csv,ebffdac47db3b0ac2eb44a1b3940e1bae79ecfdd1d23d11f0d8629f713b35ff7,"New_news_PPB_PPB_news_csv:{""row_number"": 147}:a6c5c7dd8473",02_extracted_text/news_clean/NEWS_PPB_2024_06_04_85c6d017d5.txt,source=Filter news real article text; synthetic_flag=false; registry_selection_flag=broad_include_flag
NEWS_PPB_2024_06_04_c7ed71f649,news,PPB,PPB Group Berhad,2024-06-04,The Star,High expectations for corporate earnings,https://www.thestar.com.my/business/business-news/2024/06/04/high-expectations--for-corporate-earnings,4402b9cc9bdba665b0e87f5255f8cc7cc436ed58d5cb0e4f55a4f4a31ae4c524,5292,false,Yes,low_confidence_company_news,low,Yes,stock_market_roundup_list_only,1,0,New_news/PPB/PPB_news.csv,ebffdac47db3b0ac2eb44a1b3940e1bae79ecfdd1d23d11f0d8629f713b35ff7,"New_news_PPB_PPB_news_csv:{""row_number"": 148}:30f5d0ce7d32",02_extracted_text/news_clean/NEWS_PPB_2024_06_04_c7ed71f649.txt,source=Filter news real article text; synthetic_flag=false; registry_selection_flag=broad_include_flag
NEWS_PPB_2024_05_30_4398a6b842,news,PPB,PPB Group Berhad,2024-05-30,The Star,PPB posts lower net profit of RM337.17mil in 1Q,https://www.thestar.com.my/business/business-news/2024/05/30/ppb-posts-lower-net-profit-of-rm33717mil-in-1q,ad06ecb57b4fbfa03af1dc06ef4a4e992374aa5f4a9710bff871a19ca2adf90f,2097,false,Yes,high_confidence_company_news,high,No,,1,0,New_news/PPB/PPB_news.csv,ebffdac47db3b0ac2eb44a1b3940e1bae79ecfdd1d23d11f0d8629f713b35ff7,"New_news_PPB_PPB_news_csv:{""row_number"": 149}:ae6dcc6af3eb",02_extracted_text/news_clean/NEWS_PPB_2024_05_30_4398a6b842.txt,source=Filter news real article text; synthetic_flag=false; registry_selection_flag=broad_include_flag
NEWS_PPB_2024_03_20_e106615fa1,news,PPB,PPB Group Berhad,2024-03-20,The Star,Mixed outlook for plantations on downstream margin drag,https://www.thestar.com.my/business/business-news/2024/03/20/mixed-outlook-for-plantations-on-downstream-margin-drag,34c4d58f26858c9ef38e991f7c7a753fa7e3a52ee8f2a46becf7d4f9151f6bcd,2313,false,Yes,low_confidence_company_news,low,Yes,weak_company_specific_context,1,0,New_news/PPB/PPB_news.csv,ebffdac47db3b0ac2eb44a1b3940e1bae79ecfdd1d23d11f0d8629f713b35ff7,"New_news_PPB_PPB_news_csv:{""row_number"": 165}:12e405e5e08a",02_extracted_text/news_clean/NEWS_PPB_2024_03_20_e106615fa1.txt,source=Filter news real article text; synthetic_flag=false; registry_selection_flag=broad_include_flag
NEWS_PPB_2024_03_07_9a5d462dbc,news,PPB,PPB Group Berhad,2024-03-07,The Star,"PPB to spend RM419mil on flour, feed milling unit",https://www.thestar.com.my/business/business-news/2024/03/07/ppb-to-spend-rm419mil-on-flour-feed-milling-unit,1e92ccdec5c5d5142195043782bc748d7d450266fee79d40c90aaf1135d18f0a,2803,false,Yes,high_confidence_company_news,high,No,,1,0,New_news/PPB/PPB_news.csv,ebffdac47db3b0ac2eb44a1b3940e1bae79ecfdd1d23d11f0d8629f713b35ff7,"New_news_PPB_PPB_news_csv:{""row_number"": 169}:3a7d6cb9688d",02_extracted_text/news_clean/NEWS_PPB_2024_03_07_9a5d462dbc.txt,source=Filter news real article text; synthetic_flag=false; registry_selection_flag=broad_include_flag
NEWS_SPRITZER_2026_01_01_29fb9054f6,news,SPRITZER,SPRITZER,2026-01-01,The Star,SupportLine,https://www.thestar.com.my/business/business-news/2026/01/01/supportline,1ec0e69795b9a6490f6303568754cea6556f90567b619d2eb03204dc3823cbc6,1997,false,Yes,low_confidence_company_news,low,Yes,weak_company_specific_context,1,1,New_news/SPRITZER/SPRITZER_news.csv,773d67a6f9c6dae5777b3e0a0ad1ed087c722bea6cb6a23296e9c18ef3f12c48,"New_news_SPRITZER_SPRITZER_news_csv:{""row_number"": 1}:053687951a06",02_extracted_text/news_clean/NEWS_SPRITZER_2026_01_01_29fb9054f6.txt,source=Filter news real article text; synthetic_flag=false; registry_selection_flag=broad_include_flag
NEWS_SPRITZER_2025_12_19_5cfa1fd486,news,SPRITZER,SPRITZER,2025-12-19,The Star,"Tourism, policy support to boost consumer sector",https://www.thestar.com.my/business/business-news/2025/12/19/tourism-policy-support-to-boost-consumer-sector,e7fd470ac598b97cede5111d39045fec2ceb7a603895f4a41fbd2a64a1ee7902,3712,false,Yes,low_confidence_company_news,low,Yes,weak_company_specific_context,1,1,New_news/SPRITZER/SPRITZER_news.csv,773d67a6f9c6dae5777b3e0a0ad1ed087c722bea6cb6a23296e9c18ef3f12c48,"New_news_SPRITZER_SPRITZER_news_csv:{""row_number"": 3}:11c77ed89595",02_extracted_text/news_clean/NEWS_SPRITZER_2025_12_19_5cfa1fd486.txt,source=Filter news real article text; synthetic_flag=false; registry_selection_flag=broad_include_flag
NEWS_SPRITZER_2025_12_05_51db7c5d1a,news,SPRITZER,SPRITZER,2025-12-05,The Star,Opportunity for investors to profit from Spritzer,https://www.thestar.com.my/business/business-news/2025/12/05/opportunity-for-investors-to-profit-from-spritzer,85525101a481512dde49384a4f83206eac63d2e13fc611b3ec87a3ad26e8c5fe,1951,false,Yes,high_confidence_company_news,high,No,,1,0,New_news/SPRITZER/SPRITZER_news.csv,773d67a6f9c6dae5777b3e0a0ad1ed087c722bea6cb6a23296e9c18ef3f12c48,"New_news_SPRITZER_SPRITZER_news_csv:{""row_number"": 5}:bfab846a0e6c",02_extracted_text/news_clean/NEWS_SPRITZER_2025_12_05_51db7c5d1a.txt,source=Filter news real article text; synthetic_flag=false; registry_selection_flag=broad_include_flag
NEWS_SPRITZER_2025_11_14_13ba2ae89f,news,SPRITZER,SPRITZER,2025-11-14,The Star,Inbound tourists to bring growth along for the ride,https://www.thestar.com.my/business/business-news/2025/11/14/inbound-tourists-to-bring-growth-along-for-the-ride,a1553a410787bb863d56e63a58342de755525d8e99c82ef3286b461b925aaa83,2957,false,Yes,low_confidence_company_news,low,Yes,weak_company_specific_context,1,1,New_news/SPRITZER/SPRITZER_news.csv,773d67a6f9c6dae5777b3e0a0ad1ed087c722bea6cb6a23296e9c18ef3f12c48,"New_news_SPRITZER_SPRITZER_news_csv:{""row_number"": 6}:79e6cd08392f",02_extracted_text/news_clean/NEWS_SPRITZER_2025_11_14_13ba2ae89f.txt,source=Filter news real article text; synthetic_flag=false; registry_selection_flag=broad_include_flag
NEWS_SPRITZER_2025_10_01_77c6d3d985,news,SPRITZER,SPRITZER,2025-10-01,The Star,Retail growth to remain resilient with subsidies,https://www.thestar.com.my/business/business-news/2025/10/01/retail-growth-to-remain-resilient-with-subsidies,e6b5c456d16b819f25afc46f883aa4d5030665c324a2a61908c854f48dba2299,2141,false,Yes,low_confidence_company_news,low,Yes,sponsor_list_or_csr_only,1,0,New_news/SPRITZER/SPRITZER_news.csv,773d67a6f9c6dae5777b3e0a0ad1ed087c722bea6cb6a23296e9c18ef3f12c48,"New_news_SPRITZER_SPRITZER_news_csv:{""row_number"": 10}:483a4049fc4e",02_extracted_text/news_clean/NEWS_SPRITZER_2025_10_01_77c6d3d985.txt,source=Filter news real article text; synthetic_flag=false; registry_selection_flag=broad_include_flag
NEWS_SPRITZER_2025_09_11_1b0940a58d,news,SPRITZER,SPRITZER,2025-09-11,The Star,Switch to value stocks holds investor potential,https://www.thestar.com.my/business/business-news/2025/09/11/switch-to-value-stocks-holds-investor-potential,f56fbbbfcafce773725d672bcef0b9b118001de16a2238ccee69ca8056c9e9f4,3320,false,Yes,low_confidence_company_news,low,Yes,sponsor_list_or_csr_only,1,1,New_news/SPRITZER/SPRITZER_news.csv,773d67a6f9c6dae5777b3e0a0ad1ed087c722bea6cb6a23296e9c18ef3f12c48,"New_news_SPRITZER_SPRITZER_news_csv:{""row_number"": 12}:cca6cc02ce2c",02_extracted_text/news_clean/NEWS_SPRITZER_2025_09_11_1b0940a58d.txt,source=Filter news real article text; synthetic_flag=false; registry_selection_flag=broad_include_flag
NEWS_SPRITZER_2025_08_29_069113b9dc,news,SPRITZER,SPRITZER,2025-08-29,The Star,Strong 2Q25 performance positions Spritzer for gains,https://www.thestar.com.my/business/business-news/2025/08/29/strong-2q25-performance-positions-spritzer-for-gains,f65cc35473919dfe2ade9d6f7451a6ccbf0ba591bc02524808edf2447af738bf,3333,false,Yes,high_confidence_company_news,high,No,,1,0,New_news/SPRITZER/SPRITZER_news.csv,773d67a6f9c6dae5777b3e0a0ad1ed087c722bea6cb6a23296e9c18ef3f12c48,"New_news_SPRITZER_SPRITZER_news_csv:{""row_number"": 13}:c45240dfd424",02_extracted_text/news_clean/NEWS_SPRITZER_2025_08_29_069113b9dc.txt,source=Filter news real article text; synthetic_flag=false; registry_selection_flag=broad_include_flag
NEWS_SPRITZER_2025_06_19_a751838def,news,SPRITZER,SPRITZER,2025-06-19,The Star,Consumer staples favourable amid expanded SST,https://www.thestar.com.my/business/business-news/2025/06/19/consumer-staples-favourable-amid-expanded-sst,50b3ec4f7ea63d9c62896ef207b1bea4b2d9d971e02d2d42b92edfe4a0475e46,2696,false,Yes,low_confidence_company_news,low,Yes,weak_company_specific_context,1,1,New_news/SPRITZER/SPRITZER_news.csv,773d67a6f9c6dae5777b3e0a0ad1ed087c722bea6cb6a23296e9c18ef3f12c48,"New_news_SPRITZER_SPRITZER_news_csv:{""row_number"": 14}:2786b15d9b80",02_extracted_text/news_clean/NEWS_SPRITZER_2025_06_19_a751838def.txt,source=Filter news real article text; synthetic_flag=false; registry_selection_flag=broad_include_flag
NEWS_SPRITZER_2025_06_19_2524a9463e,news,SPRITZER,SPRITZER,2025-06-19,The Star,SupportLine,https://www.thestar.com.my/business/business-news/2025/06/19/supportline,79c195a100d39793f2c566665d32945da2a27a478d2ae2b7faf8ee2522fa6789,1785,false,Yes,low_confidence_company_news,low,Yes,weak_company_specific_context,0,0,New_news/SPRITZER/SPRITZER_news.csv,773d67a6f9c6dae5777b3e0a0ad1ed087c722bea6cb6a23296e9c18ef3f12c48,"New_news_SPRITZER_SPRITZER_news_csv:{""row_number"": 15}:fde08e6270d2",02_extracted_text/news_clean/NEWS_SPRITZER_2025_06_19_2524a9463e.txt,source=Filter news real article text; synthetic_flag=false; registry_selection_flag=broad_include_flag
NEWS_SPRITZER_2025_04_16_1dd4fe73e3,news,SPRITZER,SPRITZER,2025-04-16,The Star,Life Water targets high-capacity expansion,https://www.thestar.com.my/business/business-news/2025/04/16/life-water-targets-high-capacity-expansion,c0c495d529610be0b2666d2278781669833b7e2a47a9faf66eb736de3a878237,2616,false,Yes,low_confidence_company_news,low,Yes,weak_company_specific_context,1,0,New_news/SPRITZER/SPRITZER_news.csv,773d67a6f9c6dae5777b3e0a0ad1ed087c722bea6cb6a23296e9c18ef3f12c48,"New_news_SPRITZER_SPRITZER_news_csv:{""row_number"": 17}:86641b053c4b",02_extracted_text/news_clean/NEWS_SPRITZER_2025_04_16_1dd4fe73e3.txt,source=Filter news real article text; synthetic_flag=false; registry_selection_flag=broad_include_flag
NEWS_SPRITZER_2025_03_19_8da837678a,news,SPRITZER,SPRITZER,2025-03-19,The Star,Consumer sector poised to capitalise on tourism windfall,https://www.thestar.com.my/business/business-news/2025/03/19/consumer-sector-poised-to-capitalise-on-tourism-windfall,7aef7794d1eff301484e7316dd274fb96bfe11f62786315ba896f0ecbcab1491,2109,false,Yes,low_confidence_company_news,low,Yes,weak_company_specific_context,1,0,New_news/SPRITZER/SPRITZER_news.csv,773d67a6f9c6dae5777b3e0a0ad1ed087c722bea6cb6a23296e9c18ef3f12c48,"New_news_SPRITZER_SPRITZER_news_csv:{""row_number"": 18}:4b072a65216d",02_extracted_text/news_clean/NEWS_SPRITZER_2025_03_19_8da837678a.txt,source=Filter news real article text; synthetic_flag=false; registry_selection_flag=broad_include_flag
NEWS_SPRITZER_2025_02_19_6e3a70e56b,news,SPRITZER,SPRITZER,2025-02-19,The Star,Rising tourism brightens consumer sector outlook,https://www.thestar.com.my/business/business-news/2025/02/19/rising-tourism-brightens-consumer-sector-outlook,359f6fc71ad0f3f5db9268e73ef063f93dbb7f3e69ed6704848beff8ca8854ed,2632,false,Yes,low_confidence_company_news,low,Yes,weak_company_specific_context,1,0,New_news/SPRITZER/SPRITZER_news.csv,773d67a6f9c6dae5777b3e0a0ad1ed087c722bea6cb6a23296e9c18ef3f12c48,"New_news_SPRITZER_SPRITZER_news_csv:{""row_number"": 19}:d0609279d3a7",02_extracted_text/news_clean/NEWS_SPRITZER_2025_02_19_6e3a70e56b.txt,source=Filter news real article text; synthetic_flag=false; registry_selection_flag=broad_include_flag
NEWS_SPRITZER_2024_12_04_989e7aaf2a,news,SPRITZER,SPRITZER,2024-12-04,The Star,Higher production capacity to buoy Spritzer showing,https://www.thestar.com.my/business/business-news/2024/12/04/higher-production-capacity-to-buoy-spritzer-showing,27c0a6dff716891f61935543bea9b634a993fc8edeb429c64369f86a55da3e81,2228,false,Yes,high_confidence_company_news,high,No,,1,0,New_news/SPRITZER/SPRITZER_news.csv,773d67a6f9c6dae5777b3e0a0ad1ed087c722bea6cb6a23296e9c18ef3f12c48,"New_news_SPRITZER_SPRITZER_news_csv:{""row_number"": 21}:15458a9b6868",02_extracted_text/news_clean/NEWS_SPRITZER_2024_12_04_989e7aaf2a.txt,source=Filter news real article text; synthetic_flag=false; registry_selection_flag=broad_include_flag
NEWS_SPRITZER_2024_11_14_d25845d8ea,news,SPRITZER,SPRITZER,2024-11-14,The Star,Spritzer’s sparkling potential undervalued by market,https://www.thestar.com.my/business/business-news/2024/11/14/spritzers-sparkling-potential-undervalued-by-market,cc41c4a0a169eb56fea1b6fafa4aae91292a30a85bf7435053411a07e7d6542f,2654,false,Yes,high_confidence_company_news,high,No,,1,0,New_news/SPRITZER/SPRITZER_news.csv,773d67a6f9c6dae5777b3e0a0ad1ed087c722bea6cb6a23296e9c18ef3f12c48,"New_news_SPRITZER_SPRITZER_news_csv:{""row_number"": 23}:78953be27bad",02_extracted_text/news_clean/NEWS_SPRITZER_2024_11_14_d25845d8ea.txt,source=Filter news real article text; synthetic_flag=false; registry_selection_flag=broad_include_flag
