document_id,ticker,company_name,report_year,dimension_code,raw_score,evidence_locator,evidence_exists,evidence_text_short,evidence_semantic_status,evidence_issue_type,score_evidence_alignment,needs_review,recommended_action
MDA_2658_AJI_2020,AJI,Ajinomoto,2020,AR02,3,[MDA_P001],true,"MANAGEMENT DISCUSSION & ANALYSIS Our Business History & Milestone Ajinomoto (Malaysia) Berhad (“the CompanyȄǼȱ ȱȱę¢Ȭȱ¢ȱȱȱŗşŜŗȱ ȱȱȱȱȱȱȱ monosodium glutamate (“MSG”) under the brand, AJI-NO-MOTO®, which was imported from its ",invalid,missing_financial_content,misaligned,true,rerun_dimension_only
MDA_2658_AJI_2022,AJI,Ajinomoto,2022,AR02,3,[MDA_P032],true,"store in low temperature. MS1500:2009 1092-02/2004 PROD DATE EXP DATE LOT NO. : : : Manufactured by: AJINOMOTO (MALAYSIA) BERHAD (4295-W) Lot 5710, Jalan Kuchai Lama, Petaling, 58200 Kuala Lumpur, Malaysia. Tel: +603-7980 6958 Fax: +603-7980 6817 URL: http://www.ajinomoto.com.my ",invalid,missing_financial_content,misaligned,true,rerun_dimension_only
MDA_2828_CIHLDG_2021,CIHLDG,CIHB,2021,AR02,4,[MDA_P001],true,Management Discussion And Analysis ANNUAL REPORT 2021 C.I. HOLDINGS BERHAD 197801000889 (37918-A),invalid,missing_financial_content,misaligned,true,rerun_dimension_only
MDA_2828_CIHLDG_2023,CIHLDG,CIHB,2023,AR02,4,[MDA_P002],true,ANNUAL REPORT 2023 C.I.,invalid,missing_financial_content,misaligned,true,rerun_dimension_only
MDA_3026_DLADY_2024,DLADY,DL,2024,AR01,4,[MDA_P001],true,"A HISTORIC MILESTONE & MASSIVE TRANSITION TOWARDS RESPONSIBLE GROWTH 2024 was history in the making for Dutch Lady Milk Industries Berhad. One notable milestone was bidding farewell to our iconic DLMI@PJ manufacturing facility, established in 1966 to produce our first product, sw",weak,too_generic,partial,true,manual_review
MDA_3255_HEIM_2020,HEIM,Heineken,2020,AR03,2,[MDA_P003],true,"We are the leading brewer in the country, with a portfolio of iconic international and local brands that are supported by consumers who share the same Passion for Quality that is a key HEINEKEN value. In 2020, we had to respond to the drastic changes in the external environment c",weak,missing_causal_explanation,partial,true,manual_review
MDA_3662_MFLOUR_2020,MFLOUR,MFM,2020,AR02,3,[MDA_P001],true,MANAGEMENT DISCUSSION AND ANALYSIS,invalid,missing_financial_content,misaligned,true,rerun_dimension_only
MDA_3662_MFLOUR_2021,MFLOUR,MFM,2021,AR02,3,[MDA_P001],true,MANAGEMENT DISCUSSION AND ANALYSIS,invalid,missing_financial_content,misaligned,true,rerun_dimension_only
MDA_3662_MFLOUR_2023,MFLOUR,MFM,2023,AR02,3,[MDA_P001],true,MANAGEMENT DISCUSSION AND ANALYSIS,invalid,missing_financial_content,misaligned,true,rerun_dimension_only
MDA_3689_FN_2020,FN,FNHB,2020,AR02,4,[MDA_P001],true,"BUSINESS REVIEW: Food and Beverages Malaysia Managing Director, Domestic Commercial Operations (Peninsular Malaysia) Bryan Lee Chee Kong Director, Domestic Commercial Operations (East Malaysia & Brunei) Bart Lim Siang Chin",invalid,missing_financial_content,misaligned,true,rerun_dimension_only
MDA_3689_FN_2021,FN,FNHB,2021,AR02,3,[MDA_P002],true,"Market Review FY2021 has been signiﬁcantly more challenging than FY2020 for our Malaysian, Thai and Export operations for three main reasons: Covid-19, the increase in price of commodities, as well as that of freight charges. In both Malaysia and Thailand, after a period during w",invalid,missing_financial_content,misaligned,true,rerun_dimension_only
MDA_4065_PPB_2024,PPB,PPB,2024,AR03,2,[MDA_P016],true,"Revenue 5,386 5,721 (5.9) Profit before taxation 1,333 1,488 (10.4) Profit after taxation 1,242 1,421 (12.6) Profit attributable to owners of the parent 1,219 1,394 (12.6)",weak,missing_causal_explanation,partial,true,manual_review
MDA_5008_HARISON_2022,HARISON,Harrisons Holdings (Malaysia) Berhad - 2020,2022,AR02,3,[MDA_P001],true,MANAGEMENT DISCUSSION AND ANALYSIS,invalid,missing_financial_content,misaligned,true,rerun_dimension_only
MDA_5157_SG_2021,SG,Saudee Group Berhad,2021,AR02,3,[MDA_P001],true,MANAGEMENT DISCUSSION & ANALYSIS SAUDEE GROUP BERHAD 200801036832 (838172-P),invalid,missing_financial_content,misaligned,true,rerun_dimension_only
MDA_5157_SG_2022,SG,Saudee Group Berhad,2022,AR03,4,[MDA_P001],true,MANAGEMENT DISCUSSION & ANALYSIS Introduction The summary of the results of SAUDEE and its subsidiaries (“Group”) for the past two (2) financial years ended 31 July 2021 (“FYE 2021”) to FYE 2022 as summarised below:- FYE 2022 FYE 2021 01.08.2021 to 31.07.2022 01.08.2020 to 31.07.,weak,missing_causal_explanation,partial,true,manual_review
MDA_5157_SG_2023,SG,Saudee Group Berhad,2023,AR03,4,[MDA_P001],true,MANAGEMENT DISCUSSION & ANALYSIS Introduction The summary of the results of SAUDEE and its subsidiaries (“Group”) for the past two (2) financial years ended 31 July 2022 (“FYE 2022”) to FYE 2023 summarised below:- FYE 2023 FYE 2022 01.08.2022 to 31.07.2023 01.08.2021 to 31.07.202,weak,missing_causal_explanation,partial,true,manual_review
MDA_5157_SG_2024,SG,Saudee Group Berhad,2024,AR02,3,[MDA_P001],true,MANAGEMENT DISCUSSION & ANALYSIS,invalid,missing_financial_content,misaligned,true,rerun_dimension_only
MDA_5187_HBGLOB_2021,HBGLOB,HB Global Limited,2021,AR01,2,[MDA_P001],true,HB GLOBAL LIMITED I Annual Report 2021 MANAGEMENT DISCUSSION AND ANALYSIS Dear Valued Shareholders On behalf of the Board of Directors ´the Boardµ of HB Global Limited ´HBGLµ the Audited Financial Statements of the Company and its subsidiaries ´the Groupµ for the financial year e,invalid,non_mda_noise,misaligned,true,check_text_cleaning
MDA_5187_HBGLOB_2021,HBGLOB,HB Global Limited,2021,AR05,2,[MDA_P001],true,HB GLOBAL LIMITED I Annual Report 2021 MANAGEMENT DISCUSSION AND ANALYSIS Dear Valued Shareholders On behalf of the Board of Directors ´the Boardµ of HB Global Limited ´HBGLµ the Audited Financial Statements of the Company and its subsidiaries ´the Groupµ for the financial year e,invalid,non_mda_noise,misaligned,true,check_text_cleaning
MDA_5202_MSM_2021,MSM,MSM,2021,AR03,2,[MDA_P003],true,"Key Financial Performance Indicators MSM uses several key financial indicators to measure its financial performance. These key financial indicators are: Revenue, Profit Before Tax (PBT), Return on Capital Employed (ROCE), Net Debt and Financing to EBITDA, and Cash Balance Positio",weak,missing_causal_explanation,partial,true,manual_review
MDA_5202_MSM_2022,MSM,MSM,2022,AR03,2,[MDA_P001],true,"Business Review NY11 RAW SUGAR PRICE PROCUREMENT OF RAW SUGAR 1,008,959 tonnes 968,646 tonnes 1,092,869 tonnes NY11 RAW SUGAR PRICE",weak,missing_causal_explanation,partial,true,manual_review
MDA_5306_FFB_2022,FFB,FarmFresh,2022,AR02,3,[MDA_P001],true,MANAGEMENT DISCUSSION AND ANALYSIS OUR VALUE CREATING BUSINESS MODEL,invalid,missing_financial_content,misaligned,true,rerun_dimension_only
MDA_5533_OCB_2020,OCB,OCB Berhad,2020,AR02,3,[MDA_P001],true,MANAGEMENT DISCUSSION AND ANALYSIS,invalid,missing_financial_content,misaligned,true,rerun_dimension_only
MDA_5533_OCB_2021,OCB,OCB Berhad,2021,AR02,3,[MDA_P001],true,Management Discussion and Analysis,invalid,missing_financial_content,misaligned,true,rerun_dimension_only
MDA_5533_OCB_2021,OCB,OCB Berhad,2021,AR03,2,[MDA_P002],true,Registration No. 195901000114 (3465-H) REVIEW OF THE OPERATING ACTIVITIES (cont’d) Consumer Foods Division (cont’d) Spices & Seasonings Specialities Sdn. Bhd. received the FSSC 22000 certification in August 2021. With this certification which is a program under the Global Food Sa,weak,missing_causal_explanation,partial,true,manual_review
MDA_5533_OCB_2022,OCB,OCB Berhad,2022,AR01,5,[MDA_P001],true,Management Discussion and Analysis The Board of Directors of OCB Berhad (“OCB” or “the Company”) (“Board”) and the Management are pleased to present material non-financial information on OCB and its group of companies (“OCB Group” or “the Group”) to complement the detailed inform,invalid,non_mda_noise,misaligned,true,check_text_cleaning
MDA_5533_OCB_2022,OCB,OCB Berhad,2022,AR02,3,[MDA_P001],true,Management Discussion and Analysis The Board of Directors of OCB Berhad (“OCB” or “the Company”) (“Board”) and the Management are pleased to present material non-financial information on OCB and its group of companies (“OCB Group” or “the Group”) to complement the detailed inform,invalid,non_mda_noise,misaligned,true,check_text_cleaning
MDA_5533_OCB_2022,OCB,OCB Berhad,2022,AR05,4,[MDA_P001],true,Management Discussion and Analysis The Board of Directors of OCB Berhad (“OCB” or “the Company”) (“Board”) and the Management are pleased to present material non-financial information on OCB and its group of companies (“OCB Group” or “the Group”) to complement the detailed inform,invalid,non_mda_noise,misaligned,true,check_text_cleaning
MDA_5533_OCB_2023,OCB,OCB Berhad,2023,AR01,4,[MDA_P001],true,MANAGEMENT DISCUSSION AND ANALYSIS The Board of Directors of OCB Berhad (“OCB” or “the Company”) and the Management are pleased to present material non-financial information on OCB and its group of companies (“OCB Group” or “the Group”) to complement the detailed information in t,invalid,non_mda_noise,misaligned,true,check_text_cleaning
MDA_5533_OCB_2023,OCB,OCB Berhad,2023,AR02,3,[MDA_P001],true,MANAGEMENT DISCUSSION AND ANALYSIS The Board of Directors of OCB Berhad (“OCB” or “the Company”) and the Management are pleased to present material non-financial information on OCB and its group of companies (“OCB Group” or “the Group”) to complement the detailed information in t,invalid,non_mda_noise,misaligned,true,check_text_cleaning
MDA_5533_OCB_2023,OCB,OCB Berhad,2023,AR05,4,[MDA_P001],true,MANAGEMENT DISCUSSION AND ANALYSIS The Board of Directors of OCB Berhad (“OCB” or “the Company”) and the Management are pleased to present material non-financial information on OCB and its group of companies (“OCB Group” or “the Group”) to complement the detailed information in t,invalid,non_mda_noise,misaligned,true,check_text_cleaning
MDA_5533_OCB_2024,OCB,OCB Berhad,2024,AR02,3,[MDA_P001],true,MANAGEMENT DISCUSSION AND ANALYSIS,invalid,missing_financial_content,misaligned,true,rerun_dimension_only
MDA_6203_KHEESAN_2024,KHEESAN,Khee San Berhad,2024,AR02,3,[MDA_P001],true,MANAGEMENT DISCUSSION AND ANALYSIS ANNUAL REPORT 2024,invalid,missing_financial_content,misaligned,true,rerun_dimension_only
MDA_7035_CCK_2022,CCK,CCK,2022,AR03,5,[MDA_P001],true,MANAGEMENT DISCUSSION & ANALYSIS Revenue RM885.7 million Profit After Tax RM63.1 million Profit Before Tax RM81.4 million Total Assets RM505.3 million Total Liabilities RM143.1 million Earnings Per Share 10.12 sen Current Ratio 2.3 times,weak,missing_causal_explanation,partial,true,manual_review
MDA_7035_CCK_2023,CCK,CCK,2023,AR03,2,[MDA_P001],true,MANAGEMENT DISCUSSION & ANALYSIS Profit Before Tax RM107.44 million Total Liabilities RM144.69 million Revenue RM980.75 million Total Assets RM576.25 million Profit After Tax RM83.36 million Current Ratio 2.68 times Earnings Per Share 13.35 sen,weak,missing_causal_explanation,partial,true,manual_review
MDA_7035_CCK_2024,CCK,CCK,2024,AR03,2,[MDA_P001],true,"MANAGEMENT DISCUSSION AND ANALYSIS Profit Before Tax RM 112.03 million Current Ratio 3.91 times Earnings Per Share 11.51 sen Revenue RM 1,057.65 million Profit After Tax RM 71.58 million Total Assets RM 767.96 million Total Liabilities RM 155.11 million",weak,missing_causal_explanation,partial,true,manual_review
MDA_7103_SPRITZER_2020,SPRITZER,SPRITZER,2020,AR02,3,[MDA_P002],true,"For Financial Year Ended December 31, 2020",invalid,missing_financial_content,misaligned,true,rerun_dimension_only
MDA_7103_SPRITZER_2022,SPRITZER,SPRITZER,2022,AR02,3,[MDA_P001],true,"Management Discussion and Analysis For Financial Year Ended December 31, 2022",invalid,missing_financial_content,misaligned,true,rerun_dimension_only
MDA_7103_SPRITZER_2024,SPRITZER,SPRITZER,2024,AR04,5,[MDA_P001],true,"Management Discussion and Analysis BUSINESS AND OPERATIONS OVERVIEW The Malaysian economy grew by 5.0% in the fourth quarter of 2024. This performance was supported by strong expansion in investment activities, growth in export of goods and services and sustained household spendi",weak,missing_risk_or_outlook,partial,true,manual_review
MDA_7167_ABLEGLOB_2020,ABLEGLOB,JOHOTIN,2020,AR03,2,[MDA_P007],true,"For the FYE 2020, the Group achieved revenue of RM502.26 million as compared to RM579.79 million in the previous financial year, a decreased of RM77.53 million. Profit before tax decreased by RM7.30 million to RM53.22 million as compared to RM60.52 million in the previous financi",weak,missing_causal_explanation,partial,true,manual_review
MDA_7167_ABLEGLOB_2021,ABLEGLOB,JOHOTIN,2021,AR03,2,[MDA_P007],true,"For FYE 2021, the Group achieved revenue of RM499.86 million as compared to RM502.26 million in the previous financial year, a decreased of RM2.4 million. Profit before tax decreased by RM1.79 million to RM51.43 million as compared to RM53.22 million in the previous financial yea",weak,missing_causal_explanation,partial,true,manual_review
MDA_7167_ABLEGLOB_2022,ABLEGLOB,JOHOTIN,2022,AR03,2,[MDA_P006],true,"For FYE 2022, the Group achieved revenue of RM549.82 million as compared to RM499.86 million in the previous financial year, an increase of RM49.96 million. Profit before tax decreased by RM8.63 million to RM42.80 million as compared to RM51.43 million in the previous financial y",weak,missing_causal_explanation,partial,true,manual_review
MDA_7167_ABLEGLOB_2023,ABLEGLOB,JOHOTIN,2023,AR03,2,[MDA_P007],true,"For FYE 2023, the Group achieved revenue of RM648.09 million as compared to RM549.82 million in the previous financial year, an increase of RM98.27 million. Profit before tax increased by RM26.39 million to RM69.19 million as compared to RM42.80 million in the previous financial ",weak,missing_causal_explanation,partial,true,manual_review
MDA_7237_PWROOT_2020,PWROOT,Power Root,2020,AR02,3,[MDA_P001],true,MANAGEMENT DISCUSSION AND ANALYSIS,invalid,missing_financial_content,misaligned,true,rerun_dimension_only
MDA_7237_PWROOT_2022,PWROOT,Power Root,2022,AR02,3,[MDA_P001],true,MANAGEMENT DISCUSSION AND ANALYSIS Power Root Berhad Registration Number: 200601013517 (733268-U),invalid,missing_financial_content,misaligned,true,rerun_dimension_only
MDA_7237_PWROOT_2023,PWROOT,Power Root,2023,AR02,3,[MDA_P001],true,MANAGEMENT DISCUSSION AND ANALYSIS cont’d,invalid,missing_financial_content,misaligned,true,rerun_dimension_only
MDA_7243_MAGMA_2020,MAGMA,Impiana Hotels Bhd,2020,AR03,2,[MDA_P002],true,The Company had changed its financial year end from 31 December to 30 June during the current financial period ended 30 June 2020 (“FPE 2020”). The change in the current financial period was made to facilitate more time for our External Auditors to assess the Purchase Price Alloc,weak,missing_causal_explanation,partial,true,manual_review
MDA_7243_MAGMA_2021,MAGMA,Impiana Hotels Bhd,2021,AR03,2,[MDA_P003],true,"The summary of the Statement of Comprehensive Income is as follows: (RM ‘000) FYE 2021 FPE 2020 (18 Months) Variance FYE 2021 vs. FPE 2020 Revenue 19,499 33,818 (42%) Gross Profit (“GP”) 6,193 17,256 (64%) Gross Profit Margin (“GPM”) 31.8 51.0% Administrative Expenses (6,723) (18",weak,missing_causal_explanation,partial,true,manual_review
MDA_7243_MAGMA_2022,MAGMA,Impiana Hotels Bhd,2022,AR03,2,[MDA_P003],true,"The summary of the Statement of Comprehensive Income is as follows: (RM ‘000) FPE 2022 (18 Months) FYE 2021 Variance FPE 2022 vs. FYE 2021 Revenue 26,725 19,499 37.1% Gross Profit (“GP”) 15,153 6,193 >100.0% Gross Profit Margin (“GPM”) 56.7% 31.8% Administrative Expenses (13,051)",weak,missing_causal_explanation,partial,true,manual_review
MDA_8478_HWATAI_2020,HWATAI,Hwa Tai,2020,AR02,3,[MDA_P001],true,STATEMENT OF MANAGEMENT DISCUSSION & ANALYSIS (Continued),invalid,missing_financial_content,misaligned,true,rerun_dimension_only
MDA_9946_ETA_2020,ETA,Annual Report 2020,2020,AR03,2,[MDA_P003],true,"FY 2019 FY 2020 (All in RM’000) Revenue 136,608 149,245 Loss before tax (14,317) (8,396) The Board is committed to continue with prudent measures to improve the Group’s financial performance and deliver satisfactory results taking cognizance of the prevailing business environment",weak,missing_causal_explanation,partial,true,manual_review
MDA_9946_ETA_2021,ETA,Annual Report 2020,2021,AR03,2,[MDA_P005],true,Operating Ratio After tax return on shareholders’ fund (%) 2.28 (11.99) (11.70) (9.29) 2.04 Pre-tax profit/(loss) margin (%) 1.74 (11.58) (10.48) (5.63) 2.44,weak,missing_causal_explanation,partial,true,manual_review
MDA_9946_ETA_2023,ETA,Annual Report 2020,2023,AR03,2,[MDA_P008],true,"RM'000 RM'000 RM'000 RM'000 RM'000 Statement of Profit and Loss Revenue 136,609 149,245 160,539 161,111 162,408 Interest expense 1,905 2,050 1,531 1,171 1,617",weak,missing_causal_explanation,partial,true,manual_review
